Date,Time,Latitude,Longitude,Pitch (degrees),Roll (degrees),Heading (degrees Magnetic),Heave,Temperature in electronics box (degrees C),"Acceleration x, forward (G)","Acceleration y, starboard (G)","Acceleration z, down (G)",Yaw rate [degrees/s],Control Mode,Thrust (% Thrust),Thrust difference (% Thrust),Date (MMDDYY),Time (HHMMSS),Temperature (C),Specific Conductance (uS/cm),Salinity (PPT),Pressure (psia),Depth (m),ODO (%Sat),ODO (mg/L),Turbidity (FNU),Wiper Position (V),Image ret
20250609,173859,25.912777,-80.13774,-0.9,-0.3,172.7,0.0,51.9,-0.02,0.0,-1.0,3.25,[b'Station Ke'],-0.9,-12.6,60925.0,173859.0,30.862,44060.91,28.26,14.76,10.208,35.1,2.24,0.0,0.0,1
20250609,173900,25.912777,-80.13774,-1.2,-0.4,0.0,0.0,51.9,-0.02,0.0,-1.01,2.67,[b'Standby'],0.0,0.0,60925.0,173900.0,31.13,44185.66,28.34,0.0,0.0,94.8,6.03,0.0,0.0,1
20250609,173901,25.912777,-80.13774,-1.1,-0.4,0.0,0.0,51.9,-0.02,0.01,-1.01,2.51,[b'Standby'],0.0,0.0,60925.0,173901.0,31.13,45063.95,28.98,2.95,2.038,94.63,6.0,0.0,0.0,1
20250609,173902,25.912777,-80.13774,-1.2,-0.6,0.0,0.0,51.9,-0.01,0.11,-1.0,7.37,[b'Waypoint'],-0.3,66.0,60925.0,173902.0,31.13,45052.93,28.97,13.27,9.175,94.55,5.99,0.0,0.0,1
20250609,173903,25.912777,-80.13774,-1.0,-0.7,340.7,0.0,51.9,0.03,0.2,-0.78,19.47,[b'Waypoint'],-5.2,75.2,60925.0,173903.0,31.13,45011.52,28.94,14.74,10.193,94.52,5.98,0.0,0.0,1
20250609,173904,25.912777,-80.13774,-0.8,-0.6,340.8,0.0,51.9,0.27,-0.55,-1.23,24.57,[b'Waypoint'],-5.2,75.2,60925.0,173904.0,31.13,44985.65,28.92,14.75,10.198,94.49,5.98,0.0,0.0,1
20250609,173905,25.912777,-80.13775,-0.2,-1.1,341.2,0.0,51.9,0.09,-0.08,-0.85,23.78,[b'Waypoint'],-5.2,75.2,60925.0,173906.0,31.13,41061.55,26.12,14.75,10.239,94.47,5.98,0.0,0.0,1
20250609,173906,25.912779,-80.13775,-0.5,-0.3,341.3,0.0,51.9,-0.09,0.2,-1.01,21.56,[b'Waypoint'],-6.3,62.6,60925.0,173907.0,31.129,44610.37,28.65,14.75,10.204,94.49,6.02,0.0,0.0,1
20250609,173908,25.91278,-80.13775,-1.4,0.2,341.6,0.0,51.9,-0.02,-0.07,-0.89,11.1,[b'Waypoint'],-2.4,33.7,60925.0,173908.0,31.129,44822.48,28.8,14.75,10.198,94.5,5.99,0.0,0.0,1
20250609,173909,25.912783,-80.13775,-0.8,-0.0,341.8,0.0,51.9,0.01,0.04,-1.0,8.87,[b'Waypoint'],6.0,20.7,60925.0,173909.0,31.129,44981.56,28.91,14.75,10.199,94.55,6.0,0.0,0.0,1
20250609,173910,25.912785,-80.13776,-0.9,-0.1,341.9,0.0,51.9,-0.0,0.02,-0.99,7.21,[b'Waypoint'],11.9,13.4,60925.0,173910.0,31.129,44926.43,28.87,14.75,10.198,94.62,5.99,0.0,0.0,1
20250609,173911,25.912788,-80.13776,-1.3,0.0,342.0,0.0,51.9,-0.02,-0.01,-1.01,5.45,[b'Waypoint'],11.6,11.6,60925.0,173911.0,31.129,44979.07,28.91,14.75,10.199,94.67,6.0,0.0,0.0,1
20250609,173912,25.91279,-80.13776,-1.0,-0.4,342.2,0.0,51.9,-0.01,0.0,-1.01,4.16,[b'Waypoint'],17.0,10.1,60925.0,173912.0,31.128,44907.02,28.86,14.75,10.199,94.72,6.0,0.0,0.0,1
20250609,173913,25.912794,-80.13776,-0.9,-0.3,342.2,0.0,51.9,-0.01,0.04,-1.01,2.2,[b'Waypoint'],19.0,13.2,60925.0,173913.0,31.128,44897.31,28.85,14.75,10.2,94.77,6.0,0.0,0.0,1
20250609,173914,25.9128,-80.137764,-1.0,-0.1,344.6,0.0,51.9,-0.0,-0.02,-1.01,3.01,[b'Waypoint'],19.0,10.0,60925.0,173915.0,31.128,44866.05,28.83,14.75,10.201,94.84,6.01,0.0,0.0,1
20250609,173915,25.912806,-80.137764,-0.9,-0.0,343.3,0.0,51.9,-0.02,0.02,-1.01,3.51,[b'Waypoint'],22.0,1.6,60925.0,173916.0,31.127,44830.18,28.81,14.75,10.202,94.88,6.01,0.0,0.0,1
20250609,173917,25.912817,-80.13777,-1.1,0.0,338.5,0.0,51.9,0.02,0.04,-0.98,0.29,[b'Waypoint'],23.0,0.8,60925.0,173917.0,31.127,44824.11,28.8,14.75,10.202,94.94,6.02,0.0,0.0,1
20250609,173918,25.912825,-80.13777,-0.9,-0.3,341.0,0.0,51.9,-0.01,0.05,-0.98,0.17,[b'Waypoint'],24.0,5.3,60925.0,173918.0,31.127,44808.69,28.79,14.75,10.203,94.99,6.02,0.0,0.0,1
20250609,173919,25.912832,-80.13778,-1.2,0.0,344.0,0.0,51.9,-0.02,0.04,-0.99,0.78,[b'Waypoint'],23.0,9.2,60925.0,173919.0,31.126,44782.23,28.77,14.75,10.203,95.01,6.02,0.0,0.0,1
20250609,173920,25.912838,-80.13778,-1.0,0.0,343.0,0.0,51.9,-0.03,-0.01,-1.0,-0.79,[b'Waypoint'],24.0,9.1,60925.0,173920.0,31.125,44743.98,28.74,14.75,10.203,94.98,6.02,0.0,0.0,1
20250609,173921,25.912846,-80.13778,-1.0,-0.2,335.9,0.0,51.9,0.0,-0.01,-1.0,-0.79,[b'Waypoint'],21.0,-1.3,60925.0,173922.0,31.122,44710.98,28.72,14.75,10.204,90.47,5.74,0.0,0.0,1
20250609,173922,25.912853,-80.13779,-1.2,-0.2,337.0,0.0,51.9,-0.04,-0.02,-1.0,-1.46,[b'Waypoint'],22.0,3.5,60925.0,173923.0,31.117,44692.55,28.71,14.75,10.204,87.74,5.56,0.0,0.0,1
20250609,173924,25.912867,-80.137794,-1.1,-0.0,334.1,0.0,51.9,-0.02,0.04,-0.97,-0.29,[b'Waypoint'],21.0,-7.6,60925.0,173924.0,31.108,44643.9,28.67,14.76,10.205,83.15,5.27,0.0,0.0,1
20250609,173925,25.912874,-80.137794,-1.1,0.0,332.7,0.0,51.9,-0.05,0.06,-0.99,-1.27,[b'Waypoint'],21.0,-4.3,60925.0,173925.0,31.1,44589.76,28.63,14.76,10.205,81.07,5.14,0.0,0.0,1
20250609,173926,25.912882,-80.1378,-1.0,-0.0,334.6,0.0,51.9,-0.08,0.07,-0.96,-0.62,[b'Waypoint'],22.0,-3.7,60925.0,173926.0,31.087,44475.54,28.55,14.76,10.206,73.58,4.67,0.0,0.0,1
20250609,173927,25.91289,-80.1378,-1.1,-0.1,333.9,0.0,51.9,-0.06,-0.04,-1.0,-1.05,[b'Waypoint'],22.0,-3.3,60925.0,173927.0,31.078,44405.29,28.5,14.76,10.206,70.2,4.46,0.0,0.0,1
20250609,173928,25.912895,-80.13781,-1.0,-0.0,338.5,0.0,51.9,-0.04,0.08,-0.98,-0.15,[b'Waypoint'],24.0,4.0,60925.0,173928.0,31.064,44328.18,28.45,14.76,10.207,65.72,4.18,0.0,0.0,1
20250609,173929,25.912903,-80.13781,-1.1,-0.0,340.1,0.0,51.9,-0.11,0.06,-0.99,0.09,[b'Waypoint'],23.0,6.5,60925.0,173930.0,31.055,44251.88,28.39,14.76,10.208,64.67,4.11,0.0,0.0,1
20250609,173930,25.91291,-80.13781,-1.1,-0.1,342.8,0.0,51.9,-0.01,0.01,-1.03,1.18,[b'Waypoint'],22.0,6.9,60925.0,173931.0,31.042,44157.87,28.33,14.76,10.208,62.72,3.99,0.0,0.0,1
20250609,173931,25.912918,-80.13782,-1.2,0.1,329.6,0.0,51.9,-0.06,-0.01,-1.0,-1.15,[b'Waypoint'],20.0,-12.0,60925.0,173932.0,31.032,44011.83,28.22,14.76,10.209,58.04,3.69,0.0,0.0,1
20250609,173932,25.912924,-80.13782,-1.1,-0.1,326.3,0.0,51.9,0.05,0.0,-0.99,0.01,[b'Waypoint'],25.0,-0.8,60925.0,173933.0,31.021,43930.32,28.16,14.76,10.21,55.97,3.56,0.0,0.0,1
20250609,173934,25.91294,-80.137825,-1.1,0.0,340.6,0.0,51.9,-0.05,-0.02,-1.04,-0.88,[b'Waypoint'],22.8,10.4,60925.0,173934.0,31.012,43856.82,28.11,14.76,10.21,54.38,3.46,0.0,0.0,1
20250609,173935,25.912947,-80.13783,-1.1,-0.2,339.3,0.0,51.9,-0.07,0.08,-1.0,0.37,[b'Waypoint'],22.0,7.9,60925.0,173935.0,31.008,43751.84,28.04,14.76,10.211,53.68,3.42,0.0,0.0,1
20250609,173936,25.912954,-80.13783,-1.0,0.0,332.1,0.0,51.9,-0.01,-0.06,-1.03,-0.84,[b'Waypoint'],23.0,-4.2,60925.0,173936.0,31.007,43668.5,27.98,14.76,10.211,52.94,3.38,0.0,0.0,1
20250609,173937,25.912962,-80.13784,-1.1,-0.0,336.7,0.0,51.9,-0.04,-0.04,-1.02,-0.54,[b'Waypoint'],23.0,9.6,60925.0,173937.0,31.008,43657.02,27.97,14.76,10.211,52.27,3.33,0.0,0.0,1
20250609,173938,0.0,0.0,-0.9,-0.1,335.0,0.0,51.9,0.03,0.03,-0.99,1.22,[b'Waypoint'],24.0,-1.2,60925.0,173939.0,31.011,43615.29,27.94,14.76,10.211,51.85,3.31,0.0,0.0,1
20250609,173939,25.912975,-80.13785,-1.2,0.0,334.3,0.0,51.9,-0.02,0.02,-1.02,-0.39,[b'Waypoint'],24.0,2.1,60925.0,173940.0,31.015,43634.25,27.95,14.76,10.211,51.31,3.27,0.0,0.0,1
20250609,173940,25.912983,-80.137856,-1.1,-0.0,341.4,0.0,51.9,-0.01,0.01,-0.98,0.7,[b'Waypoint'],25.6,-2.8,60925.0,173941.0,31.02,43607.71,27.93,14.76,10.212,50.97,3.25,0.0,0.0,1
20250609,173941,25.912989,-80.137856,-1.1,0.1,331.0,0.0,51.9,-0.02,0.02,-1.01,-0.96,[b'Waypoint'],23.0,-0.5,60925.0,173942.0,31.027,43597.88,27.92,14.76,10.212,50.52,3.22,0.0,0.0,1
20250609,173943,25.913004,-80.13786,-1.0,-0.1,332.4,0.0,51.9,-0.02,-0.04,-1.02,-0.55,[b'Waypoint'],24.0,0.9,60925.0,173943.0,31.032,43587.97,27.92,14.76,10.212,50.24,3.2,0.0,0.0,1
20250609,173944,25.91301,-80.13787,-1.1,-0.1,338.5,0.0,51.9,-0.02,-0.04,-0.98,1.02,[b'Waypoint'],22.0,10.8,60925.0,173944.0,31.039,43592.29,27.92,14.76,10.213,49.87,3.18,0.0,0.0,1
20250609,173945,25.913017,-80.13787,-1.0,-0.1,338.0,0.0,51.9,0.01,-0.01,-1.01,0.96,[b'Waypoint'],22.0,7.9,60925.0,173945.0,31.045,43660.95,27.97,14.76,10.213,49.64,3.16,0.0,0.0,1
20250609,173946,25.913025,-80.13788,-1.1,-0.0,336.3,0.0,51.9,-0.09,0.03,-0.99,0.94,[b'Waypoint'],24.0,2.8,60925.0,173947.0,31.051,43649.38,27.96,14.76,10.213,49.33,3.14,0.0,0.0,1
20250609,173947,25.913033,-80.13788,-1.2,0.0,331.1,0.0,51.9,-0.04,0.0,-1.01,-0.43,[b'Waypoint'],23.0,-3.0,60925.0,173948.0,31.057,43638.44,27.95,14.76,10.213,49.13,3.13,0.0,0.0,1
20250609,173948,25.913038,-80.137886,-1.2,0.0,323.4,0.0,51.9,-0.11,0.07,-0.95,-1.22,[b'Waypoint'],21.5,-11.4,60925.0,173949.0,31.061,43689.9,27.99,14.76,10.213,48.52,3.09,0.0,0.0,1
20250609,173949,25.913046,-80.137886,-1.0,-0.2,339.5,0.0,51.9,-0.01,0.02,-1.01,0.8,[b'Waypoint'],23.7,2.8,60925.0,173950.0,31.067,43620.01,27.94,14.76,10.213,47.98,3.06,0.0,0.0,1
20250609,173950,25.913052,-80.13789,-1.1,-0.1,340.1,0.0,51.9,0.13,-0.02,-1.05,0.34,[b'Waypoint'],21.0,10.1,60925.0,173951.0,31.073,43594.24,27.92,14.76,10.214,47.61,3.03,0.0,0.0,1
20250609,173952,25.913067,-80.1379,-1.0,-0.2,328.4,0.0,51.9,-0.07,0.02,-1.0,-0.96,[b'Waypoint'],21.0,-8.1,60925.0,173952.0,31.078,43548.23,27.89,14.76,10.214,47.15,3.01,0.0,0.0,1
20250609,173952,25.913067,-80.1379,-1.0,-0.2,328.4,0.0,51.9,-0.07,0.02,-1.0,-0.96,[b'Waypoint'],21.0,-8.1,60925.0,173953.0,31.084,43531.49,27.88,14.76,10.214,46.87,2.99,0.0,0.0,1
20250609,173954,25.91308,-80.13791,-1.1,-0.2,332.0,0.0,51.9,-0.05,-0.01,-1.01,-0.14,[b'Waypoint'],23.0,-4.2,60925.0,173954.0,31.09,43486.45,27.84,14.76,10.214,46.56,2.97,0.0,0.0,1
20250609,173955,25.913088,-80.13791,-1.1,-0.3,329.6,0.0,51.9,-0.02,0.12,-0.95,0.16,[b'Waypoint'],22.0,-9.0,60925.0,173956.0,31.095,43478.91,27.84,14.76,10.215,46.32,2.95,0.0,0.0,1
20250609,173956,25.913095,-80.13792,-1.3,-0.3,330.8,0.0,51.9,0.07,-0.02,-0.96,0.72,[b'Waypoint'],22.0,-11.1,60925.0,173957.0,31.102,43488.08,27.84,14.76,10.214,46.07,2.94,0.0,0.0,1
20250609,173957,25.913103,-80.13792,-1.2,-0.3,335.6,0.0,51.9,-0.03,0.01,-1.0,-0.22,[b'Station Ke'],1.3,1.3,60925.0,173958.0,31.108,43514.65,27.86,14.76,10.215,45.88,2.92,0.0,0.0,1
20250609,173959,25.913109,-80.137924,-1.6,-0.2,335.6,0.0,51.9,-0.03,0.01,-1.0,0.21,[b'Station Ke'],-0.0,0.0,60925.0,173959.0,31.114,43534.17,27.88,14.76,10.215,45.68,2.91,0.0,0.0,1
20250609,173959,25.913115,-80.137924,-1.0,-0.2,0.0,0.0,51.9,-0.06,0.01,-0.98,0.85,[b'Waypoint'],-0.5,45.3,60925.0,174000.0,31.119,43585.07,27.91,14.76,10.214,45.52,2.9,0.0,0.0,1
20250609,174001,25.91312,-80.137924,-1.6,-0.1,335.9,0.0,51.9,-0.04,-0.0,-1.01,2.47,[b'Station Ke'],0.0,0.0,60925.0,174001.0,31.124,43663.86,27.97,14.76,10.214,45.35,2.89,0.0,0.0,1
20250609,174002,25.91313,-80.13793,-1.2,0.1,261.6,0.0,51.9,-0.0,0.01,-0.94,-6.64,[b'Waypoint'],-0.9,-70.9,60925.0,174002.0,31.128,43689.11,27.99,14.76,10.213,45.22,2.88,0.0,0.0,1
20250609,174003,25.913134,-80.13793,-1.1,0.9,257.5,0.0,51.9,-0.09,-0.14,-0.96,-18.97,[b'Waypoint'],-6.5,-60.6,60925.0,174004.0,31.131,43779.25,28.05,14.76,10.213,45.08,2.87,0.0,0.0,1
20250609,174004,25.913136,-80.13794,-1.5,0.7,254.6,0.0,51.9,-0.01,0.05,-1.02,-17.35,[b'Waypoint'],-1.5,-21.0,60925.0,174005.0,31.134,43823.27,28.08,14.76,10.213,44.96,2.86,0.0,0.0,1
20250609,174005,25.913136,-80.13794,-1.2,0.5,252.0,0.0,52.0,-0.01,-0.01,-1.03,-12.06,[b'Waypoint'],1.7,-21.7,60925.0,174006.0,31.137,43952.11,28.18,14.76,10.212,44.83,2.85,0.0,0.0,1
20250609,174006,25.913137,-80.13795,-0.9,0.3,250.0,0.0,52.0,0.03,0.0,-1.03,-10.1,[b'Waypoint'],7.7,-12.0,60925.0,174007.0,31.139,43979.6,28.19,14.76,10.212,44.73,2.84,0.0,0.0,1
20250609,174007,25.913137,-80.13795,-1.1,0.4,248.2,0.0,52.0,-0.07,0.06,-1.0,-7.62,[b'Waypoint'],11.0,-11.0,60925.0,174008.0,31.141,44055.48,28.25,14.76,10.211,44.6,2.83,0.0,0.0,1
20250609,174008,25.913137,-80.13795,-1.0,0.2,246.7,0.0,52.0,-0.08,0.04,-0.97,-4.42,[b'Waypoint'],13.9,-15.7,60925.0,174009.0,31.142,44082.94,28.27,14.76,10.211,44.52,2.83,0.0,0.0,1
20250609,174009,25.913137,-80.137955,-0.7,1.0,244.7,0.0,52.0,-0.04,-0.02,-1.01,-4.83,[b'Waypoint'],16.0,-13.3,60925.0,174010.0,31.143,44123.88,28.3,14.76,10.21,44.4,2.82,0.0,0.0,1
20250609,174011,25.913136,-80.13796,-1.3,0.1,240.2,0.0,52.0,-0.04,-0.01,-1.03,-4.53,[b'Waypoint'],19.0,-2.9,60925.0,174011.0,31.144,44149.6,28.32,14.76,10.21,44.33,2.82,0.0,0.0,1
20250609,174012,25.913134,-80.13797,-1.0,0.3,227.9,0.0,52.0,-0.04,-0.0,-0.97,-3.89,[b'Waypoint'],18.9,-18.9,60925.0,174013.0,31.146,44148.99,28.32,14.76,10.21,44.23,2.81,0.0,0.0,1
20250609,174013,25.913132,-80.13797,-0.8,0.4,232.1,0.0,52.0,-0.01,0.04,-0.94,-6.03,[b'Waypoint'],7.4,-7.4,60925.0,174014.0,31.147,44134.67,28.31,14.76,10.21,44.17,2.81,0.0,0.0,1
20250609,174014,25.91313,-80.13798,-0.8,0.5,228.7,0.0,52.0,-0.08,-0.04,-0.96,-6.94,[b'Waypoint'],4.8,-4.8,60925.0,174015.0,31.148,44124.8,28.3,14.76,10.21,44.08,2.8,0.0,0.0,1
20250609,174015,25.913126,-80.137985,-1.2,0.7,233.6,0.0,52.0,-0.04,-0.02,-1.03,-1.68,[b'Waypoint'],25.3,3.7,60925.0,174016.0,31.149,44128.51,28.3,14.76,10.21,43.98,2.79,0.0,0.0,1
20250609,174017,25.913122,-80.137985,-1.4,-0.0,232.1,0.0,52.0,-0.02,-0.01,-1.03,-1.6,[b'Station Ke'],0.9,0.9,60925.0,174017.0,31.149,44143.3,28.31,14.76,10.21,43.91,2.79,0.0,0.0,1
20250609,174017,25.913118,-80.13799,-1.0,0.5,160.6,0.0,52.0,-0.01,-0.01,-1.01,-1.32,[b'Waypoint'],-1.3,11.2,60925.0,174018.0,31.149,44144.13,28.31,14.76,10.21,43.81,2.78,0.0,0.0,1
20250609,174018,25.913116,-80.13799,-0.9,0.3,159.2,0.0,52.0,-0.0,-0.03,-0.95,3.98,[b'Waypoint'],-1.1,6.8,60925.0,174019.0,31.149,44140.07,28.31,14.76,10.21,43.74,2.78,0.0,0.0,1
20250609,174020,25.913113,-80.138,-1.0,-0.0,156.7,0.0,52.0,-0.02,-0.01,-1.07,-1.87,[b'Waypoint'],-0.9,-70.9,60925.0,174020.0,31.148,44139.78,28.31,14.76,10.21,43.62,2.77,0.0,0.0,1
20250609,174021,25.913109,-80.13801,-0.8,0.7,155.8,0.0,52.0,-0.02,-0.06,-1.08,-15.72,[b'Waypoint'],-5.2,-75.2,60925.0,174022.0,31.147,44120.9,28.3,14.76,10.209,43.53,2.77,0.0,0.0,1
20250609,174023,25.913107,-80.13801,-0.9,0.5,154.5,0.0,52.0,0.04,-0.18,-0.93,-17.68,[b'Waypoint'],-8.4,-38.4,60925.0,174023.0,31.147,44110.56,28.29,14.76,10.21,43.41,2.76,0.0,0.0,1
20250609,174023,25.913103,-80.13801,-1.0,0.3,153.7,0.0,52.1,-0.08,0.08,-0.93,-12.85,[b'Waypoint'],-0.3,-19.8,60925.0,174024.0,31.145,44308.24,28.43,14.76,10.209,43.28,2.75,0.0,0.0,1
20250609,174024,25.913101,-80.13801,-1.2,0.2,153.1,0.0,52.1,-0.01,-0.01,-1.03,-9.85,[b'Waypoint'],6.6,-12.5,60925.0,174025.0,31.143,44145.55,28.31,14.76,10.209,43.13,2.74,0.0,0.0,1
20250609,174025,25.9131,-80.13801,-1.0,0.2,152.7,0.0,52.1,0.02,-0.02,-1.01,-7.7,[b'Waypoint'],12.0,-9.6,60925.0,174026.0,31.141,44165.06,28.33,14.76,10.209,43.0,2.73,0.0,0.0,1
20250609,174026,25.913095,-80.13801,-0.8,0.2,152.3,0.0,52.1,0.0,-0.03,-0.98,-5.49,[b'Waypoint'],15.0,-5.7,60925.0,174027.0,31.139,44192.59,28.35,14.76,10.209,42.85,2.72,0.0,0.0,1
20250609,174028,25.913094,-80.13801,-0.7,0.1,152.0,0.0,52.0,-0.04,0.06,-0.99,-4.53,[b'Waypoint'],18.0,-3.9,60925.0,174028.0,31.137,44188.58,28.34,14.76,10.209,42.73,2.71,0.0,0.0,1
20250609,174030,25.913086,-80.138,-1.4,0.1,145.5,0.0,52.1,-0.04,0.05,-1.02,-3.63,[b'Waypoint'],19.0,-5.1,60925.0,174030.0,31.134,44184.82,28.34,14.76,10.209,42.59,2.71,0.0,0.0,1
20250609,174031,25.913082,-80.138,-1.4,0.0,142.8,0.0,52.1,0.0,0.02,-1.05,-3.36,[b'Waypoint'],24.2,-3.8,60925.0,174031.0,31.132,44185.41,28.34,14.76,10.208,42.48,2.7,0.0,0.0,1
20250609,174032,25.913078,-80.13799,-1.4,-0.0,153.7,0.0,52.1,0.02,0.03,-1.02,-0.07,[b'Waypoint'],23.0,6.1,60925.0,174032.0,31.129,44176.32,28.34,14.76,10.209,42.33,2.69,0.0,0.0,1
20250609,174033,25.913074,-80.13799,-1.0,0.0,151.2,0.0,52.1,-0.01,-0.03,-1.03,-0.99,[b'Waypoint'],24.0,0.8,60925.0,174033.0,31.126,44166.0,28.33,14.76,10.208,42.23,2.68,0.0,0.0,1
20250609,174034,25.913069,-80.137985,-0.7,0.0,151.3,0.0,52.1,-0.04,-0.03,-1.02,-0.5,[b'Waypoint'],23.0,1.2,60925.0,174034.0,31.12,44166.36,28.33,14.76,10.208,42.07,2.67,0.0,0.0,1
20250609,174035,25.913065,-80.137985,-1.1,0.0,147.9,0.0,52.1,-0.02,0.0,-0.99,-0.51,[b'Waypoint'],24.0,-4.6,60925.0,174035.0,31.116,44151.04,28.32,14.76,10.209,41.96,2.67,0.0,0.0,1
20250609,174036,25.91306,-80.13798,-1.2,-0.0,158.0,0.0,52.1,-0.03,0.01,-1.01,0.39,[b'Waypoint'],19.0,13.4,60925.0,174036.0,31.111,44138.98,28.31,14.76,10.208,41.8,2.66,0.0,0.0,1
20250609,174037,25.913054,-80.13798,-0.9,0.1,149.3,0.0,52.1,-0.04,-0.05,-1.04,-0.2,[b'Waypoint'],24.5,-3.6,60925.0,174037.0,31.106,44133.19,28.31,14.76,10.208,41.7,2.65,0.0,0.0,1
20250609,174038,25.913048,-80.13797,-0.8,-0.0,148.9,0.0,52.1,-0.05,-0.05,-1.03,0.4,[b'Waypoint'],22.6,-3.8,60925.0,174039.0,31.098,44117.93,28.3,14.76,10.208,41.57,2.64,0.0,0.0,1
20250609,174040,25.913034,-80.13796,-1.0,0.0,145.7,0.0,52.1,-0.05,-0.05,-1.05,-0.51,[b'Waypoint'],23.0,-9.6,60925.0,174040.0,31.092,44089.53,28.27,14.76,10.208,41.47,2.64,0.0,0.0,1
20250609,174041,25.913029,-80.137955,-0.9,-0.1,150.0,0.0,52.1,0.02,-0.11,-1.01,0.07,[b'Waypoint'],24.0,-2.7,60925.0,174041.0,31.082,44036.6,28.24,14.76,10.209,41.34,2.63,0.0,0.0,1
20250609,174042,25.913023,-80.137955,-0.9,-0.2,150.8,0.0,52.1,-0.02,-0.01,-1.01,0.25,[b'Waypoint'],23.0,0.3,60925.0,174042.0,31.072,44011.84,28.22,14.76,10.209,41.25,2.62,0.0,0.0,1
20250609,174043,25.913017,-80.13795,-0.7,-0.1,149.6,0.0,52.1,-0.03,0.04,-1.01,0.26,[b'Waypoint'],24.0,-2.3,60925.0,174043.0,31.065,43945.29,28.17,14.76,10.209,41.14,2.62,0.0,0.0,1
20250609,174044,25.913012,-80.13794,-0.6,0.0,149.5,0.0,52.1,0.02,0.04,-0.98,-0.71,[b'Waypoint'],24.0,-3.0,60925.0,174044.0,31.054,43895.64,28.14,14.76,10.209,41.05,2.61,0.0,0.0,1
20250609,174045,25.913006,-80.13794,-0.4,-0.0,147.9,0.0,52.1,-0.03,0.01,-0.96,-0.62,[b'Waypoint'],24.0,-2.0,60925.0,174045.0,31.046,43879.47,28.13,14.76,10.209,40.95,2.61,0.0,0.0,1
20250609,174046,25.913,-80.13793,-0.7,-0.1,151.4,0.0,52.1,-0.03,0.01,-1.0,0.42,[b'Waypoint'],23.4,1.7,60925.0,174046.0,31.033,43826.52,28.09,14.76,10.21,40.88,2.6,0.0,0.0,1
20250609,174047,25.912994,-80.137924,-1.1,-0.2,154.1,0.0,52.1,0.02,0.02,-0.99,0.55,[b'Waypoint'],22.0,7.0,60925.0,174048.0,31.023,43781.5,28.06,14.76,10.21,40.8,2.6,0.0,0.0,1
20250609,174049,25.912981,-80.13792,-0.8,0.0,148.5,0.0,52.1,-0.01,-0.03,-1.03,-0.49,[b'Waypoint'],24.0,-0.1,60925.0,174049.0,31.008,43766.68,28.05,14.76,10.21,40.73,2.6,0.0,0.0,1
20250609,174050,25.912975,-80.13791,-1.3,0.0,148.3,0.0,52.1,-0.03,0.0,-1.0,-0.15,[b'Station Ke'],-0.1,-1.2,60925.0,174051.0,30.984,43764.1,28.05,14.76,10.21,40.62,2.59,0.0,0.0,1
20250609,174052,25.912966,-80.1379,-1.2,-0.1,147.5,0.0,52.1,-0.03,0.0,-1.02,-2.09,[b'Station Ke'],0.0,0.0,60925.0,174052.0,30.976,43782.5,28.06,14.76,10.21,40.58,2.59,0.0,0.0,1
20250609,174053,25.912962,-80.1379,-0.9,-0.2,0.0,0.0,52.1,-0.02,-0.0,-1.0,-0.99,[b'Waypoint'],0.0,0.0,60925.0,174053.0,30.966,43824.54,28.09,14.76,10.21,40.54,2.59,0.0,0.0,1
20250609,174054,25.912958,-80.13789,-0.7,-0.0,120.3,0.0,52.1,-0.01,-0.02,-0.94,-0.97,[b'Waypoint'],9.9,-41.5,60925.0,174054.0,30.959,43876.72,28.13,14.76,10.21,40.52,2.58,0.0,0.0,1
20250609,174055,25.912956,-80.13789,0.0,-0.0,118.6,0.0,52.1,0.09,-0.05,-0.95,-5.51,[b'Waypoint'],11.5,-18.9,60925.0,174056.0,30.95,43893.57,28.14,14.76,10.21,40.51,2.58,0.0,0.0,1
20250609,174056,25.912956,-80.13789,-1.1,0.1,116.9,0.0,52.1,0.02,0.02,-1.02,-4.94,[b'Waypoint'],13.9,-15.3,60925.0,174057.0,30.944,43951.8,28.18,14.76,10.209,40.51,2.58,0.0,0.0,1
20250609,174057,25.912949,-80.137886,-1.1,0.0,115.5,0.0,52.1,-0.08,-0.02,-1.0,-4.34,[b'Waypoint'],15.0,-14.5,60925.0,174058.0,30.938,43970.12,28.19,14.76,10.209,40.54,2.59,0.0,0.0,1
20250609,174059,25.912943,-80.13787,-1.2,0.1,111.8,0.0,52.1,-0.02,0.11,-0.99,-4.21,[b'Waypoint'],18.0,-11.3,60925.0,174059.0,30.934,43993.27,28.21,14.76,10.209,40.58,2.59,0.0,0.0,1
20250609,174100,25.912941,-80.13786,-0.8,0.1,110.0,0.0,52.1,0.09,-0.04,-1.04,-4.08,[b'Waypoint'],19.0,-11.2,60925.0,174100.0,30.934,44044.16,28.25,14.76,10.209,40.65,2.59,0.0,0.0,1
20250609,174101,25.91294,-80.137856,-0.7,0.1,118.6,0.0,52.1,0.09,-0.12,-1.02,-3.68,[b'Station Ke'],4.8,4.8,60925.0,174101.0,30.935,44024.06,28.23,14.76,10.209,40.75,2.6,0.0,0.0,1
20250609,174102,25.912937,-80.137856,-1.2,-0.2,0.0,0.0,52.1,-0.03,0.01,-0.99,-0.23,[b'Waypoint'],5.0,-5.0,60925.0,174102.0,30.937,44036.03,28.24,14.76,10.209,40.86,2.61,0.0,0.0,1
20250609,174103,25.912935,-80.13785,-1.5,-0.1,114.9,0.0,52.1,-0.04,-0.0,-1.02,-0.83,[b'Station Ke'],-0.4,-5.6,60925.0,174104.0,30.941,44050.07,28.25,14.76,10.209,41.03,2.62,0.0,0.0,1
20250609,174104,25.912933,-80.13784,-1.3,-0.0,0.0,0.0,52.1,-0.03,-0.0,-1.03,-0.91,[b'Waypoint'],-0.8,-11.0,60925.0,174105.0,30.944,44058.18,28.26,14.76,10.209,41.21,2.63,0.0,0.0,1
20250609,174105,25.912933,-80.13783,-1.0,-0.1,166.4,0.0,52.1,-0.01,-0.02,-0.99,-0.89,[b'Waypoint'],0.0,0.0,60925.0,174106.0,30.95,44050.4,28.25,14.76,10.209,41.45,2.64,0.0,0.0,1
20250609,174107,25.912931,-80.137825,-1.2,-0.3,168.6,0.0,52.1,0.09,-0.02,-1.04,3.87,[b'Waypoint'],-4.3,74.3,60925.0,174107.0,30.955,44054.27,28.25,14.76,10.209,41.65,2.65,0.0,0.0,1
20250609,174108,25.91293,-80.137825,-1.4,-1.0,169.7,0.0,52.1,0.08,0.03,-1.05,14.66,[b'Waypoint'],-8.0,47.1,60925.0,174108.0,30.962,44066.5,28.26,14.76,10.209,41.96,2.67,0.0,0.0,1
20250609,174109,25.912928,-80.13782,-1.3,-0.6,170.4,0.0,52.1,-0.01,0.01,-0.99,10.29,[b'Waypoint'],5.4,14.8,60925.0,174109.0,30.97,44093.1,28.28,14.76,10.208,42.2,2.69,0.0,0.0,1
20250609,174110,25.912924,-80.13782,-1.2,-0.4,170.8,0.0,52.1,-0.02,-0.0,-1.01,8.33,[b'Waypoint'],9.8,12.8,60925.0,174110.0,30.977,44103.83,28.29,14.76,10.208,42.54,2.71,0.0,0.0,1
20250609,174111,25.912922,-80.13782,-1.0,-0.3,171.2,0.0,52.1,-0.01,0.0,-1.0,5.45,[b'Waypoint'],14.0,9.8,60925.0,174111.0,30.983,44126.65,28.3,14.76,10.208,42.78,2.72,0.0,0.0,1
20250609,174112,25.91292,-80.13782,-0.6,-0.4,171.5,0.0,52.1,0.0,-0.0,-1.0,3.5,[b'Waypoint'],17.0,8.4,60925.0,174113.0,30.992,44137.55,28.31,14.76,10.208,43.12,2.75,0.0,0.0,1
20250609,174113,25.912916,-80.13782,-0.8,-0.4,171.8,0.0,52.1,-0.02,-0.01,-0.98,3.25,[b'Waypoint'],19.0,7.4,60925.0,174114.0,30.998,44155.35,28.33,14.76,10.208,43.37,2.76,0.0,0.0,1
20250609,174114,25.912914,-80.13781,-1.1,-0.4,176.1,0.0,52.1,-0.02,0.02,-1.02,3.44,[b'Waypoint'],18.0,10.0,60925.0,174115.0,31.003,44208.09,28.36,14.76,10.207,43.67,2.78,0.0,0.0,1
20250609,174115,25.912909,-80.13781,-0.9,-0.4,174.4,0.0,52.1,-0.04,0.04,-1.02,3.41,[b'Waypoint'],21.0,5.8,60925.0,174116.0,31.009,44227.79,28.38,14.76,10.207,43.93,2.8,0.0,0.0,1
20250609,174117,25.912899,-80.13781,-0.7,-0.4,174.3,0.0,52.1,-0.01,0.05,-0.98,0.53,[b'Waypoint'],23.2,1.5,60925.0,174117.0,31.012,44226.38,28.38,14.76,10.207,44.19,2.81,0.0,0.0,1
20250609,174118,25.912893,-80.13781,-1.0,-0.3,167.9,0.0,52.1,0.01,-0.06,-0.98,0.29,[b'Waypoint'],22.0,-5.0,60925.0,174118.0,31.016,44220.86,28.37,14.76,10.207,44.46,2.83,0.0,0.0,1
20250609,174119,25.912888,-80.1378,-1.2,-0.5,169.4,0.0,52.1,-0.06,0.01,-1.0,1.33,[b'Waypoint'],22.0,-9.8,60925.0,174119.0,31.018,44211.56,28.36,14.76,10.207,44.62,2.84,0.0,0.0,1
20250609,174120,25.912882,-80.1378,-1.2,-0.3,167.7,0.0,52.1,-0.03,0.05,-1.01,-0.55,[b'Waypoint'],21.0,-3.0,60925.0,174121.0,31.02,44182.57,28.34,14.76,10.207,44.83,2.85,0.0,0.0,1
20250609,174121,25.912876,-80.1378,-0.7,-0.2,167.1,0.0,52.1,0.07,-0.08,-1.05,-0.04,[b'Waypoint'],25.7,1.3,60925.0,174122.0,31.021,44172.08,28.34,14.76,10.207,44.96,2.86,0.0,0.0,1
20250609,174122,25.912868,-80.1378,-0.8,-0.3,170.5,0.0,52.1,-0.04,0.0,-1.01,0.09,[b'Waypoint'],23.0,2.9,60925.0,174123.0,31.022,44157.33,28.33,14.76,10.207,45.12,2.87,0.0,0.0,1
20250609,174123,25.912863,-80.1378,-0.8,-0.3,169.7,0.0,52.1,0.02,-0.02,-1.03,-1.03,[b'Waypoint'],23.0,-0.3,60925.0,174124.0,31.022,44139.8,28.31,14.76,10.207,45.26,2.88,0.0,0.0,1
20250609,174125,25.91285,-80.137794,-0.8,-0.4,171.5,0.0,52.1,-0.0,-0.13,-1.05,-0.31,[b'Waypoint'],24.0,3.3,60925.0,174125.0,31.019,44126.95,28.3,14.76,10.207,45.41,2.89,0.0,0.0,1
20250609,174126,25.912844,-80.137794,-0.9,-0.3,169.2,0.0,52.1,0.01,0.03,-1.0,-0.37,[b'Waypoint'],23.0,-3.9,60925.0,174126.0,31.015,44108.27,28.29,14.75,10.207,45.57,2.9,0.0,0.0,1
20250609,174127,25.912838,-80.137794,-0.9,0.0,170.9,0.0,52.1,-0.0,0.04,-1.0,0.63,[b'Waypoint'],24.0,-1.9,60925.0,174127.0,31.01,44087.42,28.28,14.75,10.207,45.68,2.91,0.0,0.0,1
20250609,174128,25.91283,-80.13779,-0.9,-0.3,172.4,0.0,52.1,-0.03,0.04,-1.01,-0.29,[b'Waypoint'],24.0,7.1,60925.0,174129.0,31.003,44068.67,28.26,14.76,10.207,45.83,2.92,0.0,0.0,1
20250609,174129,25.912823,-80.13779,-0.7,-0.5,170.4,0.0,52.1,0.02,0.04,-0.99,1.12,[b'Waypoint'],25.1,2.7,60925.0,174130.0,30.995,44056.72,28.25,14.76,10.207,45.94,2.93,0.0,0.0,1
20250609,174130,25.912817,-80.13779,-0.6,-0.0,165.8,0.0,52.1,-0.02,0.03,-0.95,-1.49,[b'Waypoint'],24.1,-4.7,60925.0,174131.0,30.986,44044.59,28.25,14.76,10.207,46.08,2.94,0.0,0.0,1
20250609,174131,25.91281,-80.13779,-1.0,0.1,161.9,0.0,52.1,-0.04,0.01,-1.02,-0.22,[b'Waypoint'],19.0,-13.2,60925.0,174132.0,30.979,44034.37,28.24,14.76,10.208,46.25,2.95,0.0,0.0,1
20250609,174132,25.912804,-80.13778,-0.9,-0.0,166.3,0.0,52.1,-0.01,0.0,-1.03,-0.1,[b'Waypoint'],22.0,0.3,60925.0,174133.0,30.969,44047.74,28.25,14.76,10.208,46.48,2.96,0.0,0.0,1
20250609,174134,25.91279,-80.13778,-0.3,-0.3,174.1,0.0,52.1,-0.01,0.04,-0.95,-0.18,[b'Waypoint'],26.8,-4.5,60925.0,174134.0,30.959,44052.16,28.25,14.76,10.207,46.82,2.98,0.0,0.0,1
20250609,174135,25.912783,-80.13777,-0.5,-0.2,165.2,0.0,52.1,-0.02,0.02,-0.96,-1.02,[b'Waypoint'],21.0,-12.7,60925.0,174135.0,30.949,44054.89,28.25,14.75,10.207,50.59,3.22,0.0,0.0,1
20250609,174136,25.912777,-80.13777,-0.8,-0.3,172.3,0.0,52.1,-0.03,0.01,-0.98,0.39,[b'Station Ke'],1.6,1.6,60925.0,174137.0,30.938,44036.91,28.24,14.76,10.207,53.04,3.38,0.0,0.0,1
20250609,174138,25.912771,-80.13777,-1.3,-0.6,172.3,0.0,52.1,-0.03,0.01,-1.0,0.4,[b'Station Ke'],-0.0,-0.6,60925.0,174138.0,30.93,44054.65,28.25,14.75,10.207,55.16,3.52,0.0,0.0,1
20250609,174138,25.912766,-80.13777,-1.7,-0.5,0.0,0.0,52.1,0.01,0.01,-1.03,0.6,[b'Waypoint'],-0.8,-11.0,60925.0,174139.0,30.924,44083.97,28.28,14.75,10.207,56.86,3.62,0.0,0.0,1
20250609,174139,25.912762,-80.13777,-1.4,-0.4,232.2,0.0,52.1,-0.04,0.01,-1.02,-2.19,[b'Waypoint'],0.0,0.0,60925.0,174140.0,30.92,44135.72,28.31,14.75,10.206,61.77,3.94,0.0,0.0,1
20250609,174140,25.91276,-80.13777,-1.3,-0.0,235.1,0.0,52.1,-0.04,0.01,-1.02,-2.19,[b'Waypoint'],-0.2,55.8,60925.0,174141.0,30.918,44203.83,28.36,14.75,10.206,64.71,4.12,0.0,0.0,1
20250609,174141,25.912756,-80.137764,-1.0,-0.4,237.1,0.0,52.1,-0.06,0.13,-0.95,8.45,[b'Waypoint'],-5.2,75.2,60925.0,174142.0,30.917,44246.96,28.39,14.75,10.205,66.74,4.25,0.0,0.0,1
20250609,174143,25.91275,-80.13777,-1.1,-0.8,239.3,0.0,52.1,-0.03,-0.01,-1.01,13.22,[b'Waypoint'],-1.1,15.9,60925.0,174143.0,30.917,44314.51,28.44,14.75,10.205,68.03,4.33,0.0,0.0,1
20250609,174144,25.912748,-80.13777,-1.4,-0.5,240.2,0.0,52.1,-0.03,0.02,-1.03,8.79,[b'Waypoint'],8.9,10.8,60925.0,174144.0,30.917,44368.98,28.48,14.75,10.205,69.1,4.4,0.0,0.0,1
20250609,174145,25.912748,-80.13777,-1.6,-1.2,240.5,0.0,52.1,-0.02,-0.01,-1.05,8.16,[b'Waypoint'],15.0,-0.8,60925.0,174146.0,30.918,44446.83,28.54,14.75,10.204,70.23,4.47,0.0,0.0,1
20250609,174146,25.912746,-80.13778,-0.6,-0.5,240.4,0.0,52.1,-0.04,0.04,-0.98,3.29,[b'Waypoint'],18.0,9.4,60925.0,174147.0,30.918,44488.29,28.57,14.75,10.204,71.04,4.52,0.0,0.0,1
20250609,174147,25.912745,-80.13778,-0.8,-0.2,231.6,0.0,52.1,0.03,0.0,-1.01,2.83,[b'Waypoint'],24.0,-11.2,60925.0,174148.0,30.918,44534.89,28.6,14.75,10.204,74.97,4.77,0.0,0.0,1
20250609,174148,25.912743,-80.13779,-0.9,0.1,239.5,0.0,52.1,0.0,-0.11,-1.03,0.2,[b'Waypoint'],23.7,-6.7,60925.0,174149.0,30.92,44536.68,28.6,14.75,10.204,75.77,4.82,0.0,0.0,1
20250609,174149,25.91274,-80.13779,-0.8,0.8,236.6,0.0,52.1,-0.04,-0.08,-1.04,1.22,[b'Waypoint'],23.0,4.2,60925.0,174150.0,30.922,44604.73,28.65,14.75,10.203,76.82,4.89,0.0,0.0,1
20250609,174150,25.912737,-80.137794,-1.0,0.4,236.7,0.0,52.1,-0.0,-0.04,-1.05,2.41,[b'Waypoint'],26.5,2.4,60925.0,174151.0,30.923,44606.94,28.65,14.75,10.204,77.48,4.93,0.0,0.0,1
20250609,174152,25.912731,-80.1378,-0.8,-0.3,238.2,0.0,52.1,0.08,-0.09,-1.02,-0.48,[b'Waypoint'],24.0,-2.1,60925.0,174152.0,30.923,44598.22,28.65,14.75,10.204,77.82,4.95,0.0,0.0,1
20250609,174153,25.912727,-80.13781,-0.6,0.7,236.8,0.0,52.1,-0.01,-0.02,-1.02,-0.91,[b'Waypoint'],24.0,6.3,60925.0,174154.0,30.921,44298.54,28.43,14.76,10.205,78.17,4.97,0.0,0.0,1
20250609,174154,25.912724,-80.13782,-0.8,-1.1,237.3,0.0,52.1,-0.0,0.03,-1.02,0.14,[b'Station Ke'],12.3,12.3,60925.0,174155.0,30.919,44194.2,28.36,14.76,10.209,78.38,5.09,0.0,0.0,1
20250609,174156,25.912718,-80.137825,-0.8,-2.3,237.3,0.0,52.1,-0.01,0.03,-0.95,0.56,[b'Station Ke'],-0.0,0.5,60925.0,174156.0,30.915,43682.0,27.99,14.76,10.217,78.54,5.0,0.0,0.0,1
20250609,174156,25.912716,-80.13783,-1.2,-0.4,0.0,0.0,52.1,-0.04,0.03,-1.04,-1.74,[b'Waypoint'],-0.4,48.1,60925.0,174157.0,30.911,44663.99,28.69,14.76,10.205,78.6,5.0,0.0,0.0,1
20250609,174158,25.912712,-80.13783,-1.0,0.2,235.6,0.0,52.1,-0.03,0.16,-1.02,4.95,[b'Station Ke'],-0.6,30.7,60925.0,174158.0,30.905,44806.04,28.79,14.76,10.204,78.64,5.0,0.0,0.0,1
20250609,174158,25.91271,-80.13784,-1.0,1.1,160.1,0.0,52.1,-0.03,0.03,-1.01,5.32,[b'Waypoint'],-1.2,15.8,60925.0,174159.0,30.9,44790.89,28.78,14.76,10.204,78.63,5.0,0.0,0.0,1
20250609,174159,25.912708,-80.13785,-0.9,0.4,159.9,0.0,52.1,0.01,-0.03,-1.08,6.49,[b'Waypoint'],0.0,0.0,60925.0,174200.0,30.894,44802.91,28.79,14.76,10.203,78.61,5.0,0.0,0.0,1
20250609,174201,25.912706,-80.137856,-0.6,1.3,159.3,0.0,52.1,0.24,-0.27,-1.15,-3.72,[b'Waypoint'],-2.6,-72.6,60925.0,174202.0,30.888,44809.66,28.8,14.76,10.204,78.59,5.0,0.0,0.0,1
20250609,174202,25.912704,-80.137856,-0.6,1.3,159.3,0.0,52.1,0.24,-0.27,-1.15,-3.72,[b'Waypoint'],-2.6,-72.6,60925.0,174203.0,30.878,44779.6,28.78,14.76,10.211,78.51,5.04,0.0,0.0,1
20250609,174203,25.912703,-80.13786,-0.9,1.7,158.7,0.0,52.1,-0.28,0.0,-0.94,-20.5,[b'Waypoint'],-6.9,-56.4,60925.0,174204.0,30.868,44787.94,28.78,14.76,10.204,78.42,4.99,0.0,0.0,1
20250609,174204,25.912699,-80.13786,-0.1,0.8,158.5,0.0,52.1,0.0,-0.09,-0.94,-14.48,[b'Waypoint'],-1.9,-27.9,60925.0,174205.0,30.859,44709.31,28.73,14.76,10.205,78.39,4.99,0.0,0.0,1
20250609,174205,25.912697,-80.13786,-0.7,0.3,158.4,0.0,52.1,-0.0,-0.02,-0.98,-9.57,[b'Waypoint'],4.4,-14.0,60925.0,174206.0,30.849,44783.27,28.78,14.76,10.204,78.28,4.98,0.0,0.0,1
20250609,174206,25.912695,-80.13786,-1.6,-0.1,158.3,0.0,52.1,-0.01,-0.01,-1.01,-8.88,[b'Waypoint'],9.2,-9.2,60925.0,174207.0,30.84,44751.04,28.76,14.76,10.204,78.16,4.98,0.0,0.0,1
20250609,174209,25.91269,-80.13786,-2.2,-0.2,158.1,0.0,52.1,-0.03,-0.05,-1.08,-5.26,[b'Waypoint'],18.0,-1.9,60925.0,174209.0,30.83,44765.44,28.77,14.76,10.204,77.94,4.96,0.0,0.0,1
20250609,174210,25.912687,-80.137856,-1.5,0.1,166.7,0.0,52.1,0.02,-0.06,-1.09,-4.18,[b'Waypoint'],20.3,-2.4,60925.0,174210.0,30.823,44778.21,28.78,14.76,10.204,77.78,4.95,0.0,0.0,1
20250609,174211,25.912683,-80.137856,-1.4,0.1,157.1,0.0,52.1,0.04,-0.09,-1.06,-2.23,[b'Waypoint'],21.0,-3.3,60925.0,174211.0,30.815,44785.22,28.78,14.76,10.204,77.56,4.94,0.0,0.0,1
20250609,174212,25.91268,-80.137856,-1.3,-0.1,158.6,0.0,52.1,-0.16,0.02,-0.97,-1.63,[b'Waypoint'],24.0,3.1,60925.0,174212.0,30.809,44784.52,28.78,14.76,10.204,77.42,4.93,0.0,0.0,1
20250609,174213,25.912676,-80.137856,-0.7,0.1,160.3,0.0,52.1,-0.03,-0.02,-1.0,-1.45,[b'Waypoint'],23.0,10.8,60925.0,174213.0,30.802,44768.91,28.77,14.76,10.204,77.26,4.92,0.0,0.0,1
20250609,174214,25.912672,-80.13785,-0.0,-0.0,159.9,0.0,52.1,0.05,-0.02,-1.0,-1.45,[b'Waypoint'],26.4,-6.8,60925.0,174214.0,30.796,44758.84,28.76,14.76,10.204,77.14,4.91,0.0,0.0,1
20250609,174215,25.912666,-80.13785,-1.4,-0.2,154.1,0.0,52.1,-0.04,0.07,-1.01,-1.26,[b'Waypoint'],24.0,-2.5,60925.0,174215.0,30.792,44735.79,28.75,14.76,10.204,77.05,4.91,0.0,0.0,1
20250609,174216,25.91266,-80.13784,-1.6,-0.2,157.2,0.0,52.1,0.0,-0.01,-1.03,1.37,[b'Waypoint'],23.0,-4.6,60925.0,174216.0,30.789,44728.62,28.74,14.76,10.204,77.03,4.91,0.0,0.0,1
20250609,174217,25.912655,-80.13784,-0.6,-0.2,158.4,0.0,52.1,0.04,-0.04,-0.99,0.69,[b'Waypoint'],23.0,4.1,60925.0,174218.0,30.788,44713.55,28.73,14.76,10.204,77.07,4.91,0.0,0.0,1
20250609,174219,25.912643,-80.13783,-1.4,-0.2,155.5,0.0,52.1,-0.02,-0.04,-1.02,-0.66,[b'Waypoint'],24.0,-3.0,60925.0,174219.0,30.787,44707.96,28.73,14.76,10.204,77.15,4.92,0.0,0.0,1
20250609,174220,25.912638,-80.137825,-2.7,-0.1,156.5,0.0,52.1,-0.02,0.03,-1.13,0.64,[b'Waypoint'],24.0,-2.9,60925.0,174220.0,30.788,44700.03,28.72,14.76,10.204,77.3,4.93,0.0,0.0,1
20250609,174221,25.912632,-80.137825,-0.5,0.0,168.2,0.0,52.1,0.02,-0.12,-1.03,-0.54,[b'Waypoint'],21.3,14.2,60925.0,174221.0,30.789,44664.19,28.7,14.76,10.205,77.47,4.94,0.0,0.0,1
20250609,174222,25.912626,-80.13782,-0.0,0.0,162.8,0.0,52.1,0.01,-0.02,-0.93,0.62,[b'Waypoint'],20.0,10.9,60925.0,174222.0,30.79,44607.39,28.66,14.76,10.205,77.75,4.96,0.0,0.0,1
20250609,174223,25.91262,-80.13782,0.3,0.2,167.6,0.0,52.1,-0.03,-0.06,-0.93,-0.19,[b'Waypoint'],26.3,9.7,60925.0,174223.0,30.791,44548.39,28.61,14.76,10.206,77.97,4.97,0.0,0.0,1
20250609,174224,25.912615,-80.13781,-0.3,0.0,160.2,0.0,52.1,-0.08,-0.12,-1.0,0.47,[b'Waypoint'],22.0,6.4,60925.0,174224.0,30.793,44515.24,28.59,14.76,10.206,78.31,5.0,0.0,0.0,1
20250609,174225,25.91261,-80.13781,-1.0,-0.1,155.7,0.0,52.1,-0.07,-0.02,-1.04,0.38,[b'Waypoint'],22.0,6.4,60925.0,174225.0,30.794,44306.82,28.44,14.76,10.205,78.56,5.01,0.0,0.0,1
20250609,174226,25.912603,-80.1378,-1.3,-0.1,154.8,0.0,52.1,-0.01,-0.02,-1.05,-0.34,[b'Waypoint'],24.0,0.3,60925.0,174227.0,30.796,44753.44,28.76,14.76,10.205,78.92,5.03,0.0,0.0,1
20250609,174228,25.91259,-80.137794,-0.9,-0.1,155.7,0.0,52.1,-0.02,-0.04,-1.07,0.94,[b'Waypoint'],24.0,-4.3,60925.0,174228.0,30.798,43256.27,27.69,14.76,10.212,79.15,5.05,0.0,0.0,1
20250609,174229,25.912584,-80.137794,-0.9,0.0,162.1,0.0,52.1,-0.01,0.07,-0.96,0.83,[b'Waypoint'],25.4,1.7,60925.0,174229.0,30.799,44165.07,28.34,14.76,10.21,79.43,5.08,0.0,0.0,1
20250609,174230,25.912579,-80.13779,-0.9,0.0,154.2,0.0,52.1,-0.02,0.02,-1.01,-0.23,[b'Waypoint'],23.0,-2.2,60925.0,174230.0,30.8,44500.49,28.58,14.76,10.207,79.65,5.08,0.0,0.0,1
20250609,174231,0.0,0.0,-1.1,-0.0,158.7,0.0,52.1,-0.06,0.03,-1.01,-0.27,[b'Waypoint'],23.0,4.3,60925.0,174231.0,30.8,44602.18,28.65,14.76,10.206,79.86,5.09,0.0,0.0,1
20250609,174232,25.912565,-80.13778,-1.4,-0.4,166.2,0.0,52.1,0.01,0.0,-1.05,1.5,[b'Waypoint'],19.0,14.2,60925.0,174232.0,30.8,44626.32,28.67,14.76,10.206,80.02,5.1,0.0,0.0,1
20250609,174233,25.91256,-80.13778,-1.2,-0.1,161.2,0.0,52.1,-0.02,-0.07,-1.01,-2.02,[b'Waypoint'],28.6,3.5,60925.0,174233.0,30.801,44585.29,28.64,14.76,10.206,80.14,5.11,0.0,0.0,1
20250609,174234,25.912554,-80.13777,-1.2,-0.4,161.2,0.0,52.1,-0.01,0.03,-0.98,0.22,[b'Waypoint'],22.0,7.7,60925.0,174235.0,30.801,44597.45,28.65,14.76,10.206,80.23,5.12,0.0,0.0,1
20250609,174235,25.912548,-80.13777,-1.2,-0.2,165.6,0.0,52.1,0.05,-0.06,-1.07,0.6,[b'Waypoint'],20.0,12.9,60925.0,174236.0,30.801,44606.36,28.65,14.76,10.206,80.31,5.12,0.0,0.0,1
20250609,174236,25.91254,-80.137764,-0.8,-0.0,152.9,0.0,52.1,-0.03,-0.06,-1.01,0.46,[b'Waypoint'],23.2,-1.6,60925.0,174237.0,30.801,44580.38,28.64,14.76,10.206,80.35,5.12,0.0,0.0,1
20250609,174238,25.912529,-80.13776,-1.4,-0.0,157.1,0.0,52.1,-0.02,0.02,-1.02,-0.77,[b'Waypoint'],24.0,1.4,60925.0,174238.0,30.801,44566.64,28.63,14.76,10.206,80.39,5.13,0.0,0.0,1
20250609,174239,25.912521,-80.13776,-0.8,-0.2,154.3,0.0,52.1,0.02,-0.0,-0.99,-0.08,[b'Waypoint'],23.0,-5.7,60925.0,174239.0,30.802,44569.38,28.63,14.76,10.206,80.44,5.13,0.0,0.0,1
20250609,174240,25.912516,-80.13775,-0.3,-0.2,156.0,0.0,52.1,-0.03,0.01,-0.95,0.6,[b'Waypoint'],24.0,-5.4,60925.0,174240.0,30.803,44561.91,28.62,14.76,10.206,80.49,5.13,0.0,0.0,1
20250609,174241,25.91251,-80.13775,-0.9,-0.3,150.1,0.0,52.1,-0.05,-0.01,-0.94,-0.33,[b'Waypoint'],23.7,-2.7,60925.0,174241.0,30.804,44542.56,28.61,14.76,10.206,80.55,5.14,0.0,0.0,1
20250609,174242,25.912502,-80.13774,-1.9,-0.3,157.1,0.0,52.1,-0.02,0.03,-1.09,0.33,[b'Waypoint'],24.0,1.2,60925.0,174242.0,30.804,44519.55,28.59,14.76,10.206,80.67,5.14,0.0,0.0,1
20250609,174243,25.912497,-80.13774,-1.4,-0.1,156.1,0.0,52.1,-0.06,0.02,-1.09,-0.06,[b'Waypoint'],24.0,-1.3,60925.0,174244.0,30.805,44462.93,28.55,14.76,10.206,80.77,5.15,0.0,0.0,1
20250609,174244,25.91249,-80.13773,-0.8,-0.0,154.8,0.0,52.1,-0.02,0.06,-1.0,0.63,[b'Waypoint'],23.0,-7.2,60925.0,174245.0,30.805,44462.69,28.55,14.76,10.206,80.95,5.16,0.0,0.0,1
20250609,174245,25.912485,-80.13773,-1.1,-0.0,157.8,0.0,52.1,0.0,-0.03,-1.01,0.68,[b'Waypoint'],24.8,7.9,60925.0,174246.0,30.804,44443.76,28.54,14.76,10.206,81.12,5.17,0.0,0.0,1
20250609,174247,25.912472,-80.137726,-1.2,-0.3,153.4,0.0,52.1,0.01,-0.05,-1.05,1.8,[b'Waypoint'],20.6,-15.1,60925.0,174247.0,30.802,44426.59,28.53,14.76,10.207,81.28,5.19,0.0,0.0,1
20250609,174248,25.912466,-80.13772,-0.8,0.0,156.5,0.0,52.1,-0.04,0.01,-1.06,-0.48,[b'Waypoint'],23.0,-1.9,60925.0,174248.0,30.798,44411.78,28.52,14.76,10.207,81.47,5.2,0.0,0.0,1
20250609,174249,25.912458,-80.13772,0.1,0.0,153.9,0.0,52.1,-0.03,0.0,-0.97,-1.18,[b'Waypoint'],22.0,-4.4,60925.0,174249.0,30.795,44394.25,28.5,14.76,10.207,81.62,5.21,0.0,0.0,1
20250609,174250,25.912453,-80.13771,0.0,-0.2,158.6,0.0,52.1,0.02,-0.08,-0.93,0.81,[b'Waypoint'],24.0,-1.6,60925.0,174250.0,30.789,44839.35,28.82,14.76,10.207,81.86,5.22,0.0,0.0,1
20250609,174251,25.912445,-80.13771,-1.8,-0.1,156.5,0.0,52.1,-0.08,0.01,-1.06,0.42,[b'Waypoint'],24.0,-2.2,60925.0,174251.0,30.784,44363.88,28.48,14.76,10.204,82.02,5.23,0.0,0.0,1
20250609,174252,25.91244,-80.1377,-0.9,-0.2,159.9,0.0,52.1,-0.01,-0.02,-1.02,0.27,[b'Waypoint'],25.7,-0.8,60925.0,174253.0,30.777,44675.15,28.71,14.76,10.205,82.19,5.24,0.0,0.0,1
20250609,174253,25.912434,-80.1377,-0.9,-0.2,160.4,0.0,52.1,-0.01,-0.02,-1.02,0.27,[b'Waypoint'],24.5,-3.2,60925.0,174254.0,30.77,44719.36,28.74,14.76,10.205,82.37,5.25,0.0,0.0,1
20250609,174254,25.912428,-80.137695,-1.2,-0.4,159.6,0.0,52.1,-0.05,0.01,-0.98,0.04,[b'Waypoint'],23.0,3.6,60925.0,174255.0,30.762,44510.02,28.59,14.76,10.206,82.53,5.27,0.0,0.0,1
20250609,174256,25.912415,-80.13769,-0.5,-0.3,160.2,0.0,52.1,-0.02,-0.02,-0.99,-0.08,[b'Waypoint'],23.0,4.7,60925.0,174256.0,30.755,44565.24,28.63,14.76,10.206,82.64,5.27,0.0,0.0,1
20250609,174257,25.912409,-80.13769,-0.2,-0.1,154.5,0.0,52.1,-0.02,0.02,-0.95,-0.28,[b'Waypoint'],23.1,-5.0,60925.0,174257.0,30.747,44557.38,28.62,14.76,10.206,82.75,5.28,0.0,0.0,1
20250609,174258,25.912403,-80.13768,-0.7,-0.0,162.4,0.0,52.1,0.06,-0.02,-0.96,0.2,[b'Waypoint'],22.0,14.0,60925.0,174258.0,30.74,44557.57,28.62,14.76,10.206,82.82,5.29,0.0,0.0,1
20250609,174259,25.912395,-80.13768,-1.0,-0.3,155.9,0.0,52.1,0.01,0.0,-1.0,0.22,[b'Waypoint'],24.0,-5.1,60925.0,174259.0,30.733,44559.02,28.62,14.76,10.206,82.89,5.29,0.0,0.0,1
20250609,174300,25.91239,-80.13767,-0.9,-0.4,153.6,0.0,52.1,0.06,-0.0,-1.04,-0.07,[b'Waypoint'],23.0,-12.6,60925.0,174300.0,30.727,44548.27,28.62,14.76,10.206,82.95,5.3,0.0,0.0,1
20250609,174301,25.912382,-80.13767,-1.0,-0.5,162.5,0.0,52.1,-0.01,0.04,-0.95,0.59,[b'Waypoint'],22.0,7.6,60925.0,174302.0,30.722,44560.35,28.62,14.76,10.206,83.0,5.3,0.0,0.0,1
20250609,174302,25.912376,-80.137665,-0.9,-0.3,150.1,0.0,52.1,-0.08,0.06,-0.94,0.1,[b'Waypoint'],23.2,-4.7,60925.0,174303.0,30.718,44546.14,28.61,14.76,10.206,83.05,5.3,0.0,0.0,1
20250609,174303,25.91237,-80.137665,-1.0,-0.2,151.5,0.0,52.1,0.02,0.05,-1.02,-1.08,[b'Waypoint'],21.0,-11.5,60925.0,174304.0,30.713,44564.16,28.63,14.76,10.206,83.1,5.31,0.0,0.0,1
20250609,174304,25.912365,-80.13766,-1.0,-0.2,149.9,0.0,52.1,0.0,-0.01,-1.04,-1.77,[b'Waypoint'],21.0,-10.6,60925.0,174305.0,30.71,44576.58,28.64,14.76,10.206,83.14,5.31,0.0,0.0,1
20250609,174306,25.912352,-80.13765,-1.1,-0.3,159.1,0.0,52.1,-0.03,0.05,-0.98,0.44,[b'Waypoint'],23.0,5.5,60925.0,174306.0,30.707,44571.64,28.63,14.76,10.206,83.19,5.31,0.0,0.0,1
20250609,174307,25.912346,-80.13765,-0.7,-0.2,157.3,0.0,52.1,-0.02,-0.04,-0.98,-1.11,[b'Waypoint'],24.0,-3.5,60925.0,174307.0,30.705,44588.11,28.64,14.76,10.206,83.22,5.31,0.0,0.0,1
20250609,174308,25.91234,-80.13764,-1.4,-0.3,160.7,0.0,52.1,-0.04,0.03,-1.03,0.6,[b'Waypoint'],22.0,6.5,60925.0,174308.0,30.704,44603.21,28.66,14.76,10.205,83.28,5.32,0.0,0.0,1
20250609,174309,25.912334,-80.13764,-2.0,-0.2,151.8,0.0,52.1,-0.04,-0.01,-1.06,-0.38,[b'Waypoint'],22.0,-4.4,60925.0,174310.0,30.703,44595.64,28.65,14.76,10.205,83.32,5.32,0.0,0.0,1
20250609,174310,25.912327,-80.137634,-1.8,-0.3,158.8,0.0,52.1,-0.06,0.01,-1.07,0.83,[b'Waypoint'],23.2,4.2,60925.0,174311.0,30.702,44605.07,28.66,14.76,10.205,83.39,5.33,0.0,0.0,1
20250609,174311,25.912321,-80.137634,-0.7,-0.2,155.5,0.0,52.1,0.02,0.01,-0.97,-0.0,[b'Waypoint'],24.0,-2.7,60925.0,174312.0,30.702,44523.15,28.6,14.76,10.206,83.46,5.33,0.0,0.0,1
20250609,174312,25.912315,-80.13763,-0.9,-0.2,157.8,0.0,52.1,-0.08,0.01,-0.99,-0.34,[b'Waypoint'],24.0,1.7,60925.0,174313.0,30.702,44374.83,28.49,14.76,10.205,83.57,5.33,0.0,0.0,1
20250609,174313,25.91231,-80.13763,-1.7,-0.4,154.5,0.0,52.1,-0.04,-0.02,-1.02,-0.13,[b'Waypoint'],24.4,-5.3,60925.0,174314.0,30.703,44770.29,28.78,14.76,10.207,83.66,5.34,0.0,0.0,1
20250609,174315,25.912296,-80.13762,-0.4,-0.3,162.8,0.0,52.1,0.01,0.05,-0.96,0.65,[b'Waypoint'],21.0,11.1,60925.0,174315.0,30.706,44473.82,28.56,14.76,10.207,83.8,5.35,0.0,0.0,1
20250609,174316,25.91229,-80.13761,0.1,-0.0,154.8,0.0,52.1,-0.01,-0.06,-0.94,-0.66,[b'Waypoint'],23.0,-1.5,60925.0,174316.0,30.708,44389.29,28.5,14.76,10.207,83.94,5.36,0.0,0.0,1
20250609,174317,25.912285,-80.13761,-1.1,-0.1,160.7,0.0,52.1,-0.06,-0.07,-1.01,1.46,[b'Waypoint'],22.0,6.4,60925.0,174317.0,30.713,44482.36,28.57,14.76,10.207,84.12,5.37,0.0,0.0,1
20250609,174318,25.91228,-80.1376,-1.4,-0.2,159.5,0.0,52.1,-0.04,0.01,-1.04,0.82,[b'Waypoint'],23.2,3.8,60925.0,174319.0,30.715,44548.21,28.62,14.76,10.206,84.3,5.38,0.0,0.0,1
20250609,174319,25.912273,-80.1376,-1.2,-0.1,172.5,0.0,52.1,0.05,0.0,-1.14,0.92,[b'Waypoint'],17.0,17.0,60925.0,174320.0,30.718,44579.72,28.64,14.76,10.206,84.51,5.4,0.0,0.0,1
20250609,174320,25.912268,-80.137596,-1.0,-0.3,159.9,0.0,52.1,0.02,0.02,-1.02,0.78,[b'Waypoint'],23.0,4.3,60925.0,174321.0,30.721,44573.48,28.63,14.76,10.206,84.71,5.41,0.0,0.0,1
20250609,174321,25.912262,-80.13759,-1.5,-0.3,153.6,0.0,52.1,-0.02,-0.01,-1.05,1.65,[b'Waypoint'],23.6,-12.0,60925.0,174322.0,30.723,44443.46,28.54,14.76,10.206,84.94,5.42,0.0,0.0,1
20250609,174322,25.912256,-80.13759,-1.0,-0.2,161.2,0.0,52.1,-0.02,0.02,-0.96,0.07,[b'Waypoint'],24.8,2.5,60925.0,174323.0,30.724,44455.35,28.55,14.76,10.207,85.15,5.44,0.0,0.0,1
20250609,174323,25.91225,-80.13759,-0.1,0.0,151.6,0.0,52.1,-0.0,0.02,-0.94,-1.56,[b'Waypoint'],25.5,-1.8,60925.0,174324.0,30.724,44493.35,28.58,14.76,10.206,85.36,5.45,0.0,0.0,1
20250609,174325,25.91224,-80.13758,-1.2,-0.3,160.7,0.0,52.1,-0.01,0.06,-1.06,0.85,[b'Waypoint'],23.0,1.7,60925.0,174325.0,30.724,44504.93,28.58,14.76,10.206,85.52,5.46,0.0,0.0,1
20250609,174326,25.912233,-80.13757,-1.2,-0.3,164.6,0.0,52.1,-0.07,0.1,-0.98,-0.62,[b'Waypoint'],21.0,14.3,60925.0,174326.0,30.723,44504.55,28.58,14.76,10.206,85.71,5.47,0.0,0.0,1
20250609,174327,25.912228,-80.13757,-1.6,-0.3,155.3,0.0,52.1,-0.03,0.01,-1.08,1.52,[b'Waypoint'],22.0,-10.6,60925.0,174328.0,30.721,44489.81,28.57,14.76,10.206,85.82,5.48,0.0,0.0,1
20250609,174328,25.912222,-80.137566,-0.7,-0.2,157.2,0.0,52.1,-0.08,0.11,-0.96,1.06,[b'Waypoint'],23.3,-4.0,60925.0,174329.0,30.718,44485.61,28.57,14.76,10.206,85.91,5.49,0.0,0.0,1
20250609,174329,25.912214,-80.137566,-0.6,-0.0,163.1,0.0,52.1,0.01,-0.01,-0.95,0.73,[b'Waypoint'],22.0,5.3,60925.0,174330.0,30.711,44541.65,28.61,14.76,10.206,85.94,5.49,0.0,0.0,1
20250609,174330,25.912209,-80.13756,-0.7,-0.1,155.5,0.0,52.1,-0.05,0.1,-0.94,-0.01,[b'Waypoint'],22.0,-6.5,60925.0,174331.0,30.705,44503.85,28.58,14.76,10.206,85.94,5.49,0.0,0.0,1
20250609,174331,25.912203,-80.13756,-0.6,-0.0,155.9,0.0,52.1,-0.04,0.02,-0.95,-0.39,[b'Waypoint'],23.0,-5.0,60925.0,174332.0,30.697,44507.64,28.59,14.76,10.206,85.87,5.49,0.0,0.0,1
20250609,174332,25.912195,-80.13755,-0.5,0.0,156.0,0.0,52.1,-0.05,0.02,-1.0,-0.22,[b'Waypoint'],23.0,-0.7,60925.0,174333.0,30.691,44488.93,28.57,14.76,10.206,85.8,5.48,0.0,0.0,1
20250609,174334,25.912184,-80.13754,-0.4,-0.0,161.9,0.0,52.1,0.0,0.01,-0.96,0.59,[b'Waypoint'],22.0,7.1,60925.0,174334.0,30.682,44514.17,28.59,14.76,10.206,85.65,5.47,0.0,0.0,1
20250609,174335,25.912178,-80.13754,-0.9,-0.3,159.7,0.0,52.1,-0.09,0.08,-0.98,-0.4,[b'Waypoint'],23.0,6.0,60925.0,174335.0,30.677,44541.36,28.61,14.76,10.206,85.53,5.46,0.0,0.0,1
20250609,174336,25.912172,-80.137535,-1.1,-0.2,151.0,0.0,52.1,-0.06,-0.03,-1.06,0.51,[b'Waypoint'],25.2,-3.8,60925.0,174337.0,30.671,44502.73,28.58,14.76,10.206,85.38,5.46,0.0,0.0,1
20250609,174337,25.912165,-80.137535,-0.8,-0.2,159.7,0.0,52.1,0.02,0.06,-1.02,-1.49,[b'Waypoint'],23.0,11.2,60925.0,174338.0,30.668,44466.15,28.56,14.76,10.207,85.23,5.45,0.0,0.0,1
20250609,174338,25.912159,-80.13753,-0.6,-0.4,159.1,0.0,52.1,-0.01,0.02,-0.98,-0.41,[b'Waypoint'],23.0,7.0,60925.0,174339.0,30.666,44439.63,28.54,14.76,10.207,85.12,5.44,0.0,0.0,1
20250609,174339,25.912153,-80.13753,-0.6,-0.2,160.0,0.0,52.1,-0.01,0.04,-0.99,0.74,[b'Waypoint'],23.0,0.5,60925.0,174340.0,30.665,44437.02,28.54,14.76,10.207,85.04,5.44,0.0,0.0,1
20250609,174340,25.912146,-80.13752,-0.4,-0.1,160.6,0.0,52.1,-0.01,-0.03,-0.97,0.25,[b'Waypoint'],23.0,0.0,60925.0,174341.0,30.665,44493.93,28.58,14.76,10.207,85.0,5.43,0.0,0.0,1
20250609,174341,25.91214,-80.13752,-0.9,-0.3,151.2,0.0,52.1,-0.03,0.06,-0.99,0.11,[b'Waypoint'],24.4,-0.3,60925.0,174342.0,30.666,44467.29,28.56,14.76,10.206,85.02,5.44,0.0,0.0,1
20250609,174343,25.912127,-80.13751,-0.7,-0.2,157.7,0.0,52.1,-0.0,-0.01,-1.05,0.26,[b'Waypoint'],22.0,-7.0,60925.0,174343.0,30.67,44451.7,28.55,14.76,10.207,85.1,5.44,0.0,0.0,1
20250609,174344,25.91212,-80.137505,0.3,-0.2,158.9,0.0,52.1,0.04,-0.08,-0.99,0.1,[b'Waypoint'],24.0,3.9,60925.0,174345.0,30.675,44445.58,28.54,14.76,10.207,85.23,5.45,0.0,0.0,1
20250609,174345,25.912115,-80.137505,0.2,-0.1,159.6,0.0,52.1,0.04,-0.06,-0.95,-0.27,[b'Waypoint'],23.0,11.0,60925.0,174346.0,30.682,44391.22,28.5,14.76,10.207,85.44,5.46,0.0,0.0,1
20250609,174346,25.912107,-80.1375,0.2,-0.1,158.5,0.0,52.1,0.06,-0.07,-0.96,-0.11,[b'Waypoint'],24.0,0.2,60925.0,174347.0,30.688,44389.89,28.5,14.76,10.207,85.68,5.48,0.0,0.0,1
20250609,174347,25.912102,-80.1375,-0.2,-0.0,154.1,0.0,52.1,-0.02,-0.01,-0.99,0.78,[b'Waypoint'],23.9,-5.3,60925.0,174348.0,30.696,44348.47,28.47,14.76,10.207,85.99,5.5,0.0,0.0,1
20250609,174349,25.912096,-80.13749,0.1,-0.2,155.0,0.0,52.1,-0.06,0.07,-0.89,0.44,[b'Waypoint'],23.0,-5.1,60925.0,174349.0,30.704,44335.85,28.46,14.76,10.208,86.3,5.52,0.0,0.0,1
20250609,174349,25.912088,-80.13749,-0.9,-0.2,152.3,0.0,52.1,-0.0,-0.0,-1.04,1.5,[b'Waypoint'],24.8,1.0,60925.0,174350.0,30.711,44383.27,28.5,14.76,10.208,86.67,5.54,0.0,0.0,1
20250609,174351,25.912083,-80.13748,-0.6,-0.1,154.0,0.0,52.1,0.0,0.06,-0.96,-0.67,[b'Waypoint'],23.0,-8.1,60925.0,174351.0,30.717,44422.55,28.53,14.76,10.207,86.96,5.56,0.0,0.0,1
20250609,174352,25.912075,-80.13748,-1.4,-0.2,155.9,0.0,52.1,-0.01,-0.04,-1.03,-0.35,[b'Waypoint'],24.0,-2.5,60925.0,174352.0,30.724,44406.51,28.51,14.76,10.207,87.38,5.58,0.0,0.0,1
20250609,174354,25.912064,-80.13747,-0.6,-0.5,159.0,0.0,52.1,-0.01,0.01,-1.01,0.55,[b'Waypoint'],24.0,1.2,60925.0,174354.0,30.73,44414.35,28.52,14.76,10.207,87.67,5.6,0.0,0.0,1
20250609,174355,25.912056,-80.13747,-0.3,-0.5,161.0,0.0,52.1,-0.0,0.04,-0.94,-0.74,[b'Waypoint'],23.0,1.9,60925.0,174355.0,30.739,44403.11,28.51,14.76,10.207,88.09,5.63,0.0,0.0,1
20250609,174356,25.91205,-80.13746,-0.2,-0.4,154.5,0.0,52.1,-0.03,0.03,-0.91,-1.47,[b'Waypoint'],22.0,-12.1,60925.0,174356.0,30.747,44407.8,28.51,14.76,10.207,88.39,5.64,0.0,0.0,1
20250609,174357,25.912045,-80.13746,0.1,-0.3,156.7,0.0,52.1,0.03,-0.02,-0.95,2.39,[b'Waypoint'],25.3,-3.5,60925.0,174357.0,30.756,44459.5,28.55,14.76,10.207,88.82,5.67,0.0,0.0,1
20250609,174358,25.912039,-80.13746,-0.0,-0.2,153.6,0.0,52.1,0.02,0.04,-0.94,-1.71,[b'Waypoint'],21.0,-7.9,60925.0,174358.0,30.764,44857.52,28.84,14.76,10.209,89.12,5.69,0.0,0.0,1
20250609,174359,25.912031,-80.13745,-1.0,-0.3,151.4,0.0,52.1,0.0,-0.09,-1.03,-2.03,[b'Waypoint'],24.9,-1.5,60925.0,174359.0,30.775,44429.97,28.53,14.76,10.204,89.52,5.7,0.0,0.0,1
20250609,174400,25.912025,-80.13745,-1.4,-0.2,155.9,0.0,52.1,0.02,0.04,-1.04,-0.16,[b'Waypoint'],24.0,-3.6,60925.0,174400.0,30.784,44640.64,28.68,14.76,10.204,89.88,5.72,0.0,0.0,1
20250609,174401,25.91202,-80.13744,-1.5,-0.3,156.9,0.0,52.1,0.02,0.0,-1.09,0.2,[b'Waypoint'],24.0,-0.7,60925.0,174401.0,30.794,44784.52,28.78,14.76,10.206,90.28,5.76,0.0,0.0,1
20250609,174403,25.912008,-80.137436,-1.2,-0.4,157.1,0.0,52.1,-0.03,0.0,-1.0,1.7,[b'Station Ke'],3.6,-3.6,60925.0,174403.0,30.803,44936.02,28.89,14.76,10.205,90.65,5.77,0.0,0.0,1
20250609,174404,25.912004,-80.137436,-1.4,0.0,0.0,0.0,52.1,0.13,-0.12,-1.08,-3.47,[b'Waypoint'],-0.4,-48.8,60925.0,174404.0,30.811,44955.02,28.91,14.76,10.205,91.06,5.8,0.0,0.0,1
20250609,174405,25.912,-80.137436,-1.7,0.7,158.6,0.0,52.1,0.03,0.17,-1.19,-14.09,[b'Station Ke'],-3.4,-59.8,60925.0,174405.0,30.818,44910.71,28.87,14.76,10.205,91.43,5.82,0.0,0.0,1
20250609,174406,25.911999,-80.13743,-1.7,0.1,81.5,0.0,52.1,-0.05,-0.06,-1.11,-10.71,[b'Waypoint'],-1.3,-18.5,60925.0,174406.0,30.826,44889.59,28.86,14.76,10.205,91.84,5.85,0.0,0.0,1
20250609,174407,25.911997,-80.13743,-0.5,0.7,81.1,0.0,52.1,0.07,-0.1,-0.92,-15.92,[b'Waypoint'],-0.7,-54.7,60925.0,174407.0,30.83,44827.52,28.81,14.76,10.206,92.2,5.87,0.0,0.0,1
20250609,174408,25.911999,-80.13743,-0.3,-0.5,80.8,0.0,52.1,-0.02,0.09,-0.9,-12.81,[b'Waypoint'],3.4,-12.6,60925.0,174408.0,30.836,44808.63,28.8,14.76,10.206,92.6,5.9,0.0,0.0,1
20250609,174409,25.911999,-80.13742,-0.7,-0.7,80.6,0.0,52.1,-0.03,0.04,-0.91,-8.34,[b'Waypoint'],10.0,-10.0,60925.0,174409.0,30.84,44286.34,28.42,14.76,10.205,92.91,6.13,0.0,0.0,1
20250609,174410,25.911999,-80.13742,-1.1,-1.0,80.6,0.0,52.1,-0.01,0.07,-1.0,-7.24,[b'Waypoint'],15.0,-6.7,60925.0,174411.0,30.844,44441.26,28.54,14.76,10.203,93.33,5.93,0.0,0.0,1
20250609,174411,25.912,-80.13742,-0.9,-1.5,80.5,0.0,52.1,-0.0,0.03,-0.99,-3.53,[b'Waypoint'],18.0,10.2,60925.0,174412.0,30.846,45027.66,28.96,14.76,10.204,93.62,5.95,0.0,0.0,1
20250609,174413,25.912003,-80.13741,-0.7,-1.1,81.3,0.0,52.1,-0.02,0.1,-0.94,-0.55,[b'Waypoint'],23.0,-9.0,60925.0,174413.0,30.847,45003.63,28.94,14.76,10.204,94.01,5.98,0.0,0.0,1
20250609,174414,25.912003,-80.13741,-1.1,-1.4,87.7,0.0,52.1,0.07,-0.01,-0.97,-2.38,[b'Waypoint'],30.5,1.6,60925.0,174414.0,30.849,44763.5,28.77,14.76,10.204,94.34,6.0,0.0,0.0,1
20250609,174415,25.912004,-80.137405,-0.9,-0.8,87.3,0.0,52.1,0.02,-0.08,-1.01,-0.71,[b'Waypoint'],22.0,8.6,60925.0,174415.0,30.851,44825.61,28.81,14.76,10.205,94.64,6.02,0.0,0.0,1
20250609,174416,25.912006,-80.1374,-1.1,-1.1,82.5,0.0,52.1,-0.09,0.13,-0.91,2.96,[b'Waypoint'],25.7,-19.3,60925.0,174416.0,30.854,44814.67,28.8,14.76,10.204,94.96,6.04,0.0,0.0,1
20250609,174417,25.912008,-80.1374,-1.0,-1.4,92.9,0.0,52.1,-0.06,0.07,-1.01,2.19,[b'Waypoint'],26.9,-15.9,60925.0,174417.0,30.858,44713.34,28.73,14.76,10.205,95.2,6.06,0.0,0.0,1
20250609,174418,25.91201,-80.13739,-0.3,-0.8,87.2,0.0,52.1,-0.02,0.11,-0.94,-1.29,[b'Waypoint'],23.8,10.4,60925.0,174418.0,30.863,45001.75,28.94,14.76,10.203,95.53,6.07,0.0,0.0,1
20250609,174419,25.912012,-80.13738,-0.1,-0.2,83.0,0.0,52.1,0.02,0.02,-1.0,-4.14,[b'Waypoint'],24.6,13.6,60925.0,174420.0,30.869,42820.03,27.37,14.76,10.207,95.76,6.11,0.0,0.0,1
20250609,174420,25.912014,-80.137375,-0.8,-0.4,79.7,0.0,52.1,-0.01,0.03,-1.0,3.24,[b'Waypoint'],22.7,-22.7,60925.0,174421.0,30.877,44597.32,28.65,14.76,10.214,96.07,6.12,0.0,0.0,1
20250609,174422,25.912018,-80.13737,-1.1,0.4,82.0,0.0,52.1,-0.0,-0.03,-1.09,-1.5,[b'Waypoint'],24.5,1.1,60925.0,174422.0,30.885,43638.9,27.96,14.76,10.207,96.32,6.14,0.0,0.0,1
20250609,174423,25.91202,-80.13736,-0.6,2.1,90.2,0.0,52.1,-0.03,-0.08,-1.08,-3.37,[b'Waypoint'],20.4,14.8,60925.0,174423.0,30.891,44281.23,28.42,14.76,10.212,96.53,6.17,0.0,0.0,1
20250609,174424,25.912022,-80.13735,-0.6,1.3,85.4,0.0,52.1,0.04,-0.01,-1.06,3.5,[b'Waypoint'],29.6,1.6,60925.0,174424.0,30.899,41679.56,26.56,14.76,10.21,96.73,6.18,0.0,0.0,1
20250609,174425,25.912024,-80.137344,-1.4,-1.3,89.1,0.0,52.1,-0.0,-0.0,-0.99,0.99,[b'Waypoint'],23.9,-1.7,60925.0,174425.0,30.906,42971.63,27.48,14.76,10.212,96.88,6.2,0.0,0.0,1
20250609,174426,25.912025,-80.13734,-0.7,-0.8,83.4,0.0,52.1,-0.09,0.16,-0.96,-1.43,[b'Waypoint'],27.2,7.0,60925.0,174426.0,30.913,43297.74,27.71,14.76,10.213,97.08,6.21,0.0,0.0,1
20250609,174427,25.912027,-80.13733,-1.0,-2.9,89.2,0.0,52.1,-0.03,0.06,-0.93,-1.45,[b'Waypoint'],22.0,16.6,60925.0,174428.0,30.919,43389.68,27.78,14.76,10.212,97.19,6.22,0.0,0.0,1
20250609,174428,25.91203,-80.13732,-1.0,-3.1,91.0,0.0,52.1,-0.01,0.11,-0.98,-0.5,[b'Waypoint'],27.5,-10.2,60925.0,174429.0,30.925,42894.95,27.43,14.76,10.211,97.34,6.23,0.0,0.0,1
20250609,174430,25.912033,-80.137314,-0.6,-1.2,88.8,0.0,52.1,-0.02,0.09,-0.95,1.38,[b'Waypoint'],22.7,0.7,60925.0,174430.0,30.929,44947.63,28.9,14.76,10.203,97.46,6.19,0.0,0.0,1
20250609,174431,25.912035,-80.13731,-1.0,-1.3,81.9,0.0,52.1,-0.01,0.08,-1.03,-0.24,[b'Waypoint'],23.0,-7.5,60925.0,174431.0,30.931,43582.45,27.92,14.76,10.203,97.55,6.2,0.0,0.0,1
20250609,174432,25.912037,-80.1373,-0.6,-0.5,88.7,0.0,52.1,-0.0,0.01,-0.97,-1.03,[b'Waypoint'],31.4,-1.1,60925.0,174432.0,30.931,44184.64,28.35,14.76,10.208,97.61,6.23,0.0,0.0,1
20250609,174433,25.912039,-80.13729,-0.6,-2.3,80.3,0.0,52.1,-0.02,0.21,-0.95,0.81,[b'Waypoint'],21.0,-10.8,60925.0,174433.0,30.93,41982.31,26.78,14.76,10.206,97.63,6.22,0.0,0.0,1
20250609,174434,25.91204,-80.13728,-0.4,-2.2,89.3,0.0,52.1,0.04,-0.03,-0.95,-2.31,[b'Waypoint'],26.9,-15.9,60925.0,174435.0,30.927,44965.34,28.91,14.76,10.204,97.61,6.23,0.0,0.0,1
20250609,174435,25.912043,-80.137276,-0.6,-1.1,81.7,0.0,52.1,-0.08,0.08,-1.01,-2.27,[b'Waypoint'],22.9,-22.9,60925.0,174436.0,30.921,44611.07,28.65,14.76,10.202,97.57,6.2,0.0,0.0,1
20250609,174436,25.912045,-80.13727,-0.9,0.0,87.7,0.0,52.1,-0.03,0.02,-0.99,1.38,[b'Waypoint'],24.0,0.0,60925.0,174437.0,30.918,44112.29,28.3,14.76,10.207,97.47,6.21,0.0,0.0,1
20250609,174437,25.912046,-80.13726,-1.1,-0.2,83.7,0.0,52.1,-0.05,-0.05,-1.07,1.6,[b'Waypoint'],23.0,-11.2,60925.0,174438.0,30.912,44407.15,28.51,14.76,10.206,97.34,6.2,0.0,0.0,1
20250609,174439,25.91205,-80.137245,-1.0,1.0,103.1,0.0,52.1,0.02,-0.09,-1.05,1.29,[b'Waypoint'],18.0,18.0,60925.0,174439.0,30.909,45071.47,28.99,14.76,10.209,97.2,6.19,0.0,0.0,1
20250609,174440,25.912052,-80.13724,-1.1,0.3,90.0,0.0,52.1,0.0,-0.03,-1.03,1.58,[b'Waypoint'],22.0,10.2,60925.0,174440.0,30.905,45121.98,29.02,14.76,10.203,97.03,6.17,0.0,0.0,1
20250609,174441,25.912054,-80.13723,-0.8,-0.2,72.5,0.0,52.1,-0.11,0.12,-0.91,-1.02,[b'Waypoint'],17.0,-16.0,60925.0,174441.0,30.903,43889.6,28.14,14.76,10.213,96.89,6.18,0.0,0.0,1
20250609,174442,25.912056,-80.13723,-1.1,-1.0,85.7,0.0,52.1,-0.06,0.04,-1.01,-1.17,[b'Waypoint'],24.0,-7.5,60925.0,174442.0,30.902,44226.02,28.38,14.76,10.207,96.71,6.17,0.0,0.0,1
20250609,174443,25.912056,-80.13722,-0.5,0.1,81.7,0.0,52.1,0.06,-0.03,-1.02,-1.41,[b'Waypoint'],23.4,-6.8,60925.0,174444.0,30.903,44919.89,28.88,14.76,10.202,96.58,6.14,0.0,0.0,1
20250609,174444,25.912058,-80.137215,-0.9,-0.6,84.5,0.0,52.1,-0.06,0.04,-0.98,0.96,[b'Waypoint'],24.0,9.3,60925.0,174445.0,30.909,44261.25,28.4,14.76,10.213,96.42,6.18,0.0,0.0,1
20250609,174445,25.91206,-80.13721,-0.8,-0.3,88.7,0.0,52.1,0.02,0.03,-1.0,0.94,[b'Waypoint'],22.0,5.9,60925.0,174446.0,30.914,44988.05,28.93,14.76,10.203,96.33,6.12,0.0,0.0,1
20250609,174446,25.912062,-80.1372,-0.9,-0.7,85.8,0.0,52.1,-0.02,0.04,-1.02,0.05,[b'Waypoint'],24.0,-1.7,60925.0,174447.0,30.926,44920.61,28.88,14.76,10.203,96.26,6.12,0.0,0.0,1
20250609,174448,25.912066,-80.137184,-0.7,-0.1,84.7,0.0,52.1,-0.03,0.07,-0.99,0.31,[b'Waypoint'],25.0,2.3,60925.0,174448.0,30.937,44842.02,28.82,14.76,10.204,96.22,6.11,0.0,0.0,1
20250609,174449,25.912067,-80.13718,-1.3,-0.6,82.4,0.0,52.1,-0.0,-0.11,-1.04,0.38,[b'Waypoint'],23.4,-3.7,60925.0,174449.0,30.953,44889.46,28.85,14.76,10.204,96.18,6.11,0.0,0.0,1
20250609,174450,25.912067,-80.13717,-0.8,1.0,91.8,0.0,52.1,0.02,-0.08,-1.08,-1.8,[b'Waypoint'],22.2,1.2,60925.0,174450.0,30.965,45384.58,29.21,14.76,10.206,96.17,6.21,0.0,0.0,1
20250609,174451,25.91207,-80.13716,-0.9,0.2,81.0,0.0,52.1,-0.09,-0.01,-0.98,0.14,[b'Waypoint'],22.0,-4.1,60925.0,174452.0,30.982,42960.64,27.47,14.76,10.208,96.16,6.1,0.0,0.0,1
20250609,174452,25.912071,-80.13715,-1.5,-1.8,79.8,0.0,52.1,0.0,0.05,-0.97,0.72,[b'Waypoint'],22.0,-3.6,60925.0,174453.0,30.997,42916.22,27.44,14.76,10.212,96.15,6.11,0.0,0.0,1
20250609,174453,25.912073,-80.13715,-0.5,-1.0,73.4,0.0,52.1,-0.02,0.01,-0.98,-0.11,[b'Waypoint'],20.6,-20.6,60925.0,174454.0,31.015,45016.21,28.94,14.76,10.203,96.16,6.1,0.0,0.0,1
20250609,174454,25.912075,-80.137146,-0.8,-0.3,84.6,0.0,52.1,-0.01,0.02,-0.99,-0.64,[b'Station Ke'],3.6,-3.6,60925.0,174455.0,31.034,45025.11,28.95,14.76,10.203,96.15,6.1,0.0,0.0,1
20250609,174455,25.912077,-80.13714,-1.2,-0.7,84.6,0.0,52.1,-0.02,0.01,-0.99,0.6,[b'Station Ke'],-0.5,-7.0,60925.0,174456.0,31.046,45042.81,28.96,14.76,10.203,96.12,6.09,0.0,0.0,1
20250609,174457,25.912079,-80.13713,-0.7,-1.2,336.4,0.0,52.1,-0.04,0.38,-1.13,-10.97,[b'Waypoint'],-5.2,-75.2,60925.0,174457.0,31.06,44882.3,28.84,14.76,10.204,96.08,6.09,0.0,0.0,1
20250609,174458,25.91208,-80.13712,-1.2,1.0,336.2,0.0,52.1,-0.09,0.16,-1.22,-19.0,[b'Waypoint'],-5.2,-75.2,60925.0,174458.0,31.068,44784.61,28.77,14.76,10.205,96.04,6.09,0.0,0.0,1
20250609,174459,25.912085,-80.13712,-0.5,0.8,335.8,0.0,52.1,-0.0,0.06,-1.05,-20.32,[b'Waypoint'],-5.6,-70.0,60925.0,174500.0,31.077,44793.01,28.78,14.76,10.205,95.96,6.09,0.0,0.0,1
20250609,174500,25.912086,-80.13712,-1.1,0.7,335.7,0.0,52.2,-0.04,0.06,-0.99,-15.9,[b'Waypoint'],-3.1,-45.0,60925.0,174501.0,31.082,44822.66,28.8,14.76,10.205,95.89,6.08,0.0,0.0,1
20250609,174501,25.912088,-80.13712,-1.4,0.4,335.6,0.0,52.2,0.01,-0.02,-1.03,-11.96,[b'Waypoint'],-2.3,-33.2,60925.0,174502.0,31.088,44873.38,28.84,14.76,10.205,95.82,6.08,0.0,0.0,1
20250609,174502,0.0,0.0,-1.3,0.4,335.5,0.0,52.2,-0.06,0.04,-1.08,-8.15,[b'Waypoint'],7.1,-20.9,60925.0,174503.0,31.091,44901.58,28.86,14.76,10.205,95.77,6.07,0.0,0.0,1
20250609,174503,25.912092,-80.13712,-1.0,0.3,335.5,0.0,52.2,0.0,-0.01,-1.02,-6.45,[b'Waypoint'],11.9,-13.9,60925.0,174504.0,31.095,44922.64,28.87,14.76,10.205,95.71,6.07,0.0,0.0,1
20250609,174504,25.912096,-80.13712,-1.1,0.2,335.4,0.0,52.2,-0.07,0.01,-0.95,-5.0,[b'Waypoint'],15.0,-11.5,60925.0,174505.0,31.097,44932.63,28.88,14.76,10.205,95.68,6.06,0.0,0.0,1
20250609,174506,25.912102,-80.13713,-1.0,-0.1,327.4,0.0,52.2,-0.05,-0.03,-1.01,-3.52,[b'Waypoint'],18.1,-18.1,60925.0,174506.0,31.098,44950.96,28.89,14.76,10.204,95.64,6.06,0.0,0.0,1
20250609,174507,25.912106,-80.13713,-0.8,-0.2,333.1,0.0,52.2,0.06,0.03,-0.99,-4.25,[b'Waypoint'],20.0,-1.4,60925.0,174507.0,31.099,44968.26,28.91,14.76,10.204,95.62,6.06,0.0,0.0,1
20250609,174508,25.91211,-80.13713,-1.1,-0.1,336.5,0.0,52.2,0.06,-0.1,-1.11,-3.47,[b'Waypoint'],24.0,6.9,60925.0,174509.0,31.099,44967.52,28.9,14.76,10.204,95.61,6.06,0.0,0.0,1
20250609,174509,25.912113,-80.13714,-0.8,-0.4,334.5,0.0,52.2,-0.0,-0.02,-1.0,-0.95,[b'Waypoint'],25.3,-4.1,60925.0,174510.0,31.099,44981.04,28.91,14.76,10.204,95.6,6.06,0.0,0.0,1
20250609,174510,25.912119,-80.13714,-0.9,-0.3,341.7,0.0,52.2,0.03,0.03,-0.99,-2.37,[b'Waypoint'],19.1,18.8,60925.0,174511.0,31.099,45026.28,28.95,14.76,10.204,95.6,6.06,0.0,0.0,1
20250609,174511,25.912125,-80.137146,-0.6,-0.3,330.8,0.0,52.2,-0.07,0.0,-0.98,-0.97,[b'Waypoint'],24.0,-4.4,60925.0,174512.0,31.099,45053.68,28.97,14.76,10.203,95.59,6.06,0.0,0.0,1
20250609,174512,25.91213,-80.137146,-1.2,-0.1,330.7,0.0,52.2,-0.03,0.02,-1.05,0.3,[b'Waypoint'],24.0,-5.6,60925.0,174513.0,31.098,45063.02,28.97,14.76,10.204,95.6,6.06,0.0,0.0,1
20250609,174513,25.912136,-80.13715,-1.0,-0.4,331.4,0.0,52.2,-0.03,0.03,-0.98,-0.25,[b'Waypoint'],21.7,9.6,60925.0,174514.0,31.098,45048.63,28.96,14.76,10.204,95.6,6.06,0.0,0.0,1
20250609,174515,25.91215,-80.13716,-1.0,-0.1,335.8,0.0,52.2,-0.02,-0.08,-0.98,-1.2,[b'Waypoint'],21.0,12.4,60925.0,174515.0,31.097,45012.21,28.94,14.76,10.204,95.6,6.06,0.0,0.0,1
20250609,174516,25.912155,-80.13717,-0.7,0.0,337.8,0.0,52.2,0.01,-0.07,-1.03,2.29,[b'Waypoint'],20.0,0.2,60925.0,174517.0,31.097,44967.87,28.91,14.76,10.204,95.58,6.06,0.0,0.0,1
20250609,174517,25.91216,-80.13717,-1.0,-0.1,328.9,0.0,52.2,0.01,-0.04,-1.02,0.01,[b'Waypoint'],24.0,-8.2,60925.0,174518.0,31.096,44935.69,28.88,14.76,10.205,95.55,6.06,0.0,0.0,1
20250609,174518,25.912169,-80.13718,-0.8,-0.1,339.9,0.0,52.2,-0.03,0.05,-1.0,1.07,[b'Waypoint'],19.0,12.0,60925.0,174519.0,31.095,44909.33,28.86,14.76,10.205,95.5,6.05,0.0,0.0,1
20250609,174519,25.912174,-80.13718,-1.0,-0.2,337.0,0.0,52.2,-0.02,-0.02,-0.98,0.57,[b'Waypoint'],22.0,4.1,60925.0,174520.0,31.095,44854.04,28.82,14.76,10.205,95.44,6.05,0.0,0.0,1
20250609,174520,25.91218,-80.137184,-0.7,-0.2,330.5,0.0,52.2,0.03,0.03,-0.99,-0.57,[b'Waypoint'],24.0,-0.4,60925.0,174521.0,31.094,44824.56,28.8,14.76,10.206,95.32,6.04,0.0,0.0,1
20250609,174521,25.912186,-80.137184,-0.9,-0.3,340.7,0.0,52.2,0.04,-0.0,-1.0,-0.68,[b'Waypoint'],23.9,8.2,60925.0,174522.0,31.094,44809.44,28.79,14.76,10.206,95.18,6.04,0.0,0.0,1
20250609,174522,25.912193,-80.13719,-0.8,-0.2,331.6,0.0,52.2,-0.01,0.01,-1.02,0.68,[b'Waypoint'],24.0,-6.6,60925.0,174523.0,31.093,44809.89,28.79,14.76,10.206,95.03,6.03,0.0,0.0,1
20250609,174524,25.912207,-80.1372,-1.0,-0.2,332.7,0.0,52.2,0.0,-0.03,0.0,-0.39,[b'Waypoint'],24.0,-1.8,60925.0,174525.0,31.093,44782.78,28.77,14.76,10.206,94.84,6.01,0.0,0.0,1
20250609,174525,25.912214,-80.13721,-0.7,-0.2,327.0,0.0,52.2,-0.08,0.09,-0.95,-0.8,[b'Waypoint'],22.0,-12.6,60925.0,174526.0,31.092,44761.67,28.76,14.76,10.206,94.68,6.0,0.0,0.0,1
20250609,174526,25.91222,-80.13721,-1.0,-0.2,339.5,0.0,52.2,-0.02,-0.03,-0.98,-1.51,[b'Waypoint'],24.1,4.9,60925.0,174527.0,31.092,44727.36,28.73,14.76,10.206,94.42,5.99,0.0,0.0,1
20250609,174527,25.912228,-80.137215,-0.9,-0.2,339.0,0.0,52.2,0.01,0.06,-1.0,-0.16,[b'Waypoint'],20.9,15.9,60925.0,174528.0,31.092,43655.4,27.96,14.76,10.206,94.23,6.01,0.0,0.0,1
20250609,174528,25.912233,-80.13722,-0.9,-0.4,328.4,0.0,52.2,0.02,-0.01,-1.01,-0.67,[b'Waypoint'],24.0,1.4,60925.0,174529.0,31.092,42653.27,27.25,14.76,10.205,93.95,5.96,0.0,0.0,1
20250609,174530,25.912241,-80.13722,-1.0,-0.3,330.2,0.0,52.2,0.02,-0.0,-1.03,-0.23,[b'Waypoint'],24.0,-2.5,60925.0,174530.0,31.091,44574.37,28.62,14.76,10.207,93.75,5.94,0.0,0.0,1
20250609,174530,25.912249,-80.13723,-1.0,-0.4,335.9,0.0,52.2,0.02,0.02,-1.01,-1.05,[b'Waypoint'],24.0,1.4,60925.0,174531.0,31.09,44433.43,28.52,14.76,10.207,93.49,5.93,0.0,0.0,1
20250609,174531,25.912254,-80.13723,-0.9,-0.3,328.2,0.0,52.2,-0.0,-0.03,-1.02,-0.72,[b'Waypoint'],24.0,-1.7,60925.0,174532.0,31.09,44419.11,28.51,14.76,10.208,93.26,5.92,0.0,0.0,1
20250609,174534,25.91227,-80.137245,-0.8,-0.3,338.2,0.0,52.2,-0.01,-0.03,-1.0,0.57,[b'Waypoint'],20.0,15.0,60925.0,174534.0,31.089,44354.5,28.46,14.76,10.209,93.01,5.91,0.0,0.0,1
20250609,174535,25.912277,-80.137245,-0.8,-0.0,335.5,0.0,52.2,-0.03,0.04,-1.0,-0.79,[b'Waypoint'],23.7,-12.6,60925.0,174535.0,31.089,44448.7,28.53,14.76,10.209,92.79,5.89,0.0,0.0,1
20250609,174536,25.912283,-80.13725,-0.7,-0.2,333.7,0.0,52.2,-0.04,0.01,-0.98,-0.1,[b'Waypoint'],23.0,13.6,60925.0,174536.0,31.088,44362.8,28.47,14.76,10.209,92.55,5.88,0.0,0.0,1
20250609,174537,25.91229,-80.13725,-0.9,-0.0,329.7,0.0,52.2,-0.07,0.04,-1.0,-0.22,[b'Waypoint'],24.0,1.8,60925.0,174537.0,31.088,44222.98,28.37,14.76,10.21,92.33,5.87,0.0,0.0,1
20250609,174538,25.912296,-80.13726,-0.9,-0.1,329.9,0.0,52.2,-0.02,-0.03,-1.02,-0.07,[b'Waypoint'],24.0,3.6,60925.0,174538.0,31.088,44237.25,28.38,14.76,10.21,92.1,5.85,0.0,0.0,1
20250609,174539,25.912304,-80.13727,-0.8,-0.4,334.2,0.0,52.2,0.0,-0.05,-1.02,1.12,[b'Waypoint'],22.0,11.0,60925.0,174539.0,31.088,44301.31,28.43,14.76,10.21,91.89,5.84,0.0,0.0,1
20250609,174540,25.912312,-80.13727,-0.8,-0.2,324.8,0.0,52.2,-0.04,0.06,-1.01,-0.61,[b'Waypoint'],22.0,-13.0,60925.0,174540.0,31.089,44249.41,28.39,14.76,10.21,91.7,5.83,0.0,0.0,1
20250609,174542,0.0,0.0,-0.9,-0.3,328.6,0.0,52.2,0.0,0.02,-1.01,0.3,[b'Waypoint'],24.0,4.2,60925.0,174542.0,31.091,43290.13,27.7,14.76,10.217,91.52,5.82,0.0,0.0,1
20250609,174543,25.91233,-80.13728,-1.1,-0.1,330.6,0.0,52.2,-0.01,-0.03,-1.01,0.8,[b'Waypoint'],24.0,1.3,60925.0,174543.0,31.093,44726.57,28.73,14.76,10.215,91.34,5.83,0.0,0.0,1
20250609,174544,25.912338,-80.13729,-0.7,-0.2,329.4,0.0,52.2,-0.03,0.07,-0.98,0.14,[b'Waypoint'],24.0,-2.0,60925.0,174544.0,31.096,44166.01,28.33,14.76,10.211,91.24,5.83,0.0,0.0,1
20250609,174545,25.912344,-80.13729,-1.2,-0.2,326.6,0.0,52.2,0.01,0.06,-0.99,-1.09,[b'Waypoint'],22.0,-8.6,60925.0,174545.0,31.099,44599.6,28.64,14.76,10.207,91.13,5.78,0.0,0.0,1
20250609,174546,25.912352,-80.1373,-0.8,-0.2,325.5,0.0,52.2,0.01,-0.01,-0.99,0.3,[b'Waypoint'],26.0,-4.4,60925.0,174546.0,31.103,44188.97,28.35,14.76,10.211,91.08,5.79,0.0,0.0,1
20250609,174547,25.912357,-80.13731,-1.0,-0.4,329.5,0.0,52.2,0.08,0.01,-1.03,-0.77,[b'Waypoint'],24.0,-4.3,60925.0,174547.0,31.108,44279.98,28.41,14.76,10.211,91.03,5.78,0.0,0.0,1
20250609,174548,25.912365,-80.13731,-1.0,-0.2,320.3,0.0,52.2,0.08,0.03,-1.03,-0.21,[b'Waypoint'],19.0,-19.0,60925.0,174548.0,31.114,44372.9,28.48,14.76,10.21,91.01,5.78,0.0,0.0,1
20250609,174549,25.91237,-80.137314,-0.8,-0.4,315.5,0.0,52.2,-0.13,-0.04,-1.03,-0.45,[b'Waypoint'],19.5,-12.5,60925.0,174550.0,31.118,44435.89,28.52,14.76,10.21,91.01,5.78,0.0,0.0,1
20250609,174551,25.912384,-80.13732,-0.7,-0.4,326.5,0.0,52.2,0.06,-0.05,-1.07,0.61,[b'Waypoint'],24.9,-3.4,60925.0,174551.0,31.124,42675.97,27.26,14.76,10.208,91.02,5.77,0.0,0.0,1
20250609,174552,25.912392,-80.13732,-1.0,0.0,328.5,0.0,52.2,-0.04,0.04,-0.98,-1.53,[b'Waypoint'],23.0,2.2,60925.0,174552.0,31.128,44518.41,28.58,14.76,10.208,91.03,5.77,0.0,0.0,1
20250609,174553,25.9124,-80.13733,-0.9,-0.2,324.4,0.0,52.2,0.08,0.11,-0.97,-0.29,[b'Waypoint'],22.0,-9.4,60925.0,174553.0,31.133,44832.52,28.81,14.76,10.208,91.06,5.77,0.0,0.0,1
20250609,174554,25.912405,-80.13734,-0.9,-0.3,339.3,0.0,52.2,-0.01,-0.0,-0.99,-1.41,[b'Waypoint'],20.8,13.2,60925.0,174554.0,31.137,44841.86,28.81,14.76,10.208,91.08,5.77,0.0,0.0,1
20250609,174555,25.912413,-80.13734,-0.8,-0.2,325.7,0.0,52.2,0.06,-0.08,-1.02,-0.36,[b'Waypoint'],23.0,-4.2,60925.0,174555.0,31.141,44580.09,28.63,14.76,10.209,91.09,5.77,0.0,0.0,1
20250609,174556,25.912418,-80.137344,-1.1,-0.2,322.2,0.0,52.2,-0.06,-0.01,-1.03,-0.04,[b'Waypoint'],22.0,-10.7,60925.0,174557.0,31.145,44486.51,28.56,14.76,10.209,91.09,5.78,0.0,0.0,1
20250609,174557,25.912426,-80.13735,-0.6,-0.2,327.9,0.0,52.2,-0.03,0.01,-1.01,0.03,[b'Waypoint'],24.0,0.3,60925.0,174558.0,31.146,44517.17,28.58,14.76,10.21,91.07,5.78,0.0,0.0,1
20250609,174559,25.91244,-80.13736,-0.7,-0.2,331.2,0.0,52.2,-0.1,0.03,-0.97,0.08,[b'Waypoint'],22.0,6.3,60925.0,174559.0,31.148,44410.9,28.5,14.76,10.21,91.01,5.77,0.0,0.0,1
20250609,174600,25.912445,-80.13737,-1.1,-0.4,335.2,0.0,52.2,-0.04,0.0,-1.01,1.27,[b'Waypoint'],20.0,7.9,60925.0,174600.0,31.149,44383.61,28.48,14.76,10.211,90.94,5.77,0.0,0.0,1
20250609,174601,25.91245,-80.13737,-0.6,-0.0,329.7,0.0,52.2,-0.08,-0.04,-1.0,-0.25,[b'Waypoint'],24.0,3.4,60925.0,174601.0,31.149,44389.87,28.49,14.76,10.211,90.81,5.76,0.0,0.0,1
20250609,174602,25.912458,-80.137375,-1.1,-0.1,335.8,0.0,52.2,-0.02,0.04,-0.99,-0.02,[b'Waypoint'],24.7,-6.1,60925.0,174602.0,31.15,44366.55,28.47,14.76,10.21,90.7,5.76,0.0,0.0,1
20250609,174603,25.912464,-80.137375,-0.9,-0.3,333.3,0.0,52.2,-0.02,-0.0,-1.03,0.75,[b'Waypoint'],22.0,9.2,60925.0,174603.0,31.15,44362.63,28.47,14.76,10.211,90.5,5.74,0.0,0.0,1
20250609,174604,25.912472,-80.13738,-0.9,-0.2,329.1,0.0,52.2,0.02,-0.02,-1.0,0.75,[b'Waypoint'],24.0,1.2,60925.0,174605.0,31.151,44390.84,28.49,14.76,10.211,90.28,5.73,0.0,0.0,1
20250609,174605,25.912477,-80.13739,-0.9,-0.4,327.4,0.0,52.2,-0.02,0.03,-1.02,0.35,[b'Waypoint'],28.8,6.6,60925.0,174606.0,31.151,44427.59,28.52,14.76,10.211,90.09,5.72,0.0,0.0,1
20250609,174606,25.912485,-80.13739,-0.8,-0.3,329.1,0.0,52.2,0.01,-0.02,-1.0,0.5,[b'Waypoint'],24.0,-4.3,60925.0,174607.0,31.151,44402.0,28.5,14.76,10.211,89.81,5.7,0.0,0.0,1
20250609,174608,25.912498,-80.1374,-1.0,-0.3,325.8,0.0,52.2,0.01,0.02,-1.01,0.17,[b'Waypoint'],24.0,-7.1,60925.0,174608.0,31.151,44390.65,28.49,14.76,10.211,89.6,5.69,0.0,0.0,1
20250609,174609,25.912504,-80.137405,-1.0,-0.4,335.7,0.0,52.2,-0.03,0.03,-1.0,-0.63,[b'Waypoint'],19.7,16.0,60925.0,174609.0,31.151,44447.83,28.53,14.76,10.211,89.3,5.67,0.0,0.0,1
20250609,174610,25.912512,-80.13741,-0.9,-0.3,329.7,0.0,52.2,0.01,-0.1,-1.02,0.05,[b'Waypoint'],23.0,2.7,60925.0,174610.0,31.151,44492.97,28.56,14.76,10.21,89.08,5.65,0.0,0.0,1
20250609,174611,25.912518,-80.13741,-0.8,-0.4,322.4,0.0,52.2,-0.01,-0.06,-1.03,-0.87,[b'Waypoint'],22.0,-9.0,60925.0,174611.0,31.152,44488.46,28.56,14.76,10.211,88.79,5.63,0.0,0.0,1
20250609,174612,25.912525,-80.13742,-0.7,-0.5,320.5,0.0,52.2,-0.08,0.07,-0.97,-0.25,[b'Waypoint'],21.0,-11.8,60925.0,174613.0,31.152,44515.93,28.58,14.76,10.21,88.55,5.62,0.0,0.0,1
20250609,174613,25.91253,-80.13742,-1.1,-0.2,336.2,0.0,52.2,-0.03,-0.02,-1.01,-2.47,[b'Waypoint'],19.3,15.4,60925.0,174614.0,31.153,44508.54,28.57,14.76,10.211,88.38,5.61,0.0,0.0,1
20250609,174614,25.912539,-80.13743,-1.1,-0.3,322.4,0.0,52.2,-0.03,0.02,-1.0,1.32,[b'Waypoint'],23.0,-11.0,60925.0,174615.0,31.153,44533.73,28.59,14.76,10.21,88.18,5.59,0.0,0.0,1
20250609,174616,25.912552,-80.137436,-1.3,-0.2,7.0,0.0,52.2,-0.03,0.0,-1.0,0.71,[b'Thruster'],0.0,0.0,60925.0,174616.0,31.154,44555.73,28.61,14.76,10.21,88.07,5.58,0.0,0.0,1
20250609,174617,25.912558,-80.13744,-0.4,-0.2,7.0,0.0,52.2,-0.01,0.02,-0.94,2.9,[b'Thruster'],-2.2,32.2,60925.0,174617.0,31.154,44578.19,28.62,14.76,10.21,87.96,5.58,0.0,0.0,1
20250609,174618,25.912563,-80.13744,-1.1,-0.5,7.0,0.0,52.2,0.05,-0.03,-1.02,8.3,[b'Thruster'],-2.2,32.2,60925.0,174618.0,31.154,44587.18,28.63,14.76,10.21,87.9,5.57,0.0,0.0,1
20250609,174619,25.912567,-80.13745,-0.9,-0.4,7.0,0.0,52.2,-0.01,0.0,-1.0,7.3,[b'Thruster'],0.0,0.0,60925.0,174619.0,31.155,44613.04,28.65,14.76,10.21,87.87,5.57,0.0,0.0,1
20250609,174620,25.912573,-80.13745,-1.0,-0.2,7.0,0.0,52.2,-0.03,-0.05,-0.99,2.67,[b'Thruster'],-1.5,-21.5,60925.0,174620.0,31.155,44657.79,28.68,14.76,10.209,87.86,5.57,0.0,0.0,1
20250609,174621,25.912577,-80.13745,-1.6,-0.2,7.0,0.0,52.2,-0.06,0.07,-1.03,-0.4,[b'Thruster'],-1.5,-21.5,60925.0,174622.0,31.156,44709.37,28.72,14.76,10.209,87.89,5.57,0.0,0.0,1
20250609,174622,25.91258,-80.13745,-1.1,-0.5,7.0,0.0,52.2,-0.04,-0.04,-1.0,-1.97,[b'Thruster'],-1.5,-21.5,60925.0,174623.0,31.156,44722.95,28.73,14.76,10.209,87.92,5.57,0.0,0.0,1
20250609,174623,25.912584,-80.13745,-1.0,-0.3,7.0,0.0,52.2,-0.05,-0.03,-1.0,-2.79,[b'Thruster'],-1.5,-21.5,60925.0,174624.0,31.157,44762.02,28.76,14.76,10.208,87.98,5.57,0.0,0.0,1
20250609,174625,25.91259,-80.13746,-1.4,-0.2,7.0,0.0,52.3,-0.05,0.01,-1.0,-4.37,[b'Thruster'],-1.5,-21.5,60925.0,174625.0,31.159,44797.37,28.78,14.76,10.208,88.05,5.58,0.0,0.0,1
20250609,174626,25.912594,-80.13746,-1.1,-0.1,7.0,0.0,52.3,-0.02,-0.02,-0.99,-5.15,[b'Thruster'],-1.5,-21.5,60925.0,174626.0,31.16,44878.57,28.84,14.76,10.207,88.13,5.58,0.0,0.0,1
20250609,174627,25.912596,-80.13746,-1.3,0.0,324.3,0.0,52.3,-0.03,0.01,-1.01,-3.81,[b'Waypoint'],0.0,0.0,60925.0,174627.0,31.162,44929.48,28.88,14.76,10.207,88.22,5.59,0.0,0.0,1
20250609,174628,25.912598,-80.13746,-1.1,-0.1,312.9,0.0,52.3,-0.01,-0.02,-1.04,-1.18,[b'Waypoint'],21.4,-9.7,60925.0,174628.0,31.163,44949.8,28.89,14.76,10.207,88.33,5.59,0.0,0.0,1
20250609,174629,25.912601,-80.13746,-1.1,0.0,322.2,0.0,52.3,-0.0,0.04,-1.0,-0.89,[b'Waypoint'],24.0,-3.4,60925.0,174630.0,31.165,44996.96,28.92,14.76,10.207,88.42,5.6,0.0,0.0,1
20250609,174630,25.912603,-80.13747,-0.7,-0.2,331.3,0.0,52.3,-0.03,0.03,-1.0,0.62,[b'Waypoint'],20.0,16.8,60925.0,174631.0,31.167,45002.85,28.93,14.76,10.206,88.52,5.6,0.0,0.0,1
20250609,174631,25.91261,-80.13747,-0.9,-0.3,322.5,0.0,52.3,-0.01,0.06,-0.95,-0.11,[b'Waypoint'],24.2,-8.5,60925.0,174632.0,31.168,44995.73,28.92,14.76,10.206,88.59,5.61,0.0,0.0,1
20250609,174632,25.912613,-80.137474,-1.0,0.0,323.5,0.0,52.3,0.04,-0.05,-1.05,-0.63,[b'Waypoint'],26.2,6.0,60925.0,174633.0,31.17,44995.44,28.92,14.76,10.206,88.7,5.61,0.0,0.0,1
20250609,174633,25.912617,-80.137474,-0.8,-0.1,327.4,0.0,52.3,-0.02,0.06,-0.0,-0.63,[b'Waypoint'],22.0,4.6,60925.0,174634.0,31.171,44972.84,28.91,14.76,10.206,88.77,5.62,0.0,0.0,1
20250609,174635,25.91263,-80.13749,-0.7,-0.2,322.7,0.0,52.3,-0.05,0.1,-0.92,-0.88,[b'Waypoint'],24.0,0.9,60925.0,174635.0,31.173,44943.32,28.89,14.76,10.206,88.89,5.63,0.0,0.0,1
20250609,174636,25.912636,-80.13749,-1.2,-0.0,318.7,0.0,52.3,-0.05,-0.12,-1.05,-1.38,[b'Waypoint'],24.4,-3.5,60925.0,174636.0,31.175,44903.79,28.86,14.76,10.206,88.98,5.63,0.0,0.0,1
20250609,174637,25.912642,-80.1375,-0.6,-0.2,330.9,0.0,52.3,-0.03,0.04,-0.98,1.67,[b'Waypoint'],19.9,19.9,60925.0,174637.0,31.177,44851.7,28.82,14.76,10.207,89.12,5.64,0.0,0.0,1
20250609,174638,25.912647,-80.137505,-1.1,-0.2,325.1,0.0,52.3,-0.1,0.07,-0.98,-0.75,[b'Waypoint'],22.0,-0.5,60925.0,174639.0,31.178,44776.59,28.77,14.76,10.207,89.25,5.65,0.0,0.0,1
20250609,174639,25.912653,-80.137505,-0.8,-0.3,317.4,0.0,52.3,-0.01,0.03,-0.99,0.15,[b'Waypoint'],25.5,-0.0,60925.0,174640.0,31.181,44095.02,28.28,14.76,10.209,89.45,5.68,0.0,0.0,1
20250609,174640,25.912659,-80.13751,-1.0,-0.1,321.0,0.0,52.2,-0.04,0.07,-0.99,-0.79,[b'Waypoint'],22.8,-6.3,60925.0,174641.0,31.183,44400.46,28.49,14.76,10.21,89.6,5.68,0.0,0.0,1
20250609,174641,25.912664,-80.13752,-0.5,-0.2,321.4,0.0,52.2,-0.11,0.08,-0.97,0.09,[b'Waypoint'],24.0,5.7,60925.0,174642.0,31.186,43997.84,28.21,14.76,10.211,89.81,5.73,0.0,0.0,1
20250609,174642,25.912672,-80.13752,-1.0,-0.1,320.7,0.0,52.2,-0.07,-0.02,-1.02,-0.65,[b'Waypoint'],24.3,-1.3,60925.0,174643.0,31.188,44308.94,28.43,14.76,10.21,90.02,5.72,0.0,0.0,1
20250609,174643,25.912678,-80.13753,-1.0,-0.0,331.2,0.0,52.2,-0.02,0.05,-1.01,0.9,[b'Waypoint'],18.0,15.7,60925.0,174644.0,31.19,44364.54,28.47,14.76,10.209,90.26,5.73,0.0,0.0,1
20250609,174645,25.91269,-80.13754,-1.1,-0.0,325.1,0.0,52.2,-0.01,0.09,-1.02,-0.67,[b'Waypoint'],22.0,8.6,60925.0,174645.0,31.193,44409.89,28.5,14.76,10.209,90.49,5.74,0.0,0.0,1
20250609,174646,25.912695,-80.13754,-0.9,-0.2,326.8,0.0,52.2,-0.0,-0.01,-1.0,1.42,[b'Waypoint'],21.0,5.5,60925.0,174646.0,31.195,44478.08,28.55,14.76,10.209,90.75,5.75,0.0,0.0,1
20250609,174647,25.9127,-80.13755,-0.8,-0.1,326.0,0.0,52.3,-0.02,-0.0,-0.98,0.06,[b'Waypoint'],22.0,6.5,60925.0,174648.0,31.198,44364.45,28.47,14.76,10.209,91.0,5.77,0.0,0.0,1
20250609,174648,25.912708,-80.13756,-0.9,-0.2,332.6,0.0,52.3,-0.01,0.03,-1.0,0.52,[b'Waypoint'],27.0,5.4,60925.0,174649.0,31.2,44362.25,28.47,14.76,10.21,91.27,5.79,0.0,0.0,1
20250609,174649,25.912714,-80.137566,-0.8,0.0,324.2,0.0,52.3,-0.01,-0.0,-0.97,-0.1,[b'Waypoint'],27.5,7.8,60925.0,174650.0,31.202,44388.78,28.49,14.76,10.21,91.53,5.8,0.0,0.0,1
20250609,174650,25.91272,-80.137566,-0.9,-0.8,329.3,0.0,52.3,-0.04,-0.04,-1.0,2.87,[b'Waypoint'],24.9,-13.5,60925.0,174651.0,31.204,44728.84,28.73,14.76,10.211,91.76,5.86,0.0,0.0,1
20250609,174651,25.912725,-80.13757,-1.8,0.9,328.5,0.0,52.3,-0.01,-0.03,-1.04,-2.25,[b'Waypoint'],23.0,17.1,60925.0,174652.0,31.206,43461.13,27.82,14.76,10.212,91.99,5.84,0.0,0.0,1
20250609,174652,25.912733,-80.13758,0.4,-2.3,326.0,0.0,52.2,0.08,-0.01,-1.03,4.47,[b'Waypoint'],23.6,-14.9,60925.0,174653.0,31.208,42687.51,27.27,14.76,10.221,92.18,5.89,0.0,0.0,1
20250609,174654,25.912746,-80.13759,1.6,-3.5,333.6,0.0,52.3,0.03,0.04,-0.91,7.24,[b'Waypoint'],22.7,-22.7,60925.0,174654.0,31.209,40487.91,25.71,14.76,10.226,92.39,5.93,0.0,0.0,1
20250609,174655,25.912752,-80.137596,-3.0,-1.1,337.5,0.0,52.2,-0.04,0.01,-1.02,-1.22,[b'Waypoint'],22.8,22.8,60925.0,174657.0,31.211,43463.21,27.82,14.76,10.214,92.71,5.9,0.0,0.0,1
20250609,174657,25.912764,-80.1376,-1.4,0.7,322.9,0.0,52.3,-0.02,-0.05,-1.0,-2.11,[b'Station Ke'],0.0,0.0,60925.0,174658.0,31.212,43978.42,28.19,14.76,10.216,92.83,5.92,0.0,0.0,1
20250609,174658,25.912767,-80.13761,-0.4,-2.2,252.6,0.0,52.3,-0.03,0.04,-0.91,-2.03,[b'Station Ke'],5.1,-5.1,60925.0,174659.0,31.212,44352.34,28.46,14.76,10.207,92.97,5.93,0.0,0.0,1
20250609,174659,25.912771,-80.13761,-1.9,-0.2,234.0,0.0,52.3,-0.04,-0.02,-1.02,-3.97,[b'Station Ke'],-0.7,-39.1,60925.0,174700.0,31.213,42112.65,26.86,14.76,10.223,93.1,5.89,0.0,0.0,1
20250609,174700,25.912773,-80.13761,-0.7,0.3,253.6,0.0,52.3,-0.04,0.01,-1.04,-9.29,[b'Station Ke'],-2.0,-66.5,60925.0,174701.0,31.213,44561.25,28.61,14.76,10.207,93.23,5.9,0.0,0.0,1
20250609,174701,25.912777,-80.13762,-1.0,-0.2,250.7,0.0,52.3,-0.07,0.01,-0.94,-14.79,[b'Station Ke'],-2.9,-38.4,60925.0,174702.0,31.213,44801.2,28.78,14.76,10.208,93.3,5.9,0.0,0.0,1
20250609,174702,25.912777,-80.13763,-2.0,0.1,244.5,0.0,52.3,0.04,-0.05,-1.0,-16.7,[b'Station Ke'],-3.4,-36.4,60925.0,174703.0,31.213,45047.55,28.96,14.76,10.211,93.38,5.92,0.0,0.0,1
20250609,174704,25.912777,-80.137634,-2.1,1.1,244.3,0.0,52.3,-0.04,0.02,-1.06,-11.09,[b'Station Ke'],-5.6,-5.6,60925.0,174704.0,31.213,44874.18,28.83,14.76,10.208,93.45,5.91,0.0,0.0,1
20250609,174705,25.912777,-80.137634,-1.1,-2.3,246.4,0.0,52.3,-0.01,0.01,-1.03,-4.84,[b'Station Ke'],-8.3,-19.8,60925.0,174706.0,31.213,45125.36,29.01,14.76,10.209,93.51,5.92,0.0,0.0,1
20250609,174706,25.912777,-80.137634,-1.4,0.5,243.3,0.0,52.3,-0.05,0.06,-1.0,-6.57,[b'Station Ke'],-4.6,-4.6,60925.0,174707.0,31.213,45122.62,29.01,14.76,10.206,93.54,5.91,0.0,0.0,1
20250609,174708,25.912777,-80.137634,-0.9,-2.2,245.6,0.0,52.3,0.0,0.01,-0.94,-2.89,[b'Station Ke'],-11.7,-11.7,60925.0,174708.0,31.212,45033.91,28.95,14.76,10.207,93.58,5.92,0.0,0.0,1
20250609,174708,25.912777,-80.137634,-0.8,0.9,247.3,0.0,52.3,-0.06,0.06,-0.93,-3.12,[b'Station Ke'],-13.8,12.0,60925.0,174709.0,31.213,45039.39,28.95,14.76,10.207,93.6,5.92,0.0,0.0,1
20250609,174709,25.912777,-80.13764,-1.2,-1.8,253.6,0.0,52.3,-0.02,0.0,-0.99,0.63,[b'Station Ke'],-12.6,5.2,60925.0,174710.0,31.213,45037.95,28.95,14.76,10.207,93.62,5.92,0.0,0.0,1
20250609,174710,25.912779,-80.13764,-2.0,1.3,249.4,0.0,52.3,-0.06,0.02,-1.1,-0.88,[b'Station Ke'],-13.8,1.4,60925.0,174711.0,31.213,45028.75,28.95,14.76,10.207,93.63,5.92,0.0,0.0,1
20250609,174711,25.912779,-80.13764,-1.7,-1.1,251.3,0.0,52.3,-0.03,0.02,-1.02,1.66,[b'Station Ke'],-12.6,5.1,60925.0,174712.0,31.213,44997.61,28.92,14.76,10.207,93.63,5.92,0.0,0.0,1
20250609,174712,25.91278,-80.13764,-0.9,2.1,249.7,0.0,52.3,-0.02,-0.04,-1.0,-0.18,[b'Station Ke'],-13.8,-1.7,60925.0,174713.0,31.213,44940.39,28.88,14.76,10.207,93.62,5.92,0.0,0.0,1
20250609,174715,25.912783,-80.137634,-1.8,1.8,252.3,0.0,52.3,-0.04,-0.01,-1.07,0.6,[b'Station Ke'],-12.6,-8.7,60925.0,174715.0,31.213,44907.89,28.86,14.76,10.207,93.6,5.92,0.0,0.0,1
20250609,174716,25.912783,-80.137634,-1.5,-0.6,253.7,0.0,52.4,-0.02,-0.01,-1.04,1.66,[b'Station Ke'],-11.5,-7.1,60925.0,174716.0,31.213,44926.3,28.87,14.76,10.213,93.58,5.92,0.0,0.0,1
20250609,174717,25.912785,-80.137634,-1.5,1.0,251.9,0.0,52.4,-0.02,-0.01,-1.02,0.08,[b'Station Ke'],-14.1,-14.1,60925.0,174717.0,31.213,45293.15,29.14,14.76,10.206,93.56,5.91,0.0,0.0,1
20250609,174718,25.912786,-80.137634,-1.2,-1.1,256.5,0.0,52.4,-0.03,0.03,-0.99,2.85,[b'Station Ke'],-12.6,-4.6,60925.0,174718.0,31.214,44934.77,28.88,14.76,10.209,93.53,5.92,0.0,0.0,1
20250609,174719,25.912786,-80.137634,-1.5,1.1,257.5,0.0,52.3,-0.03,0.01,-1.04,0.48,[b'Station Ke'],-11.5,-9.3,60925.0,174719.0,31.214,45172.93,29.05,14.76,10.205,93.5,5.91,0.0,0.0,1
20250609,174720,25.912788,-80.137634,-1.0,-0.6,262.8,0.0,52.3,-0.03,0.01,-0.99,1.3,[b'Station Ke'],-12.9,-1.7,60925.0,174720.0,31.214,45068.7,28.97,14.76,10.205,93.49,5.91,0.0,0.0,1
20250609,174721,25.912788,-80.13763,-1.4,0.9,258.0,0.0,52.3,-0.02,-0.0,-1.02,-0.05,[b'Station Ke'],-10.1,-10.1,60925.0,174721.0,31.214,45085.17,28.99,14.76,10.205,93.47,5.91,0.0,0.0,1
20250609,174722,25.91279,-80.13763,-1.0,0.4,259.5,0.0,52.3,-0.03,-0.02,-0.98,2.01,[b'Station Ke'],-9.2,-3.9,60925.0,174722.0,31.214,45036.82,28.95,14.76,10.205,93.45,5.91,0.0,0.0,1
20250609,174723,25.91279,-80.13763,-1.6,1.6,255.6,0.0,52.3,-0.02,-0.03,-1.05,-0.84,[b'Station Ke'],-12.3,-12.3,60925.0,174724.0,31.214,45064.38,28.97,14.76,10.205,93.45,5.91,0.0,0.0,1
20250609,174725,25.912792,-80.13762,-2.2,0.6,258.7,0.0,52.3,-0.03,-0.01,-1.09,1.3,[b'Station Ke'],-12.3,-12.3,60925.0,174725.0,31.214,45068.09,28.97,14.76,10.205,93.44,5.91,0.0,0.0,1
20250609,174726,25.912794,-80.13762,-1.0,-0.5,265.5,0.0,52.3,-0.03,0.0,-1.0,1.79,[b'Station Ke'],-3.2,-11.8,60925.0,174726.0,31.214,45077.73,28.98,14.76,10.204,93.44,5.91,0.0,0.0,1
20250609,174727,25.912794,-80.13761,-1.1,0.4,266.4,0.0,52.3,0.01,-0.02,-1.0,0.17,[b'Station Ke'],-0.7,-9.5,60925.0,174727.0,31.214,45074.15,28.98,14.76,10.204,93.44,5.91,0.0,0.0,1
20250609,174728,25.912796,-80.13761,-0.8,0.2,0.0,0.0,52.3,-0.01,-0.03,-0.97,2.08,[b'Waypoint'],0.0,0.0,60925.0,174728.0,31.214,45077.77,28.98,14.76,10.204,93.46,5.91,0.0,0.0,1
20250609,174729,25.912796,-80.13761,-1.6,0.7,269.0,0.0,52.3,-0.03,-0.03,-1.05,0.99,[b'Station Ke'],-0.7,-10.1,60925.0,174729.0,31.213,45078.85,28.98,14.76,10.204,93.48,5.91,0.0,0.0,1
20250609,174730,25.912796,-80.13761,-0.8,0.4,3.0,0.0,52.3,-0.01,-0.01,-1.0,1.05,[b'Standby'],0.0,0.0,60925.0,174730.0,31.213,45074.84,28.98,14.76,10.203,93.5,5.91,0.0,0.0,1
20250609,174731,25.912796,-80.1376,-1.6,-0.1,0.0,0.0,52.3,-0.02,0.02,-1.04,1.51,[b'Waypoint'],-0.6,31.9,60925.0,174731.0,31.212,45075.65,28.98,14.76,10.203,93.53,5.91,0.0,0.0,1
20250609,174732,25.912798,-80.1376,-1.3,-0.4,325.5,0.0,52.3,-0.03,0.13,-1.05,10.21,[b'Waypoint'],-4.3,74.3,60925.0,174733.0,31.211,45066.6,28.97,14.76,10.203,93.56,5.92,0.0,0.0,1
20250609,174734,25.9128,-80.1376,-1.1,-0.3,325.1,0.0,52.3,-0.01,-0.01,-0.99,8.16,[b'Waypoint'],13.0,6.7,60925.0,174734.0,31.211,45059.34,28.97,14.75,10.202,93.59,5.92,0.0,0.0,1
20250609,174735,25.9128,-80.1376,-1.2,-0.3,325.0,0.0,52.3,-0.02,-0.01,-1.01,6.23,[b'Waypoint'],17.0,2.6,60925.0,174735.0,31.21,45145.35,29.03,14.75,10.202,93.63,5.92,0.0,0.0,1
20250609,174736,25.9128,-80.1376,-1.0,-0.0,325.1,0.0,52.3,0.05,-0.05,-1.02,5.23,[b'Waypoint'],19.0,-0.2,60925.0,174736.0,31.209,45147.33,29.03,14.75,10.202,93.66,5.92,0.0,0.0,1
20250609,174737,25.912802,-80.1376,-0.6,-0.3,321.2,0.0,52.3,0.01,0.06,-1.02,2.89,[b'Waypoint'],23.0,-4.7,60925.0,174737.0,31.207,45115.82,29.01,14.75,10.202,93.71,5.93,0.0,0.0,1
20250609,174738,25.912804,-80.1376,-0.9,0.1,322.1,0.0,52.3,-0.0,-0.01,-0.99,1.92,[b'Waypoint'],24.0,-0.8,60925.0,174738.0,31.206,44888.63,28.84,14.75,10.203,93.74,5.93,0.0,0.0,1
20250609,174739,25.912807,-80.1376,-0.2,-0.9,331.0,0.0,52.3,0.03,0.04,-0.98,-0.62,[b'Waypoint'],21.7,-9.7,60925.0,174739.0,31.204,44968.36,28.9,14.75,10.203,93.78,5.93,0.0,0.0,1
20250609,174740,25.912811,-80.13761,-1.0,-0.3,326.9,0.0,52.3,0.01,0.07,-1.0,-0.79,[b'Waypoint'],21.0,18.6,60925.0,174740.0,31.203,44974.23,28.91,14.75,10.202,93.83,5.94,0.0,0.0,1
20250609,174741,25.912815,-80.13761,-0.5,-0.7,323.4,0.0,52.3,-0.05,0.02,-1.01,1.13,[b'Waypoint'],23.0,3.3,60925.0,174742.0,31.202,44921.89,28.87,14.75,10.202,93.89,5.94,0.0,0.0,1
20250609,174742,25.91282,-80.13762,-0.8,0.2,324.2,0.0,52.3,0.0,-0.01,-1.01,2.02,[b'Waypoint'],24.0,-1.4,60925.0,174743.0,31.201,44904.87,28.86,14.75,10.203,93.96,5.94,0.0,0.0,1
20250609,174744,25.91283,-80.13763,-0.7,-0.4,328.0,0.0,52.3,-0.01,-0.02,-1.03,0.21,[b'Waypoint'],21.0,14.2,60925.0,174744.0,31.2,44862.13,28.83,14.75,10.203,94.03,5.95,0.0,0.0,1
20250609,174745,25.912836,-80.137634,-1.2,0.3,323.1,0.0,52.3,-0.02,0.0,-1.01,1.11,[b'Waypoint'],24.7,3.6,60925.0,174745.0,31.199,44862.18,28.83,14.75,10.203,94.09,5.96,0.0,0.0,1
20250609,174746,25.912842,-80.13764,-0.2,-0.2,321.7,0.0,52.3,-0.01,0.06,-0.96,0.05,[b'Waypoint'],24.0,3.5,60925.0,174746.0,31.198,44806.34,28.79,14.75,10.203,94.17,5.96,0.0,0.0,1
20250609,174747,25.91285,-80.13764,-0.7,0.1,314.5,0.0,52.3,-0.0,-0.01,-1.0,-0.37,[b'Waypoint'],25.2,-0.2,60925.0,174747.0,31.197,44780.85,28.77,14.75,10.203,94.24,5.97,0.0,0.0,1
20250609,174748,25.912855,-80.13765,-0.8,0.0,322.8,0.0,52.3,0.03,-0.07,-0.99,-0.59,[b'Waypoint'],23.0,9.7,60925.0,174748.0,31.196,44715.47,28.72,14.75,10.204,94.31,5.97,0.0,0.0,1
20250609,174749,25.91286,-80.13766,-0.5,-0.3,304.6,0.0,52.3,0.01,0.01,-0.99,0.03,[b'Waypoint'],28.3,-3.7,60925.0,174750.0,31.196,44684.17,28.7,14.75,10.204,94.34,5.97,0.0,0.0,1
20250609,174750,25.912867,-80.137665,-1.1,-0.4,326.8,0.0,52.3,-0.02,0.05,-1.02,-0.25,[b'Waypoint'],21.0,17.4,60925.0,174751.0,31.195,44653.36,28.68,14.75,10.204,94.35,5.98,0.0,0.0,1
20250609,174751,25.912872,-80.137665,-0.7,-0.4,323.8,0.0,52.3,-0.01,-0.02,-1.01,0.95,[b'Waypoint'],26.9,-6.4,60925.0,174752.0,31.194,44563.35,28.61,14.76,10.205,94.35,5.98,0.0,0.0,1
20250609,174753,25.912886,-80.13768,-1.1,0.1,322.2,0.0,52.3,-0.02,-0.02,-1.01,-0.09,[b'Waypoint'],24.0,8.8,60925.0,174753.0,31.193,44474.93,28.55,14.75,10.206,94.3,5.98,0.0,0.0,1
20250609,174754,25.912891,-80.13769,-0.6,-0.5,307.9,0.0,52.3,0.02,0.01,-0.97,0.93,[b'Waypoint'],26.6,-9.4,60925.0,174754.0,31.192,44442.94,28.53,14.76,10.206,94.25,5.97,0.0,0.0,1
20250609,174755,25.912899,-80.137695,-0.9,-0.5,319.8,0.0,52.3,-0.05,0.04,-0.98,-0.73,[b'Waypoint'],25.5,1.0,60925.0,174755.0,31.191,44420.41,28.51,14.76,10.207,94.13,5.97,0.0,0.0,1
20250609,174756,25.912905,-80.137695,-1.0,-0.1,314.6,0.0,52.3,-0.02,0.09,-0.96,-1.81,[b'Waypoint'],25.3,-7.2,60925.0,174756.0,31.19,44396.21,28.49,14.76,10.207,94.03,5.96,0.0,0.0,1
20250609,174757,25.91291,-80.1377,-0.8,-0.3,316.9,0.0,52.3,-0.05,-0.03,-1.02,-0.37,[b'Waypoint'],24.0,0.5,60925.0,174757.0,31.189,44311.46,28.43,14.76,10.207,93.87,5.95,0.0,0.0,1
20250609,174758,25.912916,-80.13771,-0.9,-0.3,323.9,0.0,52.3,-0.02,-0.0,-1.01,-0.6,[b'Waypoint'],22.0,14.7,60925.0,174759.0,31.188,44273.41,28.4,14.76,10.207,93.73,5.95,0.0,0.0,1
20250609,174759,25.912922,-80.13772,-1.1,0.1,325.4,0.0,52.3,0.0,0.0,-1.03,-0.53,[b'Waypoint'],22.6,15.3,60925.0,174800.0,31.188,44196.75,28.35,14.76,10.208,93.54,5.94,0.0,0.0,1
20250609,174800,25.912928,-80.137726,-0.7,-0.3,318.8,0.0,52.3,-0.02,0.01,-1.04,-0.46,[b'Waypoint'],24.0,8.4,60925.0,174801.0,31.187,44202.21,28.35,14.76,10.208,93.36,5.93,0.0,0.0,1
20250609,174802,25.91294,-80.13773,-1.2,-0.1,323.5,0.0,52.3,-0.01,0.01,-1.03,0.34,[b'Waypoint'],21.0,11.5,60925.0,174802.0,31.186,44199.07,28.35,14.76,10.208,93.13,5.91,0.0,0.0,1
20250609,174803,25.912945,-80.13774,-0.6,-0.7,321.8,0.0,52.3,-0.07,0.11,-1.0,2.16,[b'Waypoint'],23.0,-0.3,60925.0,174803.0,31.185,44235.29,28.38,14.76,10.208,92.89,5.89,0.0,0.0,1
20250609,174804,25.91295,-80.13775,-1.4,-0.1,321.2,0.0,52.3,-0.07,0.03,-1.02,0.02,[b'Waypoint'],24.0,4.5,60925.0,174804.0,31.181,44229.97,28.37,14.76,10.208,87.54,5.56,0.0,0.0,1
20250609,174805,25.912956,-80.13776,-0.7,-0.1,314.8,0.0,52.3,-0.01,0.02,-1.01,-0.34,[b'Waypoint'],22.0,-6.4,60925.0,174805.0,31.175,44294.55,28.42,14.76,10.208,84.48,5.36,0.0,0.0,1
20250609,174806,25.912962,-80.137764,-0.7,-0.4,313.4,0.0,52.3,-0.01,-0.04,-1.04,-1.01,[b'Waypoint'],21.0,-10.1,60925.0,174806.0,31.169,44323.13,28.44,14.76,10.208,81.05,5.14,0.0,0.0,1
20250609,174807,25.912968,-80.13777,-1.2,-0.3,321.0,0.0,52.3,0.03,0.02,-1.0,-0.35,[b'Waypoint'],25.8,10.8,60925.0,174808.0,31.162,44307.65,28.43,14.76,10.209,79.95,5.07,0.0,0.0,1
20250609,174808,25.912973,-80.13777,-0.6,-0.5,312.8,0.0,52.3,-0.04,0.08,-0.98,-1.09,[b'Waypoint'],21.0,-9.2,60925.0,174809.0,31.151,44256.61,28.39,14.76,10.209,74.58,4.73,0.0,0.0,1
20250609,174809,25.91298,-80.13778,-1.3,-0.3,313.3,0.0,52.3,-0.09,0.04,-1.01,-0.94,[b'Waypoint'],22.0,-1.8,60925.0,174810.0,31.143,44260.05,28.4,14.76,10.209,72.06,4.57,0.0,0.0,1
20250609,174810,25.912985,-80.13779,-1.3,-0.3,313.1,0.0,52.3,-0.03,0.01,-1.01,1.03,[b'Waypoint'],21.1,-12.0,60925.0,174811.0,31.131,44298.09,28.42,14.76,10.209,68.65,4.36,0.0,0.0,1
20250609,174812,25.912996,-80.137794,-1.2,-0.2,317.7,0.0,52.3,-0.09,0.07,-0.92,0.38,[b'Waypoint'],24.7,-7.2,60925.0,174812.0,31.121,44275.75,28.41,14.76,10.209,67.0,4.26,0.0,0.0,1
20250609,174813,25.913004,-80.1378,-0.9,-0.2,301.4,0.0,52.3,-0.1,-0.01,-0.99,-1.08,[b'Waypoint'],17.1,-17.1,60925.0,174813.0,31.113,44306.91,28.43,14.76,10.209,65.49,4.16,0.0,0.0,1
20250609,174814,25.91301,-80.13781,-0.5,-0.0,309.9,0.0,52.3,-0.03,-0.01,-1.01,-1.39,[b'Waypoint'],20.0,-11.9,60925.0,174814.0,31.103,44288.43,28.42,14.76,10.209,64.18,4.08,0.0,0.0,1
20250609,174815,25.913015,-80.13782,-1.2,-0.1,326.6,0.0,52.3,-0.02,0.05,-1.02,-1.48,[b'Waypoint'],23.0,9.5,60925.0,174816.0,31.094,44277.32,28.41,14.76,10.209,63.32,4.02,0.0,0.0,1
20250609,174816,25.913023,-80.137825,-0.6,-0.2,323.5,0.0,52.3,-0.03,0.02,-1.01,0.8,[b'Waypoint'],20.4,15.5,60925.0,174817.0,31.087,44248.87,28.39,14.76,10.21,62.56,3.98,0.0,0.0,1
20250609,174817,25.913029,-80.137825,-0.7,-0.2,313.2,0.0,52.3,-0.1,0.08,-0.97,-0.2,[b'Waypoint'],23.2,-0.0,60925.0,174818.0,31.083,44175.8,28.34,14.76,10.21,62.05,3.94,0.0,0.0,1
20250609,174818,25.913034,-80.13783,-1.1,-0.1,317.3,0.0,52.3,-0.01,0.01,-1.01,-0.7,[b'Waypoint'],24.0,3.4,60925.0,174819.0,31.08,44080.75,28.27,14.76,10.21,57.99,3.69,0.0,0.0,1
20250609,174819,25.91304,-80.13784,-0.6,-0.3,313.5,0.0,52.3,0.03,0.06,-0.97,-1.41,[b'Waypoint'],24.0,-1.4,60925.0,174820.0,31.079,44009.7,28.22,14.76,10.211,57.05,3.63,0.0,0.0,1
20250609,174821,25.913052,-80.137856,-1.0,-0.4,322.6,0.0,52.3,-0.03,0.0,-0.96,0.26,[b'Waypoint'],23.9,5.9,60925.0,174821.0,31.08,43998.43,28.21,14.76,10.211,56.19,3.58,0.0,0.0,1
20250609,174822,25.91306,-80.13786,-0.6,-0.4,315.4,0.0,52.3,-0.04,-0.0,-0.98,-0.1,[b'Waypoint'],24.0,-0.2,60925.0,174822.0,31.082,43918.73,28.15,14.76,10.212,55.81,3.55,0.0,0.0,1
20250609,174823,25.913065,-80.13786,-1.1,-0.4,319.0,0.0,52.3,0.01,0.01,-1.05,-0.35,[b'Waypoint'],22.0,10.5,60925.0,174823.0,31.085,43853.79,28.11,14.76,10.212,55.15,3.51,0.0,0.0,1
20250609,174824,25.91307,-80.13787,-1.0,-0.5,319.1,0.0,52.3,-0.04,0.03,-0.99,0.57,[b'Waypoint'],22.0,6.5,60925.0,174825.0,31.087,43828.07,28.09,14.76,10.212,54.74,3.48,0.0,0.0,1
20250609,174825,25.913076,-80.13788,-0.8,-0.5,318.5,0.0,52.3,-0.05,-0.05,-0.98,1.33,[b'Waypoint'],23.0,1.1,60925.0,174826.0,31.09,43839.41,28.1,14.76,10.212,54.31,3.46,0.0,0.0,1
20250609,174826,25.913082,-80.137886,-1.3,-0.3,311.2,0.0,52.3,-0.02,0.04,-1.01,0.03,[b'Waypoint'],24.1,-5.3,60925.0,174827.0,31.092,43800.63,28.07,14.76,10.212,53.88,3.43,0.0,0.0,1
20250609,174827,25.91309,-80.13789,-0.7,-0.3,312.7,0.0,52.3,-0.03,0.01,-0.97,-0.19,[b'Waypoint'],23.0,-4.2,60925.0,174828.0,31.097,43735.74,28.02,14.76,10.213,53.47,3.4,0.0,0.0,1
20250609,174828,25.913095,-80.1379,-0.7,-0.3,313.6,0.0,52.3,-0.05,0.04,-0.97,-0.54,[b'Waypoint'],23.0,-0.3,60925.0,174829.0,31.101,43749.15,28.03,14.76,10.213,53.14,3.38,0.0,0.0,1
20250609,174830,25.913107,-80.13791,-1.1,-0.2,3.0,0.0,52.3,-0.03,-0.0,-1.01,-0.6,[b'File Downl'],1.7,1.7,60925.0,174830.0,31.106,43730.81,28.02,14.76,10.213,52.83,3.36,0.0,0.0,1
20250609,174831,25.913113,-80.13792,-1.1,-0.2,0.0,0.0,52.3,-0.06,0.05,-1.05,1.11,[b'Waypoint'],-0.4,51.1,60925.0,174831.0,31.111,43797.31,28.07,14.76,10.213,52.53,3.34,0.0,0.0,1
20250609,174832,25.913116,-80.137924,-1.3,-0.5,314.6,0.0,52.3,-0.06,-0.01,-0.95,6.07,[b'Station Ke'],0.0,0.0,60925.0,174833.0,31.115,43850.55,28.1,14.76,10.212,52.35,3.33,0.0,0.0,1
20250609,174833,25.913122,-80.137924,-0.8,-0.5,267.7,0.0,52.3,-0.02,0.01,-1.0,2.81,[b'Waypoint'],-1.0,-27.0,60925.0,174834.0,31.119,43875.68,28.12,14.76,10.212,52.12,3.32,0.0,0.0,1
20250609,174834,25.913126,-80.13793,-1.1,-0.3,263.3,0.0,52.3,-0.03,-0.09,-0.98,-3.43,[b'Waypoint'],-0.3,-64.1,60925.0,174835.0,31.12,43915.94,28.15,14.76,10.212,51.82,3.3,0.0,0.0,1
20250609,174835,25.913132,-80.13793,-0.8,0.5,258.8,0.0,52.3,0.01,-0.03,-0.93,-16.03,[b'Waypoint'],-6.4,-59.1,60925.0,174836.0,31.122,43979.91,28.2,14.76,10.211,51.33,3.26,0.0,0.0,1
20250609,174836,25.913134,-80.13794,-1.3,0.1,255.6,0.0,52.4,0.01,-0.03,-1.05,-14.32,[b'Waypoint'],-1.4,-19.5,60925.0,174837.0,31.122,44050.45,28.25,14.76,10.211,50.95,3.24,0.0,0.0,1
20250609,174837,25.913134,-80.13795,-1.1,0.1,252.6,0.0,52.4,0.09,-0.21,-1.09,-10.4,[b'Waypoint'],5.1,-19.4,60925.0,174838.0,31.122,44078.45,28.27,14.76,10.211,50.55,3.21,0.0,0.0,1
20250609,174839,25.913136,-80.137955,-1.3,0.5,247.6,0.0,52.4,-0.02,0.04,-0.99,-6.48,[b'Waypoint'],11.9,-13.2,60925.0,174839.0,31.121,44089.61,28.27,14.76,10.211,50.24,3.19,0.0,0.0,1
20250609,174840,25.913136,-80.137955,-1.1,-0.3,245.6,0.0,52.4,-0.01,0.03,-0.99,-4.75,[b'Waypoint'],13.9,-16.0,60925.0,174841.0,31.118,44157.43,28.32,14.76,10.21,49.93,3.17,0.0,0.0,1
20250609,174841,25.913134,-80.13796,-1.2,-0.1,242.9,0.0,52.3,-0.03,0.06,-0.99,-5.25,[b'Waypoint'],15.0,-13.8,60925.0,174842.0,31.116,44185.75,28.34,14.76,10.21,49.69,3.16,0.0,0.0,1
20250609,174842,25.913134,-80.13797,-0.8,-1.0,240.2,0.0,52.3,0.06,-0.02,-1.01,-4.31,[b'Waypoint'],17.0,-13.0,60925.0,174843.0,31.113,44206.13,28.36,14.76,10.21,49.44,3.14,0.0,0.0,1
20250609,174843,25.913132,-80.13797,-0.8,-0.1,237.2,0.0,52.3,-0.04,-0.02,-0.99,-4.24,[b'Waypoint'],18.0,-12.0,60925.0,174844.0,31.11,44223.9,28.37,14.76,10.209,49.22,3.13,0.0,0.0,1
20250609,174845,25.913128,-80.13798,-0.6,-1.2,234.9,0.0,52.3,-0.02,0.06,-0.94,-3.81,[b'Waypoint'],19.0,-18.8,60925.0,174845.0,31.107,44228.0,28.37,14.76,10.209,49.06,3.12,0.0,0.0,1
20250609,174846,25.913126,-80.137985,-1.1,-0.6,243.7,0.0,52.4,-0.02,0.02,-0.94,-3.14,[b'Station Ke'],1.3,1.3,60925.0,174846.0,31.102,44246.0,28.39,14.76,10.209,48.91,3.11,0.0,0.0,1
20250609,174846,25.913124,-80.13799,-1.2,0.2,0.0,0.0,52.4,-0.04,0.0,-0.98,-1.67,[b'Waypoint'],-0.6,31.8,60925.0,174847.0,31.097,44251.58,28.39,14.76,10.209,48.81,3.1,0.0,0.0,1
20250609,174848,25.913118,-80.138,-1.4,-0.4,0.0,0.0,52.4,-0.02,0.01,-1.06,4.87,[b'Waypoint'],-0.7,35.2,60925.0,174849.0,31.091,44270.82,28.4,14.76,10.209,48.74,3.1,0.0,0.0,1
20250609,174849,25.913118,-80.13801,-0.9,-0.2,157.5,0.0,52.4,-0.01,-0.0,-1.01,4.52,[b'Waypoint'],0.0,0.0,60925.0,174850.0,31.084,44292.82,28.42,14.76,10.209,48.69,3.09,0.0,0.0,1
20250609,174850,25.913116,-80.13801,-1.1,0.2,156.1,0.0,52.4,-0.0,-0.03,-0.98,1.74,[b'Waypoint'],-0.3,-39.5,60925.0,174851.0,31.078,44292.68,28.42,14.76,10.208,48.66,3.09,0.0,0.0,1
20250609,174851,25.913116,-80.138016,-0.7,0.1,154.9,0.0,52.4,-0.08,0.05,-0.97,-6.52,[b'Waypoint'],-5.2,-75.2,60925.0,174852.0,31.073,44292.04,28.42,14.76,10.208,48.62,3.09,0.0,0.0,1
20250609,174853,25.913115,-80.138016,-1.1,2.5,153.6,0.0,52.4,-0.01,0.05,-0.97,-6.52,[b'Waypoint'],-5.2,-75.2,60925.0,174853.0,31.067,44252.69,28.39,14.76,10.209,48.55,3.09,0.0,0.0,1
20250609,174853,25.91311,-80.13802,-1.3,1.2,152.6,0.0,52.4,-0.04,0.05,-1.01,-20.21,[b'Waypoint'],-8.8,-43.9,60925.0,174854.0,31.063,44245.0,28.39,14.76,10.208,48.47,3.08,0.0,0.0,1
20250609,174854,25.913107,-80.13802,-0.8,0.8,151.8,0.0,52.4,-0.08,-0.05,-1.02,-13.07,[b'Waypoint'],-2.2,-30.9,60925.0,174855.0,31.059,44216.06,28.37,14.76,10.209,48.31,3.07,0.0,0.0,1
20250609,174856,25.913105,-80.13802,-0.8,0.6,151.2,0.0,52.4,-0.01,-0.08,-0.97,-11.28,[b'Waypoint'],2.6,-23.6,60925.0,174856.0,31.058,44224.55,28.37,14.76,10.209,48.16,3.06,0.0,0.0,1
20250609,174858,25.913101,-80.13802,-1.3,0.1,150.4,0.0,52.4,-0.03,-0.05,-1.05,-7.2,[b'Waypoint'],13.0,-4.6,60925.0,174858.0,31.056,44226.73,28.37,14.76,10.208,47.89,3.05,0.0,0.0,1
20250609,174859,25.9131,-80.138016,-0.7,0.0,150.1,0.0,52.4,-0.01,0.01,-0.98,-4.38,[b'Waypoint'],17.0,-3.1,60925.0,174859.0,31.056,44238.13,28.38,14.76,10.208,47.59,3.03,0.0,0.0,1
20250609,174900,25.913095,-80.138016,-0.9,-0.1,149.8,0.0,52.4,0.02,-0.0,-0.96,-3.84,[b'Waypoint'],19.0,-2.5,60925.0,174900.0,31.056,44237.79,28.38,14.76,10.208,47.27,3.01,0.0,0.0,1
20250609,174901,25.913094,-80.138016,-0.4,0.0,144.2,0.0,52.4,-0.08,0.05,-0.95,-4.01,[b'Waypoint'],19.0,-8.8,60925.0,174902.0,31.06,44227.92,28.38,14.76,10.208,46.54,2.96,0.0,0.0,1
20250609,174903,25.913086,-80.13801,-0.9,-0.0,145.0,0.0,52.4,0.07,-0.06,-1.05,-2.08,[b'Waypoint'],22.0,-7.0,60925.0,174903.0,31.063,44218.65,28.37,14.76,10.208,46.16,2.93,0.0,0.0,1
20250609,174904,25.91308,-80.13801,-0.6,-0.1,152.0,0.0,52.4,-0.06,0.0,-1.02,-0.8,[b'Waypoint'],22.0,7.2,60925.0,174904.0,31.066,44216.77,28.37,14.76,10.208,45.82,2.91,0.0,0.0,1
20250609,174905,25.913076,-80.138,-0.8,-0.1,148.3,0.0,52.4,-0.04,-0.04,-0.97,-0.66,[b'Waypoint'],26.1,-4.7,60925.0,174905.0,31.069,44204.61,28.36,14.76,10.208,45.36,2.88,0.0,0.0,1
20250609,174906,25.91307,-80.138,-0.6,-0.0,147.9,0.0,52.4,0.0,0.02,-0.99,0.05,[b'Waypoint'],24.0,-4.1,60925.0,174906.0,31.07,44243.57,28.39,14.76,10.207,45.05,2.86,0.0,0.0,1
20250609,174907,25.913065,-80.13799,-0.9,-0.0,147.2,0.0,52.4,-0.0,-0.01,-1.02,-0.16,[b'Waypoint'],24.0,-0.9,60925.0,174908.0,31.071,44219.32,28.37,14.76,10.207,44.65,2.84,0.0,0.0,1
20250609,174909,25.913054,-80.137985,-0.5,-0.1,151.7,0.0,52.4,-0.02,0.02,-0.98,-0.09,[b'Waypoint'],22.0,5.6,60925.0,174909.0,31.068,44091.75,28.28,14.76,10.216,44.32,2.84,0.0,0.0,1
20250609,174910,0.0,0.0,-1.2,-0.1,148.4,0.0,52.4,0.02,-0.11,-1.02,-0.04,[b'Waypoint'],24.0,-1.9,60925.0,174910.0,31.065,44166.05,28.33,14.76,10.208,44.05,2.8,0.0,0.0,1
20250609,174911,25.913042,-80.13797,-0.7,0.0,151.6,0.0,52.4,0.02,-0.1,-1.02,-0.33,[b'Waypoint'],22.0,4.9,60925.0,174911.0,31.06,43673.39,27.98,14.76,10.209,43.75,2.79,0.0,0.0,1
20250609,174912,25.913036,-80.13797,-0.7,-0.1,147.5,0.0,52.4,-0.04,0.0,-1.0,0.18,[b'Waypoint'],24.0,-1.9,60925.0,174912.0,31.055,44102.23,28.29,14.76,10.208,43.53,2.77,0.0,0.0,1
20250609,174913,25.91303,-80.13796,-1.1,0.1,150.7,0.0,52.4,-0.03,-0.03,-1.01,-0.93,[b'Waypoint'],25.7,0.4,60925.0,174913.0,31.048,44100.38,28.28,14.76,10.208,43.22,2.75,0.0,0.0,1
20250609,174914,25.913025,-80.137955,-0.6,0.1,151.5,0.0,52.4,0.05,-0.03,-1.05,0.08,[b'Waypoint'],25.4,-0.6,60925.0,174914.0,31.041,44063.77,28.26,14.76,10.208,43.02,2.74,0.0,0.0,1
20250609,174915,25.91302,-80.137955,-1.1,-0.0,147.7,0.0,52.4,-0.08,-0.01,-1.02,0.84,[b'Waypoint'],24.0,-3.3,60925.0,174915.0,31.032,44029.35,28.23,14.76,10.208,42.75,2.72,0.0,0.0,1
20250609,174916,25.913013,-80.13795,-0.9,0.0,147.1,0.0,52.4,0.03,-0.06,-0.98,0.06,[b'Waypoint'],24.0,-3.2,60925.0,174917.0,31.022,44019.84,28.23,14.76,10.208,42.58,2.71,0.0,0.0,1
20250609,174918,25.913,-80.13793,-0.7,-0.1,148.7,0.0,52.4,-0.03,-0.01,-1.0,0.39,[b'Waypoint'],24.0,-1.7,60925.0,174918.0,31.011,43971.7,28.19,14.76,10.208,42.37,2.7,0.0,0.0,1
20250609,174919,25.912994,-80.13793,-0.5,-0.0,160.4,0.0,52.4,0.02,-0.05,-1.03,-0.51,[b'Waypoint'],20.8,15.1,60925.0,174919.0,31.0,43932.43,28.17,14.76,10.209,42.25,2.69,0.0,0.0,1
20250609,174920,25.912989,-80.137924,-1.1,-0.0,147.5,0.0,52.4,-0.11,0.09,-0.99,-0.02,[b'Waypoint'],24.0,-2.7,60925.0,174920.0,30.989,43905.78,28.15,14.76,10.209,42.12,2.68,0.0,0.0,1
20250609,174921,25.912983,-80.13792,-0.8,0.0,153.6,0.0,52.4,-0.07,0.11,-1.02,-2.28,[b'Waypoint'],26.2,6.3,60925.0,174921.0,30.979,43897.57,28.14,14.76,10.209,42.02,2.68,0.0,0.0,1
20250609,174922,25.912977,-80.13792,-0.8,-0.2,146.1,0.0,52.4,-0.03,-0.02,-1.02,-0.7,[b'Station Ke'],0.5,0.5,60925.0,174922.0,30.969,43929.86,28.16,14.76,10.209,41.94,2.67,0.0,0.0,1
20250609,174923,25.912971,-80.13791,-0.8,-0.1,146.1,0.0,52.4,-0.02,0.01,-0.96,-0.75,[b'Station Ke'],-0.1,2.0,60925.0,174923.0,30.96,43928.84,28.16,14.76,10.209,41.9,2.67,0.0,0.0,1
20250609,174924,25.912966,-80.1379,-0.1,-0.2,0.0,0.0,52.4,-0.01,0.01,-0.97,-1.44,[b'Waypoint'],-0.3,-55.6,60925.0,174925.0,30.951,43954.64,28.18,14.76,10.209,41.88,2.67,0.0,0.0,1
20250609,174925,25.912962,-80.1379,-1.0,-0.2,144.3,0.0,52.4,-0.02,0.01,-1.02,-4.95,[b'Station Ke'],0.0,0.0,60925.0,174926.0,30.943,43958.95,28.19,14.76,10.208,41.88,2.67,0.0,0.0,1
20250609,174926,25.91296,-80.13789,-1.3,-0.1,0.0,0.0,52.4,-0.01,-0.02,-1.04,-2.82,[b'Waypoint'],1.0,-31.8,60925.0,174927.0,30.934,43987.64,28.21,14.76,10.208,41.92,2.67,0.0,0.0,1
20250609,174928,25.912954,-80.137886,-1.1,0.3,119.6,0.0,52.4,0.11,-0.1,-1.07,-3.41,[b'Waypoint'],19.0,-10.7,60925.0,174928.0,30.926,44004.62,28.22,14.76,10.208,41.98,2.68,0.0,0.0,1
20250609,174929,25.912952,-80.13788,-0.9,0.2,114.0,0.0,52.4,-0.04,0.1,-1.01,-3.2,[b'Waypoint'],18.0,-17.6,60925.0,174929.0,30.919,44023.68,28.23,14.76,10.208,42.08,2.68,0.0,0.0,1
20250609,174930,25.91295,-80.13788,-1.1,-0.1,116.9,0.0,52.4,-0.0,0.02,-1.01,-2.64,[b'Waypoint'],21.0,-6.8,60925.0,174930.0,30.914,44052.11,28.25,14.76,10.208,42.19,2.69,0.0,0.0,1
20250609,174931,25.912947,-80.13787,-0.5,-0.0,119.0,0.0,52.4,-0.04,-0.03,-1.01,-2.77,[b'Waypoint'],23.8,-4.4,60925.0,174932.0,30.909,44050.0,28.25,14.76,10.208,42.44,2.71,0.0,0.0,1
20250609,174932,25.912945,-80.13786,-0.9,0.0,125.6,0.0,52.4,0.01,-0.02,-0.99,0.82,[b'Waypoint'],21.0,-1.0,60925.0,174933.0,30.908,44074.73,28.27,14.76,10.208,42.63,2.72,0.0,0.0,1
20250609,174933,25.912943,-80.137856,-0.3,-0.2,120.1,0.0,52.4,-0.02,0.03,-0.96,-1.54,[b'Station Ke'],3.6,-3.6,60925.0,174934.0,30.907,44125.5,28.31,14.76,10.207,42.93,2.74,0.0,0.0,1
20250609,174935,25.91294,-80.13784,-1.0,-0.1,0.0,0.0,52.4,-0.03,0.0,-1.0,-0.52,[b'Waypoint'],-0.1,-39.9,60925.0,174935.0,30.907,44145.36,28.32,14.76,10.207,43.24,2.76,0.0,0.0,1
20250609,174936,25.912937,-80.13784,-0.9,0.2,166.8,0.0,52.4,-0.05,-0.02,-1.04,-4.83,[b'Waypoint'],-0.3,-16.8,60925.0,174936.0,30.909,44175.85,28.34,14.76,10.207,43.5,2.77,0.0,0.0,1
20250609,174937,25.912937,-80.13783,-1.3,0.1,167.7,0.0,52.4,-0.03,-0.01,-1.02,-2.74,[b'Waypoint'],0.0,0.0,60925.0,174937.0,30.913,44189.34,28.35,14.76,10.207,43.91,2.8,0.0,0.0,1
20250609,174938,25.912937,-80.137825,-0.8,0.1,169.0,0.0,52.4,-0.0,0.05,-0.99,1.75,[b'Waypoint'],-0.5,69.5,60925.0,174938.0,30.919,44178.26,28.34,14.76,10.207,47.61,3.04,0.0,0.0,1
20250609,174939,25.912935,-80.137825,-1.0,-1.1,170.2,0.0,52.4,-0.2,0.38,-0.81,13.22,[b'Waypoint'],-6.0,62.9,60925.0,174940.0,30.927,44182.48,28.35,14.76,10.207,49.18,3.13,0.0,0.0,1
20250609,174940,25.912933,-80.13782,-0.9,-0.8,171.3,0.0,52.4,0.01,0.06,-1.03,12.01,[b'Waypoint'],-0.5,22.2,60925.0,174941.0,30.935,44187.38,28.35,14.76,10.207,50.05,3.19,0.0,0.0,1
20250609,174941,25.912931,-80.13782,-1.0,-0.5,171.8,0.0,52.4,-0.02,-0.0,-1.01,8.52,[b'Waypoint'],5.1,18.3,60925.0,174942.0,30.945,44202.61,28.36,14.75,10.206,50.68,3.23,0.0,0.0,1
20250609,174943,25.912928,-80.13781,-0.6,-0.4,173.0,0.0,52.4,-0.02,0.05,-1.01,4.63,[b'Waypoint'],13.0,13.0,60925.0,174943.0,30.953,44222.98,28.37,14.76,10.206,51.15,3.26,0.0,0.0,1
20250609,174944,25.912926,-80.13781,-0.5,-0.2,173.5,0.0,52.4,-0.02,0.03,-1.01,4.48,[b'Waypoint'],15.0,8.2,60925.0,174944.0,30.964,44266.69,28.41,14.75,10.206,51.8,3.3,0.0,0.0,1
20250609,174945,25.912924,-80.13781,-0.5,-0.2,173.9,0.0,52.4,-0.01,0.01,-0.99,3.61,[b'Waypoint'],17.0,4.7,60925.0,174945.0,30.972,44298.86,28.43,14.75,10.205,52.32,3.33,0.0,0.0,1
20250609,174946,25.91292,-80.13781,-0.4,-0.1,174.4,0.0,52.4,-0.0,-0.0,-1.0,3.0,[b'Waypoint'],18.0,2.3,60925.0,174946.0,30.981,44316.24,28.44,14.75,10.205,52.8,3.36,0.0,0.0,1
20250609,174947,25.912918,-80.1378,-0.8,-0.3,184.2,0.0,52.4,-0.02,0.03,-1.01,3.92,[b'Waypoint'],15.7,15.7,60925.0,174947.0,30.988,44341.76,28.46,14.75,10.205,53.15,3.38,0.0,0.0,1
20250609,174948,25.912914,-80.1378,-0.4,-0.3,174.9,0.0,52.4,-0.01,-0.12,-0.98,2.9,[b'Waypoint'],21.1,-5.5,60925.0,174949.0,30.993,44347.1,28.46,14.75,10.205,53.45,3.4,0.0,0.0,1
20250609,174949,25.91291,-80.1378,-0.5,-0.4,177.7,0.0,52.4,-0.02,0.01,-0.97,2.23,[b'Waypoint'],21.0,3.0,60925.0,174950.0,30.997,44355.58,28.47,14.75,10.205,53.71,3.42,0.0,0.0,1
20250609,174950,25.912905,-80.1378,-0.5,-0.3,177.0,0.0,52.4,-0.02,-0.02,-0.99,1.04,[b'Waypoint'],23.0,4.8,60925.0,174951.0,31.0,44362.67,28.47,14.75,10.204,57.13,3.63,0.0,0.0,1
20250609,174951,25.9129,-80.1378,-0.4,-0.2,176.4,0.0,52.4,-0.01,-0.02,-0.99,0.15,[b'Waypoint'],24.0,-0.1,60925.0,174952.0,31.002,44370.25,28.48,14.75,10.204,57.88,3.68,0.0,0.0,1
20250609,174953,25.91289,-80.137794,-0.6,-0.1,176.7,0.0,52.4,0.01,-0.03,-1.0,0.41,[b'Waypoint'],23.0,5.2,60925.0,174953.0,31.002,44377.88,28.48,14.75,10.204,58.5,3.72,0.0,0.0,1
20250609,174954,25.912882,-80.137794,-1.4,-0.5,176.3,0.0,52.4,-0.04,-0.01,-1.04,0.31,[b'Waypoint'],24.0,1.3,60925.0,174954.0,31.002,44381.55,28.49,14.75,10.204,58.96,3.75,0.0,0.0,1
20250609,174955,25.912876,-80.137794,-0.6,-0.1,176.1,0.0,52.4,-0.03,0.01,-1.01,0.72,[b'Waypoint'],24.0,0.9,60925.0,174955.0,31.0,44377.19,28.48,14.75,10.204,59.35,3.78,0.0,0.0,1
20250609,174956,25.91287,-80.137794,-0.7,-0.1,174.7,0.0,52.4,-0.03,-0.02,-1.04,-0.17,[b'Waypoint'],24.0,0.4,60925.0,174956.0,30.998,44363.23,28.47,14.75,10.204,59.58,3.79,0.0,0.0,1
20250609,174957,25.912863,-80.137794,-0.7,-0.0,174.1,0.0,52.4,0.02,-0.08,-0.99,-0.16,[b'Waypoint'],24.0,-4.4,60925.0,174958.0,30.995,44340.62,28.46,14.75,10.204,59.7,3.8,0.0,0.0,1
20250609,174958,25.912855,-80.13779,-0.3,0.2,170.2,0.0,52.4,0.0,-0.02,-1.01,0.43,[b'Waypoint'],22.0,-5.3,60925.0,174959.0,30.992,44317.27,28.44,14.75,10.204,59.65,3.8,0.0,0.0,1
20250609,174959,25.91285,-80.13779,-0.6,-0.3,180.4,0.0,52.4,-0.03,0.02,-1.01,1.67,[b'Waypoint'],22.0,10.0,60925.0,175000.0,30.989,44287.72,28.42,14.75,10.204,59.52,3.79,0.0,0.0,1
20250609,175000,25.912844,-80.13779,-0.2,0.1,171.4,0.0,52.4,-0.03,-0.04,-0.92,-0.55,[b'Waypoint'],22.0,-10.2,60925.0,175001.0,30.983,44274.15,28.41,14.75,10.204,59.3,3.77,0.0,0.0,1
20250609,175002,25.912828,-80.13778,-0.1,-0.2,172.2,0.0,52.4,-0.01,-0.02,-0.95,0.24,[b'Waypoint'],23.0,-7.5,60925.0,175002.0,30.978,44246.89,28.39,14.75,10.204,59.1,3.76,0.0,0.0,1
20250609,175003,25.912823,-80.13778,-0.5,-0.2,179.2,0.0,52.4,-0.11,0.01,-0.88,-0.11,[b'Waypoint'],23.0,2.8,60925.0,175003.0,30.973,44242.34,28.39,14.75,10.205,58.82,3.75,0.0,0.0,1
20250609,175004,25.912815,-80.13778,-1.5,-0.4,173.1,0.0,52.4,-0.02,0.07,-1.02,0.04,[b'Waypoint'],25.4,-0.1,60925.0,175005.0,30.966,44198.18,28.36,14.75,10.205,58.6,3.73,0.0,0.0,1
20250609,175005,25.91281,-80.13778,-1.1,0.1,175.8,0.0,52.4,-0.07,-0.02,-1.02,0.37,[b'Waypoint'],24.0,-2.5,60925.0,175006.0,30.959,44169.64,28.34,14.75,10.205,58.47,3.72,0.0,0.0,1
20250609,175006,25.912802,-80.13778,-1.0,-0.3,170.5,0.0,52.4,-0.01,-0.02,-1.01,0.54,[b'Waypoint'],21.0,-12.7,60925.0,175007.0,30.947,44168.28,28.34,14.75,10.205,58.42,3.72,0.0,0.0,1
20250609,175007,25.912794,-80.13777,-1.3,-0.6,179.3,0.0,52.4,-0.06,-0.04,-1.02,-0.39,[b'Waypoint'],24.2,4.4,60925.0,175008.0,30.937,44170.32,28.34,14.75,10.205,58.47,3.73,0.0,0.0,1
20250609,175009,25.912786,-80.13777,-0.8,-1.0,175.8,0.0,52.4,-0.02,0.04,-1.0,0.26,[b'Station Ke'],0.0,0.0,60925.0,175009.0,30.927,44126.57,28.31,14.75,10.205,63.52,4.05,0.0,0.0,1
20250609,175009,25.91278,-80.13777,-0.5,-0.5,191.3,0.0,52.4,-0.01,0.01,-0.95,1.35,[b'Waypoint'],14.0,14.0,60925.0,175010.0,30.922,44148.41,28.32,14.75,10.205,65.65,4.19,0.0,0.0,1
20250609,175011,25.91277,-80.13777,-1.0,-0.1,0.0,0.0,52.4,-0.02,0.0,-0.98,0.9,[b'Waypoint'],5.1,-5.1,60925.0,175011.0,30.919,44206.22,28.36,14.75,10.205,68.47,4.36,0.0,0.0,1
20250609,175012,25.912766,-80.13777,-1.5,-0.2,231.9,0.0,52.4,-0.03,0.01,-1.02,1.25,[b'Waypoint'],5.1,5.1,60925.0,175013.0,30.917,44272.18,28.41,14.75,10.205,69.31,4.42,0.0,0.0,1
20250609,175013,25.912762,-80.13777,-1.2,-0.7,233.9,0.0,52.4,-0.05,-0.01,-1.01,2.14,[b'Waypoint'],-0.3,64.1,60925.0,175014.0,30.918,44310.8,28.44,14.75,10.204,71.15,4.53,0.0,0.0,1
20250609,175015,25.912756,-80.13777,-1.0,-0.6,235.9,0.0,52.4,-0.09,0.13,-1.11,13.09,[b'Waypoint'],-5.8,50.8,60925.0,175015.0,30.92,44376.65,28.49,14.75,10.204,75.79,4.83,0.0,0.0,1
20250609,175015,25.912752,-80.13777,-1.7,-0.4,237.2,0.0,52.4,-0.01,0.0,-1.08,11.31,[b'Waypoint'],2.8,21.5,60925.0,175016.0,30.923,44424.43,28.52,14.75,10.204,77.52,4.94,0.0,0.0,1
20250609,175016,25.91275,-80.13778,-0.5,0.4,238.1,0.0,52.4,-0.01,0.0,-0.98,4.16,[b'Waypoint'],9.1,23.5,60925.0,175017.0,30.929,44482.11,28.56,14.75,10.204,78.94,5.03,0.0,0.0,1
20250609,175017,25.912748,-80.13778,-0.5,-0.6,238.5,0.0,52.4,-0.04,-0.08,-0.98,9.06,[b'Waypoint'],16.0,16.0,60925.0,175018.0,30.937,44517.8,28.59,14.75,10.203,79.68,5.07,0.0,0.0,1
20250609,175018,25.912745,-80.13778,-0.1,-1.5,238.9,0.0,52.4,0.01,0.05,-0.94,2.28,[b'Waypoint'],14.1,19.4,60925.0,175019.0,30.95,44543.92,28.61,14.75,10.203,80.64,5.13,0.0,0.0,1
20250609,175019,25.91274,-80.13779,-0.4,-1.0,239.1,0.0,52.4,0.0,0.01,-0.95,-0.49,[b'Waypoint'],16.8,19.3,60925.0,175021.0,30.968,44585.36,28.63,14.75,10.204,81.3,5.17,0.0,0.0,1
20250609,175021,25.912733,-80.137794,-0.2,0.8,240.0,0.0,52.4,-0.01,-0.03,-0.94,-0.54,[b'Waypoint'],17.9,18.9,60925.0,175022.0,30.979,44569.27,28.62,14.75,10.204,82.1,5.22,0.0,0.0,1
20250609,175022,25.91273,-80.1378,-0.9,1.4,236.2,0.0,52.4,-0.02,-0.06,-1.05,3.76,[b'Waypoint'],23.0,15.9,60925.0,175023.0,30.992,44614.14,28.65,14.75,10.204,82.57,5.25,0.0,0.0,1
20250609,175023,25.912725,-80.13781,0.1,-1.4,234.5,0.0,52.4,0.03,0.01,-0.98,2.58,[b'Waypoint'],27.3,2.4,60925.0,175024.0,30.998,43685.57,27.99,14.75,10.204,83.11,5.28,0.0,0.0,1
20250609,175025,25.91272,-80.13782,-0.1,-0.8,235.0,0.0,52.4,0.0,-0.01,-0.95,-0.39,[b'Station Ke'],0.2,0.2,60925.0,175025.0,31.001,43844.37,28.1,14.75,10.207,83.43,5.31,0.0,0.0,1
20250609,175025,25.912716,-80.137825,-1.6,-0.2,236.0,0.0,52.4,-0.03,0.01,-1.06,-1.37,[b'Waypoint'],-0.4,5.8,60925.0,175026.0,31.001,44585.18,28.63,14.75,10.212,83.75,5.32,0.0,0.0,1
20250609,175027,25.912712,-80.13783,-1.2,0.9,235.4,0.0,52.4,-0.03,-0.03,-1.03,3.1,[b'Station Ke'],-1.6,10.6,60925.0,175027.0,31.0,44869.05,28.84,14.75,10.202,84.02,5.33,0.0,0.0,1
20250609,175028,25.912706,-80.13784,-1.3,-0.3,160.3,0.0,52.4,-0.03,0.0,-1.01,-1.32,[b'Waypoint'],0.0,0.0,60925.0,175028.0,30.996,44808.14,28.79,14.76,10.203,84.16,5.34,0.0,0.0,1
20250609,175029,25.912703,-80.13784,-1.4,-0.2,159.7,0.0,52.4,0.0,0.01,-1.0,-2.28,[b'Waypoint'],-0.4,-45.4,60925.0,175030.0,30.988,44828.08,28.81,14.76,10.203,84.29,5.35,0.0,0.0,1
20250609,175030,25.9127,-80.13785,-1.0,0.7,159.4,0.0,52.4,0.07,-0.13,-1.0,-7.93,[b'Waypoint'],-5.2,-75.2,60925.0,175031.0,30.976,43796.4,28.07,14.76,10.203,84.34,5.36,0.0,0.0,1
20250609,175031,25.912697,-80.13785,-1.5,2.4,159.1,0.0,52.4,-0.15,-0.11,-1.13,-16.49,[b'Waypoint'],-6.9,-56.4,60925.0,175032.0,30.962,44634.92,28.67,14.76,10.211,84.69,5.38,0.0,0.0,1
20250609,175033,25.912693,-80.13785,-1.2,-0.1,159.0,0.0,52.4,-0.06,-0.01,-1.01,-14.94,[b'Waypoint'],-1.2,-17.7,60925.0,175033.0,30.948,44835.73,28.81,14.76,10.202,84.85,5.39,0.0,0.0,1
20250609,175033,25.912691,-80.13785,-1.2,0.1,158.8,0.0,52.4,0.13,-0.15,-1.1,-8.23,[b'Waypoint'],5.9,-23.0,60925.0,175034.0,30.931,44854.22,28.83,14.76,10.203,84.89,5.4,0.0,0.0,1
20250609,175035,25.912685,-80.13785,-1.0,-0.6,158.6,0.0,52.4,-0.04,0.04,-0.98,-6.44,[b'Waypoint'],15.0,-6.4,60925.0,175036.0,30.912,44907.28,28.87,14.76,10.203,84.82,5.39,0.0,0.0,1
20250609,175036,25.912683,-80.13785,-1.5,-0.4,158.5,0.0,52.4,-0.02,0.03,-1.02,-3.31,[b'Waypoint'],18.0,-0.2,60925.0,175037.0,30.898,44933.81,28.89,14.76,10.202,84.72,5.39,0.0,0.0,1
20250609,175038,25.91268,-80.13785,-1.1,-0.3,154.8,0.0,52.4,0.11,-0.14,-1.08,-5.28,[b'Waypoint'],19.0,-9.2,60925.0,175038.0,30.885,44933.77,28.89,14.76,10.202,84.5,5.37,0.0,0.0,1
20250609,175039,25.912676,-80.13785,-0.8,-0.0,151.7,0.0,52.4,-0.0,-0.04,-1.01,-2.8,[b'Waypoint'],25.6,-1.5,60925.0,175039.0,30.872,44938.02,28.89,14.75,10.202,84.26,5.36,0.0,0.0,1
20250609,175040,25.912672,-80.13784,-1.0,0.2,158.6,0.0,52.4,0.01,0.01,-1.01,-0.63,[b'Waypoint'],23.4,3.7,60925.0,175040.0,30.862,44921.98,28.88,14.75,10.202,84.06,5.35,0.0,0.0,1
20250609,175041,25.912668,-80.13784,-0.6,0.2,160.9,0.0,52.4,-0.02,0.02,-0.97,-0.58,[b'Waypoint'],23.0,7.3,60925.0,175041.0,30.85,44904.89,28.87,14.75,10.202,83.77,5.33,0.0,0.0,1
20250609,175042,25.912663,-80.13784,-1.0,0.1,157.3,0.0,52.4,-0.13,0.08,-0.98,0.26,[b'Waypoint'],25.9,-2.5,60925.0,175042.0,30.843,44884.63,28.85,14.75,10.201,83.57,5.32,0.0,0.0,1
20250609,175044,25.912653,-80.13783,-0.8,0.0,157.2,0.0,52.4,0.01,-0.09,-1.01,-0.69,[b'Waypoint'],24.2,-5.7,60925.0,175044.0,30.833,44880.23,28.85,14.75,10.202,83.29,5.3,0.0,0.0,1
20250609,175045,25.912647,-80.137825,-0.9,-0.1,151.9,0.0,52.4,0.06,-0.01,-1.01,-0.35,[b'Waypoint'],22.0,-9.3,60925.0,175045.0,30.825,44869.64,28.84,14.75,10.201,83.06,5.29,0.0,0.0,1
20250609,175046,25.912642,-80.137825,-0.3,-0.3,160.9,0.0,52.4,0.0,-0.02,-0.95,0.22,[b'Waypoint'],22.0,10.0,60925.0,175046.0,30.818,44826.74,28.81,14.75,10.202,82.87,5.28,0.0,0.0,1
20250609,175047,25.912636,-80.13782,-0.1,-0.2,157.8,0.0,52.4,0.03,-0.04,-0.98,0.57,[b'Waypoint'],23.0,-3.7,60925.0,175047.0,30.812,44787.5,28.78,14.75,10.202,82.66,5.26,0.0,0.0,1
20250609,175048,25.91263,-80.13782,-0.3,-0.2,160.4,0.0,52.4,-0.05,0.05,-0.95,-0.49,[b'Waypoint'],23.6,3.5,60925.0,175048.0,30.806,44754.21,28.76,14.75,10.202,82.5,5.26,0.0,0.0,1
20250609,175049,25.912622,-80.13781,-1.2,-0.3,157.9,0.0,52.4,-0.01,0.03,-1.07,-0.57,[b'Waypoint'],23.0,0.3,60925.0,175049.0,30.8,44709.37,28.73,14.75,10.202,82.27,5.24,0.0,0.0,1
20250609,175050,25.912617,-80.13781,-1.2,-0.2,157.0,0.0,52.4,-0.05,0.01,-1.02,-0.88,[b'Waypoint'],24.0,3.1,60925.0,175050.0,30.794,44669.8,28.7,14.75,10.203,82.1,5.23,0.0,0.0,1
20250609,175051,25.912611,-80.1378,-1.2,-0.0,153.8,0.0,52.4,0.0,0.02,-1.06,-0.11,[b'Waypoint'],24.0,-1.1,60925.0,175052.0,30.788,44641.16,28.68,14.75,10.203,81.86,5.22,0.0,0.0,1
20250609,175053,25.912598,-80.137794,-0.8,-0.1,156.1,0.0,52.4,-0.08,0.0,-1.04,1.06,[b'Waypoint'],23.1,0.1,60925.0,175053.0,30.784,44588.09,28.64,14.75,10.203,81.65,5.21,0.0,0.0,1
20250609,175054,25.912592,-80.137794,-0.3,-0.2,156.3,0.0,52.4,-0.03,-0.0,-0.94,0.27,[b'Waypoint'],24.0,-2.0,60925.0,175054.0,30.779,44562.54,28.62,14.75,10.203,81.48,5.2,0.0,0.0,1
20250609,175055,25.912586,-80.13779,-0.8,-0.1,156.2,0.0,52.4,-0.02,0.01,-0.98,-0.31,[b'Waypoint'],24.0,-1.1,60925.0,175055.0,30.775,44528.98,28.6,14.75,10.204,81.3,5.19,0.0,0.0,1
20250609,175056,25.91258,-80.13779,-1.6,-0.2,163.4,0.0,52.4,-0.1,0.05,-1.04,-0.22,[b'Waypoint'],21.0,12.1,60925.0,175056.0,30.773,44515.02,28.59,14.75,10.204,81.18,5.18,0.0,0.0,1
20250609,175057,25.912575,-80.13778,-1.7,-0.2,151.8,0.0,52.4,0.0,-0.08,-1.08,-0.67,[b'Waypoint'],22.0,-7.0,60925.0,175057.0,30.771,44506.02,28.58,14.75,10.204,81.06,5.17,0.0,0.0,1
20250609,175058,25.912567,-80.13778,-1.3,-0.3,156.7,0.0,52.4,-0.02,0.03,-1.03,-0.67,[b'Waypoint'],24.0,3.1,60925.0,175058.0,30.77,44519.31,28.59,14.76,10.204,81.0,5.17,0.0,0.0,1
20250609,175059,25.912561,-80.13777,-1.5,-0.4,145.5,0.0,52.4,-0.04,0.03,-1.0,0.23,[b'Waypoint'],22.2,-13.2,60925.0,175100.0,30.769,44502.71,28.58,14.76,10.204,80.96,5.17,0.0,0.0,1
20250609,175101,25.912548,-80.137764,-0.3,-0.1,159.4,0.0,52.4,0.01,-0.04,-1.0,1.03,[b'Waypoint'],23.0,0.2,60925.0,175101.0,30.768,44481.26,28.57,14.76,10.204,80.97,5.17,0.0,0.0,1
20250609,175102,25.912542,-80.137764,1.0,0.0,148.0,0.0,52.4,0.03,-0.03,-0.86,1.03,[b'Waypoint'],23.2,-7.7,60925.0,175102.0,30.768,44443.59,28.54,14.76,10.204,81.02,5.17,0.0,0.0,1
20250609,175103,25.912537,-80.13776,0.5,-0.0,149.7,0.0,52.4,-0.0,-0.05,-0.83,-0.53,[b'Waypoint'],21.7,-11.0,60925.0,175103.0,30.767,44435.2,28.53,14.76,10.205,81.11,5.18,0.0,0.0,1
20250609,175104,25.91253,-80.13776,-2.3,-0.3,156.3,0.0,52.4,0.02,-0.04,-1.02,-1.32,[b'Waypoint'],24.0,3.9,60925.0,175104.0,30.767,44436.94,28.53,14.75,10.204,81.23,5.19,0.0,0.0,1
20250609,175105,25.912523,-80.13775,-3.0,-0.3,163.2,0.0,52.4,-0.06,0.0,-1.16,-1.07,[b'Waypoint'],27.4,3.1,60925.0,175105.0,30.767,43177.2,27.63,14.76,10.202,81.39,5.19,0.0,0.0,1
20250609,175106,25.912518,-80.13775,-1.4,-0.4,162.4,0.0,52.4,-0.03,0.04,-1.1,0.97,[b'Waypoint'],21.0,8.2,60925.0,175106.0,30.766,41988.0,26.78,14.76,10.213,81.54,5.2,0.0,0.0,1
20250609,175107,25.912512,-80.13774,-0.3,0.0,163.0,0.0,52.4,-0.02,0.05,-0.92,-0.6,[b'Waypoint'],20.8,14.2,60925.0,175108.0,30.764,45131.07,29.03,14.76,10.209,81.74,5.23,0.0,0.0,1
20250609,175108,25.912506,-80.13774,0.1,-0.1,165.7,0.0,52.4,-0.01,0.06,-0.88,0.08,[b'Waypoint'],19.0,19.0,60925.0,175109.0,30.762,44849.73,28.83,14.76,10.202,81.87,5.22,0.0,0.0,1
20250609,175110,25.912495,-80.13773,-1.4,-0.2,161.7,0.0,52.4,-0.02,0.02,-1.03,-0.24,[b'Waypoint'],22.0,10.2,60925.0,175110.0,30.758,43757.16,28.05,14.76,10.203,82.03,5.23,0.0,0.0,1
20250609,175111,25.912487,-80.137726,-1.6,-0.3,160.3,0.0,52.4,-0.19,0.1,-1.0,1.27,[b'Waypoint'],25.0,-2.9,60925.0,175111.0,30.753,43970.93,28.2,14.76,10.222,82.14,5.27,0.0,0.0,1
20250609,175112,25.912481,-80.137726,-0.5,-0.2,159.0,0.0,52.4,0.03,-0.03,-1.03,0.03,[b'Waypoint'],24.0,-1.1,60925.0,175112.0,30.748,44557.83,28.62,14.76,10.206,82.23,5.26,0.0,0.0,1
20250609,175113,25.912476,-80.13772,0.1,-0.1,156.5,0.0,52.4,-0.09,0.08,-0.85,-0.62,[b'Waypoint'],23.0,-3.7,60925.0,175113.0,30.742,44802.95,28.8,14.76,10.202,82.29,5.25,0.0,0.0,1
20250609,175114,25.91247,-80.13772,-1.8,-0.2,155.8,0.0,52.4,-0.06,0.01,-1.06,-0.24,[b'Waypoint'],23.0,-1.6,60925.0,175114.0,30.735,44547.59,28.61,14.76,10.204,82.31,5.25,0.0,0.0,1
20250609,175115,25.912462,-80.13771,-1.3,-0.3,155.8,0.0,52.4,-0.11,0.06,-1.03,-0.33,[b'Waypoint'],23.1,-3.6,60925.0,175116.0,30.728,44572.09,28.63,14.76,10.204,82.29,5.25,0.0,0.0,1
20250609,175116,25.912457,-80.13771,0.1,-0.0,159.2,0.0,52.4,0.01,-0.07,-0.94,-0.28,[b'Waypoint'],24.0,4.8,60925.0,175117.0,30.721,44466.56,28.56,14.76,10.205,82.23,5.25,0.0,0.0,1
20250609,175117,25.91245,-80.1377,-1.4,-0.0,162.1,0.0,52.4,-0.03,-0.01,-0.99,-0.52,[b'Waypoint'],22.0,12.1,60925.0,175118.0,30.712,44410.58,28.52,14.76,10.205,82.11,5.25,0.0,0.0,1
20250609,175119,25.912437,-80.137695,-2.7,-0.5,150.5,0.0,52.4,-0.15,0.06,-1.09,0.15,[b'Waypoint'],21.0,-14.3,60925.0,175119.0,30.706,44391.68,28.5,14.76,10.205,82.01,5.24,0.0,0.0,1
20250609,175120,25.912432,-80.137695,-2.3,-0.4,168.1,0.0,52.4,-0.05,0.02,-1.12,0.4,[b'Waypoint'],22.8,10.7,60925.0,175120.0,30.698,44320.18,28.45,14.76,10.206,81.85,5.23,0.0,0.0,1
20250609,175121,25.912426,-80.13769,-0.1,0.1,160.7,0.0,52.4,0.07,-0.08,-1.0,0.14,[b'Waypoint'],24.4,2.2,60925.0,175121.0,30.693,43028.32,27.53,14.76,10.202,81.74,5.23,0.0,0.0,1
20250609,175122,25.91242,-80.13769,-0.5,-0.0,161.4,0.0,52.4,-0.01,0.02,-0.91,0.35,[b'Waypoint'],23.0,4.0,60925.0,175122.0,30.687,44780.76,28.78,14.76,10.204,81.6,5.21,0.0,0.0,1
20250609,175123,25.912413,-80.13768,-0.2,0.0,160.1,0.0,52.4,-0.0,-0.0,-0.89,0.53,[b'Waypoint'],24.0,2.0,60925.0,175124.0,30.684,44973.63,28.92,14.76,10.213,81.48,5.2,0.0,0.0,1
20250609,175124,25.912407,-80.13768,-0.9,-0.2,154.4,0.0,52.4,-0.02,0.03,-0.95,-0.22,[b'Waypoint'],22.0,-5.6,60925.0,175125.0,30.68,44066.0,28.27,14.76,10.205,81.37,5.24,0.0,0.0,1
20250609,175125,25.912401,-80.13767,-2.0,-0.6,152.5,0.0,52.4,-0.04,-0.02,-1.09,-0.83,[b'Waypoint'],21.0,-10.0,60925.0,175126.0,30.679,44439.84,28.54,14.76,10.211,81.29,5.22,0.0,0.0,1
20250609,175127,25.912388,-80.13767,-0.1,-0.2,161.0,0.0,52.4,-0.01,0.01,-0.93,-0.21,[b'Waypoint'],22.9,10.4,60925.0,175127.0,30.679,44805.25,28.8,14.76,10.203,81.27,5.19,0.0,0.0,1
20250609,175128,25.912382,-80.137665,-0.5,-0.1,156.9,0.0,52.4,-0.02,-0.02,-0.9,-0.1,[b'Waypoint'],24.0,-0.1,60925.0,175128.0,30.681,44745.9,28.76,14.76,10.203,81.28,5.19,0.0,0.0,1
20250609,175129,25.912376,-80.13766,-0.4,-0.0,158.1,0.0,52.4,-0.0,0.01,-0.93,1.36,[b'Waypoint'],24.0,2.1,60925.0,175129.0,30.682,44702.61,28.73,14.76,10.203,81.34,5.19,0.0,0.0,1
20250609,175130,25.912369,-80.13766,-0.6,-0.1,154.1,0.0,52.4,0.01,-0.02,-0.94,-0.85,[b'Waypoint'],23.5,-3.3,60925.0,175130.0,30.686,44590.82,28.65,14.76,10.204,81.47,5.2,0.0,0.0,1
20250609,175131,25.912363,-80.13765,-2.5,-0.2,154.4,0.0,52.4,0.01,-0.02,-1.12,-0.38,[b'Waypoint'],25.7,0.3,60925.0,175132.0,30.69,44547.57,28.62,14.76,10.205,81.63,5.22,0.0,0.0,1
20250609,175132,25.912357,-80.13765,-2.8,-0.2,155.1,0.0,52.4,-0.12,0.01,-1.17,-0.38,[b'Waypoint'],24.0,-3.0,60925.0,175133.0,30.696,44440.29,28.54,14.76,10.205,81.87,5.23,0.0,0.0,1
20250609,175133,25.912352,-80.13764,-2.8,-0.3,156.6,0.0,52.4,-0.07,-0.0,-1.18,-0.46,[b'Waypoint'],24.0,2.1,60925.0,175134.0,30.701,44375.27,28.49,14.76,10.206,82.11,5.25,0.0,0.0,1
20250609,175134,25.912344,-80.13764,-1.8,-0.2,157.6,0.0,52.4,-0.04,0.02,-1.07,0.63,[b'Waypoint'],24.0,-3.6,60925.0,175135.0,30.708,44428.27,28.53,14.76,10.206,82.44,5.27,0.0,0.0,1
20250609,175135,25.912338,-80.137634,-1.4,-0.0,162.1,0.0,52.4,-0.03,-0.02,-1.01,-0.4,[b'Waypoint'],24.6,3.9,60925.0,175136.0,30.713,44411.86,28.52,14.76,10.206,82.76,5.29,0.0,0.0,1
20250609,175137,25.912327,-80.13763,-0.9,-0.1,160.9,0.0,52.4,0.03,-0.01,-1.0,-0.48,[b'Waypoint'],23.0,11.7,60925.0,175137.0,30.72,44423.16,28.53,14.76,10.205,83.14,5.31,0.0,0.0,1
20250609,175138,25.912321,-80.13763,-0.3,-0.1,159.7,0.0,52.4,-0.01,-0.04,-1.02,1.08,[b'Waypoint'],23.0,8.7,60925.0,175138.0,30.724,44449.49,28.54,14.76,10.205,83.49,5.33,0.0,0.0,1
20250609,175139,25.912313,-80.13762,0.7,-0.2,160.0,0.0,52.4,-0.02,0.06,-0.9,0.88,[b'Waypoint'],23.0,4.4,60925.0,175139.0,30.728,44388.92,28.5,14.76,10.206,83.89,5.36,0.0,0.0,1
20250609,175140,25.912308,-80.13762,0.4,-0.2,155.0,0.0,52.4,-0.04,-0.02,-0.87,-0.29,[b'Waypoint'],23.0,-1.7,60925.0,175141.0,30.73,44964.6,28.91,14.76,10.216,84.2,5.38,0.0,0.0,1
20250609,175141,25.912302,-80.13761,-0.3,-0.4,159.2,0.0,52.4,0.01,-0.01,-0.97,0.68,[b'Waypoint'],23.8,10.0,60925.0,175142.0,30.732,44901.02,28.87,14.76,10.204,84.61,5.43,0.0,0.0,1
20250609,175142,25.912294,-80.13761,-0.6,-0.4,161.0,0.0,52.4,-0.06,0.0,-1.02,0.84,[b'Waypoint'],22.0,5.1,60925.0,175143.0,30.733,44618.11,28.67,14.76,10.204,84.95,5.42,0.0,0.0,1
20250609,175143,25.912289,-80.1376,0.1,-0.2,146.7,0.0,52.4,0.02,-0.14,-1.05,-0.35,[b'Waypoint'],20.7,-14.5,60925.0,175144.0,30.733,44679.93,28.71,14.76,10.204,85.23,5.43,0.0,0.0,1
20250609,175145,25.912277,-80.137596,-1.0,-0.2,154.3,0.0,52.4,-0.02,-0.05,-1.05,-0.35,[b'Waypoint'],24.0,-5.2,60925.0,175145.0,30.733,44706.28,28.73,14.76,10.205,85.53,5.46,0.0,0.0,1
20250609,175146,25.912271,-80.137596,0.0,-0.2,157.4,0.0,52.4,-0.01,-0.05,-0.95,1.38,[b'Waypoint'],24.0,1.9,60925.0,175146.0,30.733,44732.61,28.75,14.76,10.204,85.77,5.47,0.0,0.0,1
20250609,175147,25.912264,-80.13759,-0.1,-0.2,159.2,0.0,52.4,0.09,-0.03,-0.97,-0.0,[b'Waypoint'],24.0,2.5,60925.0,175147.0,30.734,44641.88,28.68,14.76,10.205,86.04,5.49,0.0,0.0,1
20250609,175148,25.912258,-80.13759,-0.1,-0.1,161.5,0.0,52.4,0.01,-0.05,-0.93,0.65,[b'Waypoint'],23.0,4.0,60925.0,175149.0,30.735,44641.41,28.68,14.76,10.205,86.23,5.5,0.0,0.0,1
20250609,175149,25.912252,-80.13758,0.1,0.0,153.8,0.0,52.4,0.04,-0.01,-0.97,-0.45,[b'Waypoint'],22.0,-5.9,60925.0,175150.0,30.738,44628.95,28.67,14.76,10.205,86.52,5.52,0.0,0.0,1
20250609,175150,25.912245,-80.13758,-0.2,-0.2,151.6,0.0,52.4,-0.02,0.02,-0.95,0.34,[b'Waypoint'],22.8,-8.5,60925.0,175151.0,30.739,44638.74,28.68,14.76,10.205,86.72,5.53,0.0,0.0,1
20250609,175151,25.91224,-80.13757,0.9,-0.2,152.4,0.0,52.4,0.02,-0.07,-0.92,0.37,[b'Waypoint'],23.9,-5.8,60925.0,175152.0,30.743,44648.92,28.69,14.76,10.205,87.02,5.55,0.0,0.0,1
20250609,175152,25.912233,-80.13757,-0.2,-0.5,155.6,0.0,52.4,0.0,-0.02,-0.97,-0.12,[b'Waypoint'],24.0,-2.5,60925.0,175153.0,30.745,44665.43,28.7,14.76,10.205,87.23,5.57,0.0,0.0,1
20250609,175153,25.912228,-80.137566,1.0,-0.2,159.1,0.0,52.4,0.08,-0.08,-0.93,-0.28,[b'Waypoint'],25.1,2.1,60925.0,175154.0,30.749,44608.55,28.66,14.76,10.205,87.55,5.59,0.0,0.0,1
20250609,175155,25.912214,-80.13756,-1.0,-0.2,161.6,0.0,52.4,0.03,0.0,-1.08,0.54,[b'Waypoint'],24.9,1.2,60925.0,175155.0,30.753,44607.56,28.66,14.76,10.205,87.79,5.6,0.0,0.0,1
20250609,175156,25.912209,-80.13756,-1.1,-0.2,156.0,0.0,52.4,-0.03,0.03,-1.02,-0.52,[b'Waypoint'],24.0,-0.7,60925.0,175156.0,30.758,44615.86,28.66,14.76,10.205,88.14,5.62,0.0,0.0,1
20250609,175157,25.912203,-80.13755,-1.4,-0.3,160.9,0.0,52.4,-0.01,0.02,-1.07,0.2,[b'Waypoint'],23.0,2.5,60925.0,175158.0,30.761,44621.33,28.67,14.76,10.205,88.38,5.64,0.0,0.0,1
20250609,175158,25.912195,-80.13755,-1.1,-0.1,159.2,0.0,52.4,-0.03,0.05,-1.06,-0.05,[b'Waypoint'],24.0,3.3,60925.0,175159.0,30.765,43861.98,28.12,14.76,10.207,88.69,5.65,0.0,0.0,1
20250609,175159,25.91219,-80.13754,-1.4,-0.2,153.6,0.0,52.4,0.02,-0.05,-1.08,-0.93,[b'Waypoint'],22.0,-3.8,60925.0,175200.0,30.768,44364.39,28.48,14.76,10.209,88.97,5.68,0.0,0.0,1
20250609,175200,25.912184,-80.13754,-1.6,-0.3,160.1,0.0,52.4,-0.0,0.01,-1.06,0.57,[b'Waypoint'],23.0,5.1,60925.0,175201.0,30.771,44933.95,28.89,14.76,10.202,89.26,5.68,0.0,0.0,1
20250609,175201,25.912178,-80.137535,-1.4,-0.2,155.9,0.0,52.4,-0.04,0.01,-1.02,0.42,[b'Waypoint'],24.0,-3.3,60925.0,175202.0,30.772,44813.16,28.8,14.76,10.204,89.52,5.7,0.0,0.0,1
20250609,175202,25.912172,-80.137535,-1.2,-0.3,155.6,0.0,52.4,-0.03,0.01,-0.98,1.16,[b'Waypoint'],26.2,1.1,60925.0,175203.0,30.773,44758.12,28.76,14.76,10.204,89.79,5.72,0.0,0.0,1
20250609,175203,25.912167,-80.13753,-2.2,-0.3,160.3,0.0,52.4,-0.04,0.04,-1.06,1.5,[b'Waypoint'],23.0,4.2,60925.0,175204.0,30.774,44729.06,28.74,14.76,10.204,90.02,5.74,0.0,0.0,1
20250609,175205,25.912155,-80.13752,-0.9,-0.5,159.8,0.0,52.4,-0.02,-0.08,-1.01,0.56,[b'Waypoint'],24.0,-1.7,60925.0,175205.0,30.774,44747.59,28.76,14.76,10.204,90.27,5.75,0.0,0.0,1
20250609,175206,25.91215,-80.13752,-2.1,-0.4,157.2,0.0,52.4,-0.05,0.03,-1.06,0.95,[b'Waypoint'],25.6,-2.0,60925.0,175207.0,30.774,44782.1,28.78,14.76,10.204,90.45,5.77,0.0,0.0,1
20250609,175208,25.912144,-80.13752,-1.4,-0.1,163.7,0.0,52.4,0.02,-0.05,-1.08,-0.29,[b'Waypoint'],21.7,1.6,60925.0,175208.0,30.774,44815.29,28.81,14.76,10.203,90.7,5.78,0.0,0.0,1
20250609,175208,25.912138,-80.13751,-0.1,-0.3,162.7,0.0,52.4,-0.0,0.04,-0.99,-0.68,[b'Waypoint'],23.0,10.3,60925.0,175209.0,30.774,44818.51,28.81,14.76,10.203,90.91,5.79,0.0,0.0,1
20250609,175209,25.912132,-80.13751,0.3,-0.3,160.9,0.0,52.4,-0.0,-0.06,-0.86,1.02,[b'Waypoint'],23.0,-0.4,60925.0,175210.0,30.775,44805.91,28.8,14.76,10.203,91.09,5.81,0.0,0.0,1
20250609,175210,25.912127,-80.137505,-2.0,-0.1,156.8,0.0,52.4,-0.02,0.03,-1.07,-0.46,[b'Waypoint'],23.0,-2.7,60925.0,175211.0,30.776,44772.63,28.78,14.76,10.203,91.3,5.82,0.0,0.0,1
20250609,175211,25.91212,-80.137505,-1.8,-0.3,161.0,0.0,52.4,-0.06,0.05,-1.07,0.89,[b'Waypoint'],23.0,4.0,60925.0,175212.0,30.777,44775.64,28.78,14.76,10.203,91.48,5.83,0.0,0.0,1
20250609,175214,25.912107,-80.1375,-0.6,-0.3,159.6,0.0,52.4,-0.03,-0.05,-0.98,-0.15,[b'Waypoint'],24.0,-9.5,60925.0,175214.0,30.779,44780.04,28.78,14.76,10.203,91.71,5.85,0.0,0.0,1
20250609,175214,25.912102,-80.13749,0.2,-0.2,154.7,0.0,52.4,0.01,0.05,-0.89,-0.24,[b'Waypoint'],22.0,-9.2,60925.0,175215.0,30.782,44783.09,28.78,14.76,10.203,91.95,5.86,0.0,0.0,1
20250609,175215,25.912096,-80.13749,-1.2,-0.3,156.2,0.0,52.4,-0.0,0.05,-1.04,-1.47,[b'Waypoint'],23.0,-3.5,60925.0,175216.0,30.785,44773.01,28.78,14.76,10.204,92.16,5.87,0.0,0.0,1
20250609,175216,25.91209,-80.13748,-0.2,-0.2,155.8,0.0,52.4,0.01,-0.02,-0.98,-1.02,[b'Waypoint'],23.0,-9.0,60925.0,175217.0,30.789,44783.11,28.78,14.76,10.203,92.43,5.89,0.0,0.0,1
20250609,175217,25.912085,-80.13748,0.5,-0.3,160.5,0.0,52.4,0.04,-0.03,-0.85,-0.06,[b'Waypoint'],23.0,5.9,60925.0,175218.0,30.794,44767.72,28.77,14.76,10.203,92.69,5.91,0.0,0.0,1
20250609,175218,25.912079,-80.13748,-0.4,-0.4,156.2,0.0,52.4,-0.0,0.13,-0.87,0.18,[b'Waypoint'],24.0,-3.3,60925.0,175219.0,30.801,44085.53,28.28,14.76,10.201,93.0,5.92,0.0,0.0,1
20250609,175220,0.0,0.0,-1.0,-0.5,156.1,0.0,52.4,0.08,0.01,-1.07,0.37,[b'Waypoint'],22.3,-10.9,60925.0,175220.0,30.806,44513.03,28.59,14.76,10.201,93.3,5.95,0.0,0.0,1
20250609,175221,25.912066,-80.137474,-0.1,-0.3,148.1,0.0,52.4,0.03,0.02,-0.95,-0.14,[b'Waypoint'],21.0,-17.0,60925.0,175221.0,30.814,44307.71,28.44,14.76,10.204,93.66,5.96,0.0,0.0,1
20250609,175223,25.912054,-80.13747,-1.9,-0.3,154.6,0.0,52.4,-0.02,-0.03,-1.06,-0.64,[b'Waypoint'],23.2,-3.3,60925.0,175223.0,30.819,44389.76,28.5,14.76,10.205,93.96,5.99,0.0,0.0,1
20250609,175224,25.912048,-80.13746,-1.3,-0.4,155.5,0.0,52.4,-0.1,0.03,-1.0,-0.52,[b'Waypoint'],24.0,-10.5,60925.0,175224.0,30.828,44701.26,28.72,14.76,10.204,94.4,6.01,0.0,0.0,1
20250609,175225,25.912043,-80.13746,-1.9,-0.4,155.2,0.0,52.4,0.01,-0.03,-1.07,-0.71,[b'Waypoint'],23.7,-2.8,60925.0,175225.0,30.836,44726.22,28.74,14.76,10.203,94.81,6.04,0.0,0.0,1
20250609,175226,25.912035,-80.13745,-1.9,-0.3,154.4,0.0,52.4,-0.07,0.0,-1.09,-1.4,[b'Waypoint'],23.0,-0.6,60925.0,175226.0,30.844,42362.4,27.05,14.76,10.202,95.18,6.05,0.0,0.0,1
20250609,175227,25.91203,-80.13745,-0.1,-0.2,155.9,0.0,52.4,0.02,-0.01,-0.88,-0.44,[b'Waypoint'],24.0,-3.2,60925.0,175227.0,30.853,45156.03,29.05,14.76,10.203,95.58,6.09,0.0,0.0,1
20250609,175228,25.912024,-80.13744,-0.6,-0.4,158.3,0.0,52.4,-0.01,0.08,-0.95,0.83,[b'Waypoint'],24.0,3.4,60925.0,175228.0,30.862,45054.86,28.98,14.75,10.2,95.95,6.13,0.0,0.0,1
20250609,175229,25.912018,-80.13744,-1.1,-0.5,157.1,0.0,52.4,-0.03,0.02,-1.0,-0.14,[b'Station Ke'],17.3,6.0,60925.0,175230.0,30.869,45018.78,28.95,14.76,10.202,96.36,6.13,0.0,0.0,1
20250609,175231,25.912008,-80.137436,-2.8,-0.4,156.6,0.0,52.4,-0.06,0.03,-1.15,-2.88,[b'Station Ke'],-0.5,-33.2,60925.0,175231.0,30.878,44969.41,28.91,14.76,10.202,96.7,6.15,0.0,0.0,1
20250609,175232,25.912004,-80.137436,-3.1,0.2,82.9,0.0,52.4,-0.05,0.01,-1.12,-13.1,[b'Waypoint'],-0.8,-60.6,60925.0,175232.0,30.885,44740.25,28.75,14.76,10.214,97.08,6.17,0.0,0.0,1
20250609,175233,25.912,-80.13743,-3.1,0.8,82.0,0.0,52.4,-0.08,-0.11,-1.29,-17.23,[b'Waypoint'],-6.3,-55.7,60925.0,175233.0,30.893,41490.95,26.43,14.76,10.201,97.43,6.19,0.0,0.0,1
20250609,175234,25.912,-80.13742,-1.4,-0.0,81.4,0.0,52.4,-0.03,-0.02,-1.04,-13.7,[b'Waypoint'],3.7,-3.7,60925.0,175234.0,30.9,39219.24,24.82,14.76,10.208,97.73,6.2,0.0,0.0,1
20250609,175235,25.912003,-80.13742,0.4,-0.5,81.2,0.0,52.5,-0.02,0.02,-0.87,-9.83,[b'Waypoint'],9.8,-12.2,60925.0,175235.0,30.907,45422.41,29.24,14.76,10.204,98.03,6.24,0.0,0.0,1
20250609,175236,25.912003,0.0,0.5,-0.1,81.0,0.0,52.5,-0.03,0.08,-0.87,-8.76,[b'Waypoint'],15.0,-12.9,60925.0,175236.0,30.911,45373.02,29.2,14.76,10.205,98.27,6.29,0.0,0.0,1
20250609,175237,25.912004,-80.13741,-1.5,-1.4,90.2,0.0,52.4,-0.04,0.11,-1.0,-5.31,[b'Waypoint'],17.7,15.3,60925.0,175237.0,30.914,37563.64,23.66,14.76,10.202,98.51,6.25,0.0,0.0,1
20250609,175238,25.912004,-80.13741,-0.9,-0.9,85.8,0.0,52.4,-0.02,0.07,-1.02,-1.57,[b'Waypoint'],27.8,5.5,60925.0,175239.0,30.916,44006.59,28.22,14.76,10.208,98.66,6.26,0.0,0.0,1
20250609,175240,25.912008,-80.1374,-1.3,-4.0,96.4,0.0,52.4,-0.04,0.15,-0.82,-1.42,[b'Waypoint'],35.8,0.4,60925.0,175240.0,30.916,41457.63,26.4,14.76,10.208,98.83,6.31,0.0,0.0,1
20250609,175241,25.91201,-80.13739,-0.6,-3.2,100.4,0.0,52.4,0.06,-0.08,-0.97,-2.57,[b'Waypoint'],32.5,-0.6,60925.0,175241.0,30.915,43953.46,28.18,14.76,10.214,98.88,6.3,0.0,0.0,1
20250609,175242,25.912012,-80.13739,-0.4,-1.0,95.3,0.0,52.4,0.02,0.03,-0.96,-0.5,[b'Waypoint'],24.7,7.9,60925.0,175242.0,30.912,44668.1,28.7,14.76,10.207,98.88,6.43,0.0,0.0,1
20250609,175243,25.912014,-80.13738,-0.3,-0.9,88.4,0.0,52.4,-0.1,0.05,-1.0,-1.3,[b'Waypoint'],27.6,-0.7,60925.0,175243.0,30.909,44113.29,28.3,14.76,10.208,98.84,6.38,0.0,0.0,1
20250609,175244,25.912016,-80.137375,-0.4,-1.4,89.7,0.0,52.4,0.05,0.1,-0.99,-4.45,[b'Waypoint'],28.5,-3.8,60925.0,175244.0,30.903,44386.84,28.49,14.76,10.205,98.7,6.28,0.0,0.0,1
20250609,175245,25.91202,-80.13737,-0.8,-0.6,76.9,0.0,52.4,0.01,-0.13,-1.0,2.33,[b'Waypoint'],23.5,-23.5,60925.0,175245.0,30.897,43519.63,27.87,14.76,10.209,98.54,6.28,0.0,0.0,1
20250609,175246,25.912022,-80.13736,-1.1,0.5,77.8,0.0,52.4,0.02,-0.11,-1.05,2.24,[b'Waypoint'],22.9,-22.9,60925.0,175247.0,30.89,43922.69,28.16,14.76,10.22,98.28,6.26,0.0,0.0,1
20250609,175247,25.912024,-80.137344,-1.1,0.5,78.6,0.0,52.4,0.02,-0.11,-1.05,2.24,[b'Waypoint'],22.0,-12.0,60925.0,175248.0,30.882,41579.37,26.49,14.76,10.218,97.99,6.24,0.0,0.0,1
20250609,175249,25.91203,-80.13733,-1.1,1.9,81.7,0.0,52.4,-0.01,-0.07,-1.06,5.34,[b'Waypoint'],27.2,-1.4,60925.0,175249.0,30.874,43849.34,28.11,14.76,10.218,97.61,6.3,0.0,0.0,1
20250609,175250,25.912031,-80.13732,-1.2,-0.1,77.9,0.0,52.4,-0.07,-0.01,-1.0,1.03,[b'Waypoint'],21.0,-18.1,60925.0,175250.0,30.866,41892.36,26.71,14.76,10.206,97.13,6.22,0.0,0.0,1
20250609,175251,25.912033,-80.137314,-0.6,-0.2,87.4,0.0,52.4,-0.07,-0.0,-1.0,1.72,[b'Waypoint'],23.0,-3.0,60925.0,175251.0,30.857,43750.06,28.04,14.76,10.207,96.78,6.19,0.0,0.0,1
20250609,175252,25.912037,-80.13731,-0.8,-0.5,81.0,0.0,52.4,0.0,-0.02,-0.97,-0.37,[b'Waypoint'],26.0,-15.0,60925.0,175252.0,30.853,44217.09,28.37,14.76,10.203,96.35,6.14,0.0,0.0,1
20250609,175253,25.912039,-80.1373,-0.9,1.5,70.2,0.0,52.4,0.02,0.01,-1.01,2.3,[b'Waypoint'],17.0,-17.0,60925.0,175253.0,30.851,43112.51,27.58,14.76,10.221,96.12,6.2,0.0,0.0,1
20250609,175254,25.91204,-80.13728,-1.6,0.1,78.9,0.0,52.4,0.11,-0.16,-1.12,0.17,[b'Waypoint'],22.0,-14.1,60925.0,175255.0,30.853,45032.71,28.96,14.76,10.208,96.06,6.13,0.0,0.0,1
20250609,175255,25.912043,-80.137276,-0.9,0.0,78.8,0.0,52.4,-0.06,-0.04,-0.99,0.21,[b'Waypoint'],22.0,-18.7,60925.0,175256.0,30.86,44763.82,28.77,14.76,10.203,99.87,6.35,0.0,0.0,1
20250609,175256,25.912045,-80.13727,-0.7,-0.1,81.6,0.0,52.4,0.07,-0.01,-0.97,-0.83,[b'Waypoint'],25.2,-17.0,60925.0,175257.0,30.867,45467.32,29.27,14.76,10.202,100.98,6.42,0.0,0.0,1
20250609,175258,25.91205,-80.13725,-0.7,0.4,88.5,0.0,52.4,-0.08,0.02,-0.98,1.19,[b'Waypoint'],23.0,4.6,60925.0,175258.0,30.879,43594.51,27.93,14.76,10.211,102.48,6.51,0.0,0.0,1
20250609,175259,25.912052,-80.137245,-0.7,0.3,82.3,0.0,52.4,-0.0,-0.06,-0.98,0.31,[b'Waypoint'],23.0,0.6,60925.0,175259.0,30.893,42963.82,27.48,14.76,10.215,102.82,6.54,0.0,0.0,1
20250609,175300,25.912054,-80.13724,-1.3,-1.5,89.6,0.0,52.4,-0.07,0.09,-0.95,-0.64,[b'Waypoint'],26.4,-3.2,60925.0,175300.0,30.904,44280.5,28.42,14.76,10.21,103.4,6.58,0.0,0.0,1
20250609,175301,25.912056,-80.13723,-0.6,-0.8,87.1,0.0,52.4,-0.04,0.02,-0.99,-1.93,[b'Waypoint'],23.0,-7.0,60925.0,175301.0,30.917,42736.11,27.31,14.76,10.204,103.7,6.62,0.0,0.0,1
20250609,175302,25.912058,-80.13722,-0.2,-1.8,78.5,0.0,52.4,0.08,0.04,-0.97,-1.95,[b'Waypoint'],21.0,-19.1,60925.0,175303.0,30.932,45071.18,28.98,14.76,10.228,103.97,6.63,0.0,0.0,1
20250609,175303,25.91206,-80.137215,-0.6,-1.6,87.6,0.0,52.4,-0.03,0.03,-0.99,-0.57,[b'Waypoint'],23.0,-5.0,60925.0,175304.0,30.949,43980.35,28.2,14.76,10.208,104.13,6.63,0.0,0.0,1
20250609,175304,25.912062,-80.13721,-0.5,0.4,88.7,0.0,52.4,-0.04,0.01,-0.98,2.85,[b'Waypoint'],23.0,2.4,60925.0,175305.0,30.961,44038.11,28.24,14.76,10.209,104.2,6.64,0.0,0.0,1
20250609,175305,25.912064,-80.1372,-0.5,-1.4,90.6,0.0,52.4,-0.02,0.19,-0.92,-3.32,[b'Waypoint'],27.2,-6.1,60925.0,175306.0,30.977,43764.11,28.05,14.76,10.21,104.22,6.65,0.0,0.0,1
20250609,175307,25.912067,-80.13718,-0.3,-1.6,90.8,0.0,52.4,-0.05,0.17,-0.99,0.22,[b'Waypoint'],33.3,-6.0,60925.0,175307.0,30.986,43484.36,27.85,14.76,10.211,104.2,6.65,0.0,0.0,1
20250609,175308,25.91207,-80.13717,-0.6,-1.2,89.4,0.0,52.4,-0.0,-0.02,-0.98,-2.17,[b'Waypoint'],29.7,-9.1,60925.0,175308.0,30.995,43510.6,27.86,14.76,10.212,104.13,6.65,0.0,0.0,1
20250609,175309,25.912073,-80.13716,-0.9,-1.0,87.3,0.0,52.4,0.02,0.02,-1.03,2.19,[b'Waypoint'],24.1,1.3,60925.0,175309.0,31.001,43550.68,27.89,14.76,10.212,104.05,6.64,0.0,0.0,1
20250609,175310,25.912075,-80.13715,-1.2,-1.6,84.1,0.0,52.4,-0.04,0.08,-0.95,0.86,[b'Station Ke'],4.9,-4.9,60925.0,175310.0,31.008,45467.93,29.27,14.76,10.213,103.97,6.64,0.0,0.0,1
20250609,175312,25.912077,-80.137146,-0.9,-0.8,84.1,0.0,52.4,-0.03,-0.02,-1.01,-1.73,[b'Station Ke'],-0.9,-13.2,60925.0,175312.0,31.012,43211.09,27.65,14.76,10.203,103.88,6.62,0.0,0.0,1
20250609,175312,25.912079,-80.13714,-0.9,1.4,0.0,0.0,52.4,-0.05,-0.05,-1.02,-1.27,[b'Waypoint'],-0.5,-39.3,60925.0,175313.0,31.018,44012.78,28.22,14.76,10.228,103.85,6.7,0.0,0.0,1
20250609,175313,25.912079,-80.13713,-1.4,1.2,336.7,0.0,52.4,0.08,-0.16,-1.09,-1.71,[b'Waypoint'],-0.3,-47.1,60925.0,175314.0,31.022,44720.57,28.73,14.76,10.203,103.77,6.67,0.0,0.0,1
20250609,175314,25.912083,-80.13713,-1.4,0.3,336.3,0.0,52.4,-0.02,-0.04,-0.9,-18.09,[b'Waypoint'],-5.2,-75.2,60925.0,175315.0,31.028,41257.48,26.26,14.76,10.205,103.65,6.57,0.0,0.0,1
20250609,175316,25.912092,-80.13712,-0.9,0.5,335.6,0.0,52.4,-0.34,0.12,-0.95,-17.27,[b'Waypoint'],-3.1,-43.6,60925.0,175316.0,31.032,44728.36,28.74,14.76,10.206,103.47,6.56,0.0,0.0,1
20250609,175317,25.912094,-80.13712,-1.2,0.4,335.4,0.0,52.4,0.03,-0.03,-1.07,-12.96,[b'Waypoint'],-2.2,-31.2,60925.0,175317.0,31.037,45358.39,29.19,14.76,10.203,103.32,6.54,0.0,0.0,1
20250609,175318,25.912098,-80.13712,-0.9,0.6,335.3,0.0,52.4,0.03,-0.06,-1.06,-9.94,[b'Waypoint'],4.7,-25.2,60925.0,175318.0,31.041,45287.72,29.14,14.76,10.204,103.19,6.54,0.0,0.0,1
20250609,175319,25.912102,-80.13712,-1.5,0.2,335.2,0.0,52.4,-0.02,0.02,-1.04,-6.17,[b'Waypoint'],10.6,-16.2,60925.0,175320.0,31.044,45301.2,29.15,14.76,10.204,103.05,6.53,0.0,0.0,1
20250609,175320,25.912106,-80.13712,-0.8,0.3,335.1,0.0,52.4,-0.02,-0.04,-1.03,-4.18,[b'Waypoint'],13.3,-13.3,60925.0,175321.0,31.046,45300.95,29.15,14.76,10.204,102.97,6.52,0.0,0.0,1
20250609,175321,25.91211,-80.13713,-1.3,-0.1,335.0,0.0,52.4,-0.03,0.09,-0.96,-3.19,[b'Waypoint'],17.0,-12.2,60925.0,175322.0,31.048,45305.03,29.15,14.76,10.204,102.87,6.51,0.0,0.0,1
20250609,175322,25.912115,-80.13713,-0.4,-0.1,334.9,0.0,52.4,0.07,0.08,-0.95,-3.03,[b'Waypoint'],18.0,-11.1,60925.0,175323.0,31.05,45295.41,29.14,14.76,10.204,102.82,6.51,0.0,0.0,1
20250609,175324,25.912125,-80.13714,-0.6,0.1,333.1,0.0,52.4,-0.04,0.02,-1.0,-2.1,[b'Waypoint'],21.0,-2.2,60925.0,175324.0,31.052,45254.57,29.11,14.76,10.204,102.73,6.51,0.0,0.0,1
20250609,175325,25.91213,-80.13714,-1.1,0.2,337.5,0.0,52.4,-0.06,-0.1,-1.04,-2.36,[b'Waypoint'],25.5,1.2,60925.0,175325.0,31.053,45207.88,29.08,14.76,10.205,102.69,6.5,0.0,0.0,1
20250609,175326,25.912136,-80.137146,-0.6,-0.2,335.4,0.0,52.4,-0.05,-0.02,-1.02,-0.16,[b'Waypoint'],24.0,-0.2,60925.0,175327.0,31.055,45206.77,29.08,14.76,10.205,102.62,6.5,0.0,0.0,1
20250609,175327,25.912144,-80.137146,-1.0,-0.1,332.8,0.0,52.4,-0.04,0.02,-1.0,-2.37,[b'Waypoint'],24.0,-4.7,60925.0,175328.0,31.056,45165.28,29.05,14.76,10.205,102.57,6.5,0.0,0.0,1
20250609,175328,25.91215,-80.13715,-0.9,-0.2,330.1,0.0,52.4,0.01,0.03,-1.02,1.76,[b'Waypoint'],24.0,-16.6,60925.0,175329.0,31.058,45123.15,29.02,14.76,10.205,102.46,6.49,0.0,0.0,1
20250609,175329,25.912155,-80.13715,-1.1,-0.1,334.0,0.0,52.4,-0.09,0.02,-0.98,-1.74,[b'Waypoint'],23.0,5.9,60925.0,175330.0,31.06,45092.99,29.0,14.76,10.205,102.34,6.48,0.0,0.0,1
20250609,175330,25.91216,-80.13716,-0.8,0.0,339.8,0.0,52.4,-0.02,0.01,-1.0,1.7,[b'Waypoint'],20.0,2.5,60925.0,175331.0,31.063,45054.1,28.97,14.76,10.206,102.18,6.48,0.0,0.0,1
20250609,175331,25.912169,-80.13717,-0.9,-0.1,332.7,0.0,52.4,-0.0,0.03,-1.02,-0.21,[b'Waypoint'],23.1,12.1,60925.0,175332.0,31.065,45016.44,28.94,14.76,10.206,102.01,6.47,0.0,0.0,1
20250609,175333,25.912182,-80.13718,-1.0,-0.3,324.2,0.0,52.4,-0.02,0.0,-0.99,-1.58,[b'Waypoint'],21.0,-11.0,60925.0,175334.0,31.071,44927.89,28.88,14.76,10.207,101.56,6.44,0.0,0.0,1
20250609,175335,25.912195,-80.137184,-1.1,-0.1,338.5,0.0,52.4,-0.1,0.01,-0.97,-0.33,[b'Waypoint'],27.8,-5.0,60925.0,175335.0,31.073,44891.32,28.85,14.76,10.207,101.34,6.43,0.0,0.0,1
20250609,175336,25.9122,-80.13719,-0.8,-0.2,327.4,0.0,52.4,-0.02,0.03,-0.97,1.24,[b'Waypoint'],22.3,-4.5,60925.0,175337.0,31.076,44885.35,28.85,14.76,10.207,101.04,6.41,0.0,0.0,1
20250609,175337,25.912207,-80.13719,-1.0,0.0,335.6,0.0,52.4,-0.04,-0.07,-1.02,-1.27,[b'Waypoint'],22.0,9.6,60925.0,175338.0,31.078,44849.11,28.82,14.76,10.207,100.74,6.39,0.0,0.0,1
20250609,175338,25.912214,-80.1372,-0.9,-0.1,338.5,0.0,52.4,-0.08,0.01,-0.95,0.15,[b'Waypoint'],20.0,11.6,60925.0,175339.0,31.081,44772.68,28.77,14.76,10.208,100.4,6.37,0.0,0.0,1
20250609,175339,25.91222,-80.13721,-1.0,-0.1,337.4,0.0,52.4,-0.02,0.02,-1.02,0.66,[b'Waypoint'],21.0,5.6,60925.0,175340.0,31.082,44745.17,28.75,14.76,10.208,100.09,6.35,0.0,0.0,1
20250609,175340,25.912228,-80.13721,-0.8,-0.2,337.7,0.0,52.4,-0.03,0.01,-1.02,-0.76,[b'Waypoint'],24.0,5.2,60925.0,175341.0,31.084,44736.21,28.74,14.76,10.208,99.74,6.33,0.0,0.0,1
20250609,175341,25.912233,-80.137215,-0.9,-0.3,332.0,0.0,52.4,-0.06,-0.04,-0.98,-0.89,[b'Waypoint'],24.0,-0.8,60925.0,175342.0,31.086,44739.03,28.74,14.76,10.208,99.42,6.31,0.0,0.0,1
20250609,175343,25.912247,-80.13722,-0.6,-0.5,335.2,0.0,52.4,-0.17,0.01,-0.96,-0.74,[b'Waypoint'],27.1,0.1,60925.0,175343.0,31.087,44704.32,28.72,14.76,10.208,99.08,6.29,0.0,0.0,1
20250609,175344,25.912254,-80.13723,-1.0,-0.2,340.3,0.0,52.4,-0.0,-0.0,-0.98,-0.85,[b'Waypoint'],18.8,18.8,60925.0,175345.0,31.087,44833.66,28.81,14.76,10.211,98.7,6.27,0.0,0.0,1
20250609,175345,25.912262,-80.13723,-0.9,-0.4,327.3,0.0,52.4,-0.03,0.04,-0.99,1.99,[b'Waypoint'],22.3,-13.3,60925.0,175346.0,31.087,44430.98,28.52,14.76,10.216,98.45,6.24,0.0,0.0,1
20250609,175346,25.912268,-80.13724,-1.3,-0.0,342.8,0.0,52.4,-0.04,-0.01,-0.99,0.15,[b'Waypoint'],18.0,18.0,60925.0,175347.0,31.086,44908.97,28.86,14.76,10.207,98.12,6.24,0.0,0.0,1
20250609,175347,25.912275,-80.137245,-0.7,0.3,332.8,0.0,52.4,-0.02,-0.04,-1.0,-0.49,[b'Waypoint'],24.0,3.7,60925.0,175348.0,31.086,44441.02,28.53,14.76,10.21,97.82,6.21,0.0,0.0,1
20250609,175348,25.912281,-80.137245,-1.1,0.3,322.8,0.0,52.4,-0.04,0.01,-1.03,0.09,[b'Waypoint'],24.7,0.6,60925.0,175349.0,31.084,44427.51,28.52,14.76,10.209,97.48,6.19,0.0,0.0,1
20250609,175349,25.912289,-80.13725,-1.0,0.1,325.0,0.0,52.4,0.0,-0.04,-1.02,0.01,[b'Waypoint'],22.0,-12.7,60925.0,175350.0,31.083,44336.2,28.45,14.76,10.21,97.17,6.18,0.0,0.0,1
20250609,175350,25.912296,-80.13725,-0.8,-0.1,333.5,0.0,52.4,-0.06,0.06,-1.02,1.23,[b'Waypoint'],23.0,2.8,60925.0,175351.0,31.082,44414.57,28.51,14.76,10.21,96.81,6.15,0.0,0.0,1
20250609,175352,25.91231,-80.13727,-0.7,-0.3,327.5,0.0,52.4,-0.02,-0.01,-1.0,1.42,[b'Waypoint'],22.1,-2.3,60925.0,175353.0,31.08,44398.36,28.5,14.76,10.209,96.44,6.12,0.0,0.0,1
20250609,175353,25.912317,-80.13727,-1.1,0.2,331.0,0.0,52.4,-0.04,0.03,-0.98,-2.02,[b'Waypoint'],24.0,3.4,60925.0,175354.0,31.08,44237.92,28.38,14.76,10.216,96.09,6.1,0.0,0.0,1
20250609,175354,25.912325,-80.137276,-0.9,-0.3,331.4,0.0,52.4,-0.04,0.01,-1.0,0.32,[b'Waypoint'],24.0,3.3,60925.0,175355.0,31.08,44206.0,28.36,14.76,10.211,95.7,6.08,0.0,0.0,1
20250609,175355,25.91233,-80.13728,-1.2,-0.4,325.4,0.0,52.4,-0.05,-0.08,-1.08,0.17,[b'Waypoint'],22.0,-13.7,60925.0,175356.0,31.08,44666.32,28.69,14.76,10.208,95.34,6.05,0.0,0.0,1
20250609,175356,25.912338,-80.13728,-1.0,-0.3,336.9,0.0,52.4,0.0,-0.02,-1.02,-1.12,[b'Waypoint'],21.5,9.6,60925.0,175357.0,31.081,44744.49,28.75,14.76,10.208,94.94,6.02,0.0,0.0,1
20250609,175357,25.912344,-80.13729,-1.1,-0.2,330.2,0.0,52.4,-0.03,-0.06,-0.99,0.14,[b'Waypoint'],24.0,-3.3,60925.0,175358.0,31.082,44748.43,28.75,14.76,10.208,94.6,6.0,0.0,0.0,1
20250609,175358,25.912352,-80.1373,-1.0,-0.2,333.3,0.0,52.4,-0.05,0.08,-1.01,-0.01,[b'Waypoint'],23.0,7.8,60925.0,175359.0,31.084,44469.74,28.55,14.76,10.209,94.23,5.98,0.0,0.0,1
20250609,175400,25.912357,-80.1373,-0.7,0.2,322.7,0.0,52.4,-0.02,-0.08,-1.02,-0.28,[b'Waypoint'],21.0,-15.4,60925.0,175400.0,31.086,44455.93,28.54,14.76,10.21,93.94,5.97,0.0,0.0,1
20250609,175402,25.912373,-80.137314,-0.5,-0.1,325.8,0.0,52.4,0.01,-0.03,-1.04,1.51,[b'Waypoint'],23.7,8.3,60925.0,175402.0,31.09,44475.54,28.55,14.76,10.21,93.63,5.95,0.0,0.0,1
20250609,175403,25.91238,-80.137314,-1.2,-0.0,325.7,0.0,52.4,-0.02,-0.04,-0.99,0.36,[b'Waypoint'],23.0,-10.7,60925.0,175403.0,31.094,44532.43,28.59,14.76,10.209,93.43,5.93,0.0,0.0,1
20250609,175404,25.912386,-80.13732,-0.7,-0.3,328.7,0.0,52.4,0.02,-0.04,-1.0,-0.56,[b'Waypoint'],24.0,4.6,60925.0,175404.0,31.099,44539.63,28.6,14.76,10.209,93.19,5.91,0.0,0.0,1
20250609,175405,25.912394,-80.13732,-0.9,-0.3,328.9,0.0,52.4,-0.05,0.01,-0.99,-0.13,[b'Waypoint'],26.1,-6.9,60925.0,175405.0,31.104,44579.45,28.63,14.76,10.209,93.05,5.91,0.0,0.0,1
20250609,175406,25.9124,-80.13733,-0.8,-0.2,329.9,0.0,52.4,0.01,0.05,-1.02,0.51,[b'Waypoint'],25.5,8.1,60925.0,175406.0,31.111,44556.34,28.61,14.76,10.209,92.89,5.89,0.0,0.0,1
20250609,175407,25.912407,-80.13734,-0.9,-0.2,329.2,0.0,52.4,-0.0,-0.02,-1.01,0.06,[b'Waypoint'],24.0,-3.2,60925.0,175407.0,31.117,44586.21,28.63,14.76,10.209,92.8,5.89,0.0,0.0,1
20250609,175408,25.912413,-80.13734,-0.7,-0.2,330.4,0.0,52.4,-0.06,0.05,-0.92,0.17,[b'Waypoint'],24.0,-1.5,60925.0,175408.0,31.121,44581.65,28.63,14.76,10.209,92.71,5.88,0.0,0.0,1
20250609,175409,25.91242,-80.137344,-0.9,-0.2,328.3,0.0,52.4,0.02,0.08,-0.99,-1.05,[b'Waypoint'],24.0,2.4,60925.0,175410.0,31.127,44564.07,28.61,14.76,10.209,92.65,5.88,0.0,0.0,1
20250609,175411,25.912432,-80.13735,-0.8,-0.2,331.2,0.0,52.4,-0.01,-0.03,-0.98,0.12,[b'Waypoint'],23.0,-1.6,60925.0,175411.0,31.131,44481.73,28.55,14.76,10.21,92.6,5.88,0.0,0.0,1
20250609,175412,25.91244,-80.13736,-0.9,-0.1,330.6,0.0,52.4,0.0,0.0,-1.0,-0.77,[b'Waypoint'],24.0,6.3,60925.0,175412.0,31.137,44438.77,28.52,14.76,10.21,92.54,5.87,0.0,0.0,1
20250609,175413,25.912447,-80.13737,-0.7,-0.3,330.7,0.0,52.4,0.03,-0.05,-1.03,0.28,[b'Waypoint'],24.0,3.9,60925.0,175413.0,31.14,44556.99,28.61,14.76,10.21,92.49,5.87,0.0,0.0,1
20250609,175414,25.912453,-80.13737,-1.0,-0.3,332.5,0.0,52.4,-0.04,0.02,-1.0,-0.01,[b'Waypoint'],22.0,10.4,60925.0,175414.0,31.145,44562.06,28.61,14.76,10.209,92.4,5.86,0.0,0.0,1
20250609,175415,25.91246,-80.137375,-0.7,-0.0,327.6,0.0,52.4,-0.03,0.0,-1.05,0.49,[b'Waypoint'],24.0,-3.5,60925.0,175415.0,31.148,44568.7,28.62,14.76,10.209,92.32,5.85,0.0,0.0,1
20250609,175416,25.912466,-80.137375,-0.8,-0.3,336.2,0.0,52.5,-0.03,0.02,-0.99,-0.16,[b'Waypoint'],21.0,16.6,60925.0,175416.0,31.152,44567.05,28.62,14.76,10.209,92.19,5.85,0.0,0.0,1
20250609,175417,25.912472,-80.13738,-0.7,-0.2,329.8,0.0,52.4,0.01,-0.02,-1.01,0.9,[b'Waypoint'],24.0,1.2,60925.0,175417.0,31.153,44533.46,28.59,14.76,10.209,92.08,5.84,0.0,0.0,1
20250609,175418,25.91248,-80.13739,-0.6,-0.2,320.1,0.0,52.4,-0.11,0.06,-0.99,-0.74,[b'Waypoint'],20.0,-13.8,60925.0,175419.0,31.155,44543.66,28.6,14.76,10.209,91.89,5.83,0.0,0.0,1
20250609,175420,25.912493,-80.1374,-0.7,-0.2,324.8,0.0,52.4,0.02,0.02,-0.98,0.78,[b'Waypoint'],23.0,-7.4,60925.0,175420.0,31.155,44514.22,28.58,14.76,10.209,91.76,5.82,0.0,0.0,1
20250609,175421,25.9125,-80.1374,-0.8,-0.1,328.9,0.0,52.5,0.04,0.07,-1.02,-0.86,[b'Waypoint'],24.0,5.3,60925.0,175421.0,31.156,44488.43,28.56,14.76,10.209,91.58,5.81,0.0,0.0,1
20250609,175422,25.912508,-80.137405,-0.7,-0.1,327.6,0.0,52.5,-0.05,-0.04,-0.99,-0.3,[b'Waypoint'],24.0,1.2,60925.0,175422.0,31.156,44480.14,28.55,14.76,10.21,91.38,5.8,0.0,0.0,1
20250609,175423,25.912516,-80.13741,-0.9,-0.2,334.5,0.0,52.5,-0.1,0.01,-0.95,-1.09,[b'Waypoint'],21.0,18.1,60925.0,175423.0,31.156,44511.06,28.58,14.76,10.21,91.23,5.79,0.0,0.0,1
20250609,175424,25.912521,-80.13741,-1.0,-0.6,323.1,0.0,52.4,0.03,0.01,-1.01,0.18,[b'Waypoint'],24.3,-13.4,60925.0,175424.0,31.156,44569.05,28.62,14.76,10.209,91.08,5.77,0.0,0.0,1
20250609,175425,25.912529,-80.13742,-1.3,-0.5,318.4,0.0,52.4,-0.02,-0.04,-1.05,-1.63,[b'Waypoint'],20.0,-8.6,60925.0,175425.0,31.156,44676.83,28.69,14.76,10.211,90.92,5.79,0.0,0.0,1
20250609,175426,25.912535,-80.13742,-0.9,-0.1,321.1,0.0,52.4,-0.04,0.04,-0.98,-0.94,[b'Waypoint'],23.3,-2.3,60925.0,175427.0,31.155,43992.18,28.2,14.76,10.212,90.77,5.77,0.0,0.0,1
20250609,175427,25.912542,-80.13743,-0.8,0.0,330.5,0.0,52.4,-0.02,0.05,-1.05,-1.27,[b'Waypoint'],21.0,15.9,60925.0,175428.0,31.154,43563.93,27.9,14.76,10.215,90.68,5.77,0.0,0.0,1
20250609,175429,25.912556,-80.137436,-0.6,0.0,319.2,0.0,52.4,0.01,-0.01,-0.98,-0.01,[b'Waypoint'],22.0,-10.1,60925.0,175429.0,31.153,44341.16,28.45,14.76,10.211,90.58,5.75,0.0,0.0,1
20250609,175430,25.912561,-80.13744,-1.1,-0.1,323.6,0.0,52.4,0.02,0.04,-1.0,-1.1,[b'Waypoint'],24.0,5.7,60925.0,175430.0,31.152,44520.91,28.58,14.76,10.21,90.51,5.74,0.0,0.0,1
20250609,175431,25.912569,-80.13745,-0.8,-0.3,337.7,0.0,52.4,-0.02,-0.04,-1.04,1.7,[b'Waypoint'],18.3,18.3,60925.0,175431.0,31.151,44411.46,28.5,14.76,10.21,90.44,5.74,0.0,0.0,1
20250609,175432,25.912575,-80.13745,-1.1,-0.0,334.6,0.0,52.5,-0.04,0.05,-0.93,0.27,[b'Waypoint'],20.0,17.7,60925.0,175432.0,31.15,44349.71,28.46,14.76,10.21,90.4,5.74,0.0,0.0,1
20250609,175433,25.912582,-80.13746,-0.8,-0.2,326.0,0.0,52.5,-0.04,-0.02,-1.02,-0.57,[b'Waypoint'],22.8,-9.2,60925.0,175433.0,31.15,44325.56,28.44,14.76,10.211,90.36,5.73,0.0,0.0,1
20250609,175434,25.912588,-80.13747,-1.1,-0.5,340.5,0.0,52.5,-0.02,0.05,-1.0,-0.42,[b'Waypoint'],19.7,19.7,60925.0,175435.0,31.15,43185.95,27.63,14.76,10.208,90.33,5.75,0.0,0.0,1
20250609,175435,25.912596,-80.13747,-1.0,-0.2,315.3,0.0,52.5,-0.07,-0.01,-0.99,-0.36,[b'Waypoint'],19.0,-16.7,60925.0,175436.0,31.15,44607.4,28.64,14.76,10.215,90.32,5.81,0.0,0.0,1
20250609,175436,25.912601,-80.137474,-0.8,-0.4,332.2,0.0,52.5,-0.01,0.02,-1.02,-0.88,[b'Waypoint'],21.0,17.8,60925.0,175437.0,31.151,43658.3,27.96,14.76,10.211,90.31,5.73,0.0,0.0,1
20250609,175438,25.912615,-80.13748,-0.9,-0.3,330.6,0.0,52.5,-0.01,-0.02,-1.02,0.72,[b'Waypoint'],22.0,9.6,60925.0,175438.0,31.153,43458.5,27.82,14.76,10.215,90.31,5.75,0.0,0.0,1
20250609,175439,25.912622,-80.13749,-0.7,-0.0,311.7,0.0,52.5,0.05,-0.06,-1.06,0.08,[b'Waypoint'],18.8,-18.8,60925.0,175439.0,31.155,43484.5,27.84,14.76,10.215,90.35,5.75,0.0,0.0,1
20250609,175440,25.912628,-80.1375,-1.0,-0.4,316.5,0.0,52.5,-0.01,-0.05,-1.04,-0.59,[b'Waypoint'],19.5,-15.9,60925.0,175440.0,31.156,43769.98,28.04,14.76,10.214,90.39,5.75,0.0,0.0,1
20250609,175441,25.912636,-80.1375,-0.7,-0.3,332.0,0.0,52.5,-0.01,-0.06,-0.99,-0.64,[b'Waypoint'],24.2,-1.9,60925.0,175441.0,31.16,43849.27,28.1,14.76,10.214,90.47,5.75,0.0,0.0,1
20250609,175442,25.912642,-80.137505,-1.1,-0.2,325.8,0.0,52.5,-0.05,0.04,-0.98,-1.39,[b'Waypoint'],24.1,5.7,60925.0,175442.0,31.162,43798.95,28.06,14.76,10.213,90.55,5.76,0.0,0.0,1
20250609,175443,25.91265,-80.13751,-0.7,-0.2,329.1,0.0,52.5,-0.03,0.01,-0.97,-1.38,[b'Waypoint'],22.0,19.4,60925.0,175444.0,31.165,43872.11,28.12,14.76,10.213,90.67,5.77,0.0,0.0,1
20250609,175444,25.912655,-80.13751,-1.2,-0.2,325.0,0.0,52.5,0.01,-0.04,-1.05,0.94,[b'Waypoint'],24.0,-1.8,60925.0,175445.0,31.168,43972.41,28.19,14.76,10.213,90.8,5.77,0.0,0.0,1
20250609,175445,25.912663,-80.13752,-0.7,-0.3,337.9,0.0,52.5,-0.01,0.03,-0.99,1.5,[b'Waypoint'],17.3,17.3,60925.0,175446.0,31.171,44025.12,28.23,14.76,10.212,90.96,5.78,0.0,0.0,1
20250609,175447,25.912676,-80.13753,-0.9,-0.1,333.0,0.0,52.5,0.02,0.02,-1.01,-0.68,[b'Waypoint'],21.0,16.4,60925.0,175447.0,31.173,43992.7,28.2,14.76,10.213,91.11,5.79,0.0,0.0,1
20250609,175448,25.912682,-80.137535,-1.1,-0.2,329.3,0.0,52.5,-0.04,0.04,-1.0,1.34,[b'Waypoint'],23.0,5.5,60925.0,175448.0,31.177,43932.72,28.16,14.76,10.213,91.35,5.8,0.0,0.0,1
20250609,175449,25.91269,-80.13754,-1.0,0.0,329.4,0.0,52.5,-0.02,0.0,-1.03,0.0,[b'Waypoint'],26.7,0.1,60925.0,175449.0,31.179,43919.21,28.15,14.76,10.213,91.52,5.81,0.0,0.0,1
20250609,175450,25.912695,-80.13754,-0.7,-0.1,333.4,0.0,52.5,-0.03,-0.02,-0.98,0.44,[b'Waypoint'],23.0,-12.0,60925.0,175450.0,31.181,43962.12,28.18,14.76,10.213,91.78,5.83,0.0,0.0,1
20250609,175451,25.912703,-80.13755,-0.6,-0.1,326.9,0.0,52.5,-0.05,0.01,-0.98,-0.06,[b'Waypoint'],24.0,6.1,60925.0,175452.0,31.183,44063.88,28.25,14.76,10.213,92.02,5.84,0.0,0.0,1
20250609,175452,25.91271,-80.13755,-0.5,-0.1,322.8,0.0,52.5,0.01,-0.02,-0.96,-0.15,[b'Waypoint'],22.0,-9.4,60925.0,175453.0,31.184,44101.96,28.28,14.76,10.212,92.23,5.86,0.0,0.0,1
20250609,175453,25.912718,-80.13756,-0.8,-0.3,333.7,0.0,52.5,-0.01,-0.05,-0.99,1.33,[b'Waypoint'],22.0,11.9,60925.0,175454.0,31.186,44120.92,28.29,14.76,10.212,92.47,5.87,0.0,0.0,1
20250609,175455,25.912731,-80.137566,-1.0,-0.1,324.9,0.0,52.5,0.01,-0.02,-1.02,-0.32,[b'Waypoint'],21.0,-0.9,60925.0,175455.0,31.187,44181.39,28.34,14.76,10.213,92.71,5.88,0.0,0.0,1
20250609,175456,25.912739,-80.13757,-0.9,-0.3,330.4,0.0,52.5,-0.01,-0.01,-1.05,-0.95,[b'Waypoint'],24.0,8.3,60925.0,175456.0,31.188,44249.9,28.39,14.76,10.212,92.92,5.9,0.0,0.0,1
20250609,175457,25.912745,-80.13758,-0.8,-0.4,331.4,0.0,52.5,-0.02,-0.0,-1.01,0.47,[b'Waypoint'],23.0,10.3,60925.0,175457.0,31.189,44245.77,28.38,14.76,10.212,93.15,5.91,0.0,0.0,1
20250609,175458,25.91275,-80.13758,-1.0,-0.1,327.3,0.0,52.5,0.04,-0.03,-1.01,-0.77,[b'Waypoint'],24.6,-3.9,60925.0,175458.0,31.19,44217.29,28.36,14.76,10.212,93.35,5.92,0.0,0.0,1
20250609,175459,25.912758,-80.13759,-0.7,-0.3,327.3,0.0,52.5,-0.02,0.01,-1.04,1.35,[b'Waypoint'],24.0,-5.1,60925.0,175500.0,31.191,44227.46,28.37,14.76,10.212,93.57,5.94,0.0,0.0,1
20250609,175500,25.912764,-80.13759,-1.3,-0.2,329.9,0.0,52.5,-0.03,-0.03,-1.02,-1.05,[b'Station Ke'],10.0,-10.0,60925.0,175501.0,31.191,44304.52,28.43,14.76,10.211,93.75,5.95,0.0,0.0,1
20250609,175502,25.912771,-80.137596,-1.0,-0.3,329.9,0.0,52.5,-0.03,0.01,-1.0,-0.09,[b'Station Ke'],3.5,3.5,60925.0,175502.0,31.191,44389.28,28.49,14.76,10.211,93.95,5.96,0.0,0.0,1
20250609,175502,25.912777,-80.137596,-0.8,-0.5,0.0,0.0,52.5,-0.03,-0.06,-0.97,2.25,[b'Waypoint'],-0.5,40.1,60925.0,175503.0,31.191,44488.75,28.56,14.76,10.21,94.09,5.97,0.0,0.0,1
20250609,175504,25.912788,-80.1376,-1.0,-0.4,326.8,0.0,52.5,-0.03,0.01,-1.0,2.03,[b'Waypoint'],0.0,0.0,60925.0,175504.0,31.191,44549.82,28.6,14.76,10.21,94.28,5.98,0.0,0.0,1
20250609,175505,25.912792,-80.1376,-1.2,-0.2,326.5,0.0,52.5,-0.02,-0.02,-1.02,2.26,[b'Waypoint'],0.0,0.0,60925.0,175505.0,31.19,44570.45,28.62,14.76,10.209,94.44,5.99,0.0,0.0,1
20250609,175506,25.912796,-80.13761,-1.4,-0.1,343.1,0.0,52.5,-0.03,0.01,-1.03,0.36,[b'0.0'],0.0,0.0,60925.0,175506.0,31.189,44621.63,28.65,14.76,10.209,94.57,5.99,0.0,0.0,1
20250609,175507,25.9128,-80.13761,-0.6,-0.1,326.1,0.0,52.5,0.04,0.04,-0.99,-4.27,[b'Waypoint'],15.3,-25.8,60925.0,175508.0,31.188,44671.04,28.69,14.76,10.208,94.71,6.0,0.0,0.0,1
20250609,175508,25.912806,-80.13761,-1.2,-0.0,325.9,0.0,52.5,0.02,0.01,-1.05,-4.25,[b'Waypoint'],15.9,-15.9,60925.0,175509.0,31.187,44742.79,28.74,14.76,10.208,94.82,6.01,0.0,0.0,1
20250609,175509,25.912811,-80.13762,-0.9,0.0,310.7,0.0,52.5,0.07,-0.09,-0.98,-2.82,[b'Waypoint'],16.9,-16.9,60925.0,175510.0,31.186,44778.19,28.77,14.76,10.208,94.93,6.01,0.0,0.0,1
20250609,175510,25.912817,-80.13762,-1.1,0.2,319.8,0.0,52.5,0.0,-0.03,-1.03,-3.58,[b'Waypoint'],19.0,-13.1,60925.0,175511.0,31.185,44778.1,28.77,14.76,10.208,95.03,6.02,0.0,0.0,1
20250609,175511,25.91282,-80.13763,-0.9,-0.1,324.1,0.0,52.5,0.03,0.01,-0.98,-3.31,[b'Waypoint'],25.0,-3.7,60925.0,175512.0,31.185,44829.35,28.8,14.76,10.207,95.13,6.02,0.0,0.0,1
20250609,175513,25.912834,-80.137634,-1.0,-0.2,322.8,0.0,52.5,0.07,-0.02,-1.04,-1.74,[b'Waypoint'],24.0,-1.7,60925.0,175513.0,31.185,44846.42,28.82,14.76,10.207,95.21,6.03,0.0,0.0,1
20250609,175514,25.91284,-80.13764,-0.9,-0.2,331.8,0.0,52.5,-0.02,-0.03,-1.03,-0.71,[b'Waypoint'],18.0,13.9,60925.0,175514.0,31.185,44877.6,28.84,14.76,10.207,95.31,6.03,0.0,0.0,1
20250609,175515,25.912846,-80.13764,-0.9,-0.1,319.5,0.0,52.5,-0.09,0.0,-0.98,-1.06,[b'Waypoint'],24.0,-5.4,60925.0,175516.0,31.184,44816.75,28.79,14.76,10.207,95.38,6.04,0.0,0.0,1
20250609,175516,25.912851,-80.13765,-0.8,-0.4,318.2,0.0,52.5,-0.06,0.01,-0.97,0.47,[b'Waypoint'],24.4,-12.1,60925.0,175517.0,31.184,44773.18,28.76,14.76,10.208,95.46,6.04,0.0,0.0,1
20250609,175517,25.912857,-80.13766,-1.2,-0.1,310.4,0.0,52.5,0.0,0.0,-0.99,-1.53,[b'Waypoint'],20.0,-16.7,60925.0,175518.0,31.183,44744.63,28.74,14.76,10.208,95.5,6.05,0.0,0.0,1
20250609,175518,25.912863,-80.137665,-0.8,-0.6,319.4,0.0,52.5,-0.03,-0.01,-1.0,-1.24,[b'Waypoint'],23.0,1.0,60925.0,175519.0,31.182,44684.86,28.7,14.76,10.208,95.51,6.05,0.0,0.0,1
20250609,175519,25.912867,-80.13767,-1.2,0.1,331.5,0.0,52.5,-0.09,0.09,-0.95,-1.35,[b'Waypoint'],30.2,-2.1,60925.0,175520.0,31.181,44646.82,28.67,14.76,10.209,95.48,6.05,0.0,0.0,1
20250609,175520,25.912872,-80.13767,-0.6,-0.3,315.5,0.0,52.5,-0.03,-0.0,-0.98,1.19,[b'Waypoint'],22.4,-4.7,60925.0,175521.0,31.18,44587.72,28.63,14.76,10.209,95.38,6.04,0.0,0.0,1
20250609,175522,25.912884,-80.13769,-0.8,-0.4,323.9,0.0,52.5,-0.0,-0.04,-1.01,-0.26,[b'Waypoint'],21.0,9.5,60925.0,175523.0,31.177,44488.82,28.56,14.76,10.209,95.11,6.03,0.0,0.0,1
20250609,175524,25.912895,-80.1377,-0.8,-0.2,324.0,0.0,52.5,0.0,0.02,-1.02,-0.21,[b'Waypoint'],21.0,9.8,60925.0,175525.0,31.175,44439.5,28.52,14.76,10.209,94.86,6.02,0.0,0.0,1
20250609,175525,25.9129,-80.13771,-1.1,-0.1,318.5,0.0,52.5,-0.04,0.01,-0.96,1.33,[b'Waypoint'],22.8,3.0,60925.0,175526.0,31.173,44415.13,28.51,14.76,10.21,94.58,6.0,0.0,0.0,1
20250609,175526,25.912907,-80.13771,-0.8,0.1,323.0,0.0,52.5,-0.03,0.06,-1.02,-0.06,[b'Waypoint'],22.0,8.1,60925.0,175527.0,31.171,44391.87,28.49,14.76,10.21,94.31,5.98,0.0,0.0,1
20250609,175527,25.912912,-80.13772,-1.0,0.2,311.2,0.0,52.5,0.03,0.0,-1.01,0.71,[b'Waypoint'],21.2,-11.3,60925.0,175528.0,31.169,44317.97,28.44,14.76,10.21,93.97,5.96,0.0,0.0,1
20250609,175528,25.912918,-80.137726,-0.8,0.2,323.1,0.0,52.5,-0.02,0.01,-1.01,0.55,[b'Waypoint'],22.0,10.7,60925.0,175529.0,31.167,44342.2,28.45,14.76,10.21,93.64,5.94,0.0,0.0,1
20250609,175529,25.912924,-80.13773,-1.0,0.1,322.6,0.0,52.5,-0.02,-0.01,-1.01,1.07,[b'Waypoint'],22.0,-1.6,60925.0,175530.0,31.165,44312.29,28.43,14.76,10.21,93.2,5.91,0.0,0.0,1
20250609,175530,25.91293,-80.13773,-0.8,0.2,324.3,0.0,52.5,-0.04,-0.02,-1.03,-0.15,[b'Waypoint'],22.0,12.1,60925.0,175531.0,31.164,44291.16,28.42,14.76,10.21,88.82,5.64,0.0,0.0,1
20250609,175532,25.912941,-80.13775,-0.8,-0.9,320.3,0.0,52.5,-0.02,0.04,-0.99,-0.04,[b'Waypoint'],24.0,3.7,60925.0,175532.0,31.161,44273.1,28.4,14.76,10.21,86.23,5.47,0.0,0.0,1
20250609,175533,25.912949,-80.13776,-1.1,-0.4,318.1,0.0,52.5,-0.05,0.04,-0.96,-0.92,[b'Waypoint'],25.1,-8.9,60925.0,175534.0,31.157,44200.35,28.35,14.76,10.21,84.63,5.37,0.0,0.0,1
20250609,175534,25.912954,-80.13776,-0.7,-0.3,321.3,0.0,52.5,-0.04,-0.03,-1.0,1.0,[b'Waypoint'],23.0,4.7,60925.0,175535.0,31.153,44259.46,28.39,14.76,10.209,83.54,5.3,0.0,0.0,1
20250609,175535,25.91296,-80.137764,-0.9,0.1,327.6,0.0,52.5,-0.04,0.0,-1.01,-1.57,[b'Waypoint'],27.9,-0.3,60925.0,175536.0,31.15,43854.68,28.1,14.76,10.208,82.61,5.25,0.0,0.0,1
20250609,175536,25.912966,-80.13777,-0.6,-0.5,331.0,0.0,52.5,-0.01,0.01,-0.98,2.56,[b'Waypoint'],17.0,16.6,60925.0,175537.0,31.143,43091.21,27.56,14.76,10.217,81.62,5.19,0.0,0.0,1
20250609,175537,25.912973,-80.13778,-0.9,-0.1,316.0,0.0,52.5,-0.02,0.01,-1.02,1.0,[b'Waypoint'],22.4,-1.6,60925.0,175538.0,31.137,43828.03,28.09,14.76,10.213,77.55,4.94,0.0,0.0,1
20250609,175538,25.91298,-80.13778,-0.8,-0.2,314.7,0.0,52.5,-0.03,-0.02,-1.03,-0.67,[b'Waypoint'],22.0,-5.6,60925.0,175539.0,31.125,44028.72,28.23,14.76,10.211,75.72,4.81,0.0,0.0,1
20250609,175540,25.912985,-80.13779,-1.1,-0.4,316.4,0.0,52.5,0.01,0.0,-1.0,-1.1,[b'Waypoint'],23.0,-2.4,60925.0,175540.0,31.115,43950.71,28.17,14.76,10.211,73.91,4.7,0.0,0.0,1
20250609,175540,25.91299,-80.137794,-0.8,-0.3,327.2,0.0,52.5,-0.01,-0.01,-0.97,1.03,[b'Waypoint'],20.0,18.1,60925.0,175541.0,31.1,43994.62,28.21,14.76,10.211,72.58,4.62,0.0,0.0,1
20250609,175543,25.913004,-80.1378,-0.9,-0.2,311.6,0.0,52.5,-0.0,-0.01,-0.99,-2.31,[b'Waypoint'],21.2,-1.1,60925.0,175543.0,31.086,43958.68,28.18,14.76,10.211,71.41,4.54,0.0,0.0,1
20250609,175544,25.91301,-80.13781,-0.9,-0.3,321.1,0.0,52.5,-0.02,-0.03,-1.0,-0.63,[b'Waypoint'],22.0,12.3,60925.0,175544.0,31.075,43979.18,28.2,14.76,10.212,70.65,4.5,0.0,0.0,1
20250609,175545,25.913015,-80.13782,-0.7,-0.3,327.7,0.0,52.5,0.02,-0.04,-1.01,1.13,[b'Waypoint'],19.5,19.5,60925.0,175545.0,31.062,43927.5,28.16,14.76,10.212,69.82,4.44,0.0,0.0,1
20250609,175546,25.913021,-80.137825,-0.9,-0.2,320.0,0.0,52.5,-0.01,-0.01,-0.98,0.54,[b'Waypoint'],0.0,19.5,60925.0,175546.0,31.052,43883.61,28.13,14.76,10.212,69.16,4.4,0.0,0.0,1
20250609,175547,25.913027,-80.13783,-0.9,-0.3,315.0,0.0,52.5,-0.07,0.01,-1.01,0.67,[b'Waypoint'],25.6,3.4,60925.0,175547.0,31.042,43820.58,28.08,14.76,10.213,65.01,4.14,0.0,0.0,1
20250609,175548,25.913033,-80.13783,-0.9,-0.3,315.9,0.0,52.5,0.02,0.02,-1.0,-0.35,[b'Waypoint'],23.0,-3.1,60925.0,175548.0,31.035,43785.95,28.06,14.76,10.213,64.02,4.08,0.0,0.0,1
20250609,175549,25.913038,-80.13784,-1.0,-0.3,320.9,0.0,52.5,-0.04,0.01,-0.98,0.05,[b'Waypoint'],23.0,11.1,60925.0,175549.0,31.026,43764.97,28.04,14.76,10.213,63.2,4.03,0.0,0.0,1
20250609,175550,25.913046,-80.13785,-0.9,-0.1,316.7,0.0,52.5,-0.09,-0.04,-0.97,-0.02,[b'Waypoint'],24.0,-4.0,60925.0,175550.0,31.022,43719.95,28.01,14.76,10.214,62.69,4.0,0.0,0.0,1
20250609,175552,25.913057,0.0,-0.8,-0.3,323.7,0.0,52.5,-0.02,0.01,-0.95,0.32,[b'Waypoint'],23.4,8.1,60925.0,175552.0,31.019,43675.45,27.98,14.76,10.214,62.12,3.96,0.0,0.0,1
20250609,175553,25.913063,-80.13786,-1.0,-0.4,312.7,0.0,52.5,-0.03,-0.02,-0.99,-0.51,[b'Waypoint'],22.7,-6.0,60925.0,175553.0,31.019,43639.01,27.95,14.76,10.214,61.71,3.94,0.0,0.0,1
20250609,175554,25.913069,-80.13787,-0.9,-0.2,315.0,0.0,52.5,0.0,-0.03,-1.03,-0.44,[b'Waypoint'],23.0,-2.8,60925.0,175554.0,31.021,43670.63,27.98,14.76,10.214,61.3,3.91,0.0,0.0,1
20250609,175555,25.913074,-80.13788,-1.0,-0.1,320.8,0.0,52.5,-0.03,-0.02,-1.01,-0.16,[b'Waypoint'],22.1,5.2,60925.0,175555.0,31.024,43669.45,27.98,14.76,10.214,60.97,3.89,0.0,0.0,1
20250609,175556,25.91308,-80.137886,-0.8,-0.2,321.8,0.0,52.5,-0.01,0.03,-0.99,1.76,[b'Waypoint'],22.0,9.3,60925.0,175556.0,31.031,43686.83,27.99,14.76,10.214,60.46,3.85,0.0,0.0,1
20250609,175557,25.913086,-80.137886,-0.9,-0.0,318.7,0.0,52.5,0.01,0.01,-0.98,0.54,[b'Waypoint'],24.0,2.6,60925.0,175557.0,31.039,43641.26,27.96,14.76,10.214,56.55,3.61,0.0,0.0,1
20250609,175558,25.913092,-80.13789,-0.8,-0.3,324.4,0.0,52.5,-0.04,-0.01,-0.99,1.12,[b'Waypoint'],22.0,10.2,60925.0,175559.0,31.048,43661.82,27.97,14.76,10.214,55.53,3.54,0.0,0.0,1
20250609,175600,25.913105,-80.13791,-1.1,-0.2,320.2,0.0,52.5,-0.06,0.03,-1.0,-1.01,[b'Station Ke'],4.5,4.5,60925.0,175600.0,31.058,43690.6,27.99,14.76,10.214,54.41,3.47,0.0,0.0,1
20250609,175601,25.91311,-80.13791,-1.3,-0.2,320.2,0.0,52.5,-0.02,-0.0,-1.02,-0.45,[b'Station Ke'],4.9,4.9,60925.0,175601.0,31.067,43747.32,28.03,14.76,10.213,54.11,3.45,0.0,0.0,1
20250609,175602,25.913115,-80.13792,-1.3,-0.3,318.6,0.0,52.5,-0.01,0.0,-1.02,0.1,[b'Waypoint'],-0.5,36.7,60925.0,175602.0,31.078,43829.71,28.09,14.76,10.213,53.59,3.41,0.0,0.0,1
20250609,175603,25.91312,-80.137924,-1.2,-0.6,318.6,0.0,52.5,-0.0,-0.01,-1.0,3.62,[b'Station Ke'],0.0,0.0,60925.0,175603.0,31.088,43892.95,28.13,14.76,10.213,53.21,3.39,0.0,0.0,1
20250609,175604,25.913124,-80.137924,-1.2,-0.5,266.3,0.0,52.5,-0.03,0.02,-1.0,0.61,[b'Waypoint'],-0.5,-39.2,60925.0,175604.0,31.099,43990.36,28.2,14.76,10.212,52.88,3.36,0.0,0.0,1
20250609,175605,25.913128,-80.13793,-0.8,-0.3,262.4,0.0,52.5,-0.03,0.15,-1.02,-4.87,[b'Waypoint'],-5.2,-75.2,60925.0,175605.0,31.107,44036.26,28.24,14.76,10.212,52.65,3.35,0.0,0.0,1
20250609,175606,25.913132,-80.13793,-1.4,0.6,259.5,0.0,52.5,-0.13,0.02,-1.2,-15.57,[b'Waypoint'],-8.2,-46.8,60925.0,175606.0,31.118,44011.01,28.22,14.76,10.212,52.37,3.33,0.0,0.0,1
20250609,175607,25.913134,-80.13794,-1.2,0.1,256.2,0.0,52.5,-0.06,-0.04,-1.05,-11.83,[b'Waypoint'],1.4,-25.4,60925.0,175608.0,31.125,44025.48,28.23,14.76,10.212,52.2,3.32,0.0,0.0,1
20250609,175608,25.913134,-80.13794,-1.1,0.7,253.6,0.0,52.5,-0.16,0.0,-1.05,-11.83,[b'Waypoint'],5.8,-23.6,60925.0,175609.0,31.132,44054.48,28.25,14.76,10.212,51.97,3.3,0.0,0.0,1
20250609,175610,25.913134,-80.137955,-0.9,-0.0,249.6,0.0,52.5,0.04,-0.01,-0.99,-4.83,[b'Waypoint'],11.4,-20.1,60925.0,175610.0,31.137,44076.57,28.26,14.76,10.212,51.83,3.29,0.0,0.0,1
20250609,175611,25.913134,-80.137955,-1.2,-0.0,247.1,0.0,52.5,-0.01,-0.03,-1.04,-5.02,[b'Waypoint'],13.0,-13.4,60925.0,175611.0,31.141,44155.38,28.32,14.76,10.212,51.67,3.28,0.0,0.0,1
20250609,175612,25.913132,-80.13796,-1.3,0.1,244.0,0.0,52.5,-0.06,0.05,-0.96,-4.95,[b'Waypoint'],13.7,-17.7,60925.0,175612.0,31.144,44180.05,28.34,14.76,10.212,51.54,3.27,0.0,0.0,1
20250609,175613,25.913132,-80.13797,-1.0,-0.4,240.6,0.0,52.5,0.07,0.02,-1.02,-5.55,[b'Waypoint'],14.8,-18.0,60925.0,175613.0,31.146,44205.61,28.36,14.76,10.211,51.39,3.26,0.0,0.0,1
20250609,175614,25.91313,-80.13798,-1.0,-0.2,236.3,0.0,52.5,0.01,0.09,-0.95,-5.13,[b'Waypoint'],14.6,-20.9,60925.0,175614.0,31.146,44229.03,28.37,14.76,10.212,51.1,3.24,0.0,0.0,1
20250609,175615,25.913126,-80.137985,-1.3,0.2,251.1,0.0,52.5,-0.01,-0.0,-1.04,-3.59,[b'Station Ke'],0.0,0.0,60925.0,175615.0,31.142,44223.8,28.37,14.76,10.212,50.83,3.23,0.0,0.0,1
20250609,175616,25.913124,-80.13799,-1.6,0.2,0.0,0.0,52.5,-0.05,0.03,-1.05,-1.6,[b'Waypoint'],-0.4,45.4,60925.0,175617.0,31.136,44224.29,28.37,14.76,10.211,50.64,3.22,0.0,0.0,1
20250609,175617,25.913122,-80.138,-1.5,-0.5,249.2,0.0,52.5,-0.01,-0.07,-0.95,5.05,[b'Station Ke'],-1.1,15.7,60925.0,175618.0,31.126,44227.25,28.37,14.76,10.211,50.45,3.2,0.0,0.0,1
20250609,175618,25.91312,-80.138,-1.2,-0.7,0.0,0.0,52.5,-0.17,-0.04,-1.02,9.55,[b'Waypoint'],-1.1,50.0,60925.0,175619.0,31.118,44254.57,28.39,14.76,10.211,50.3,3.2,0.0,0.0,1
20250609,175620,25.913122,-80.138016,-1.0,-0.6,155.8,0.0,52.5,0.03,-0.02,-1.01,6.47,[b'Waypoint'],0.0,0.0,60925.0,175620.0,31.106,44287.78,28.42,14.76,10.211,50.13,3.18,0.0,0.0,1
20250609,175621,25.913124,-80.138016,-1.5,0.4,154.9,0.0,52.6,0.04,-0.04,-1.07,-0.86,[b'Waypoint'],-0.4,-57.8,60925.0,175621.0,31.096,44290.95,28.42,14.76,10.211,49.98,3.17,0.0,0.0,1
20250609,175622,25.913124,-80.13802,-0.8,0.2,154.1,0.0,52.6,0.09,0.14,-1.1,-10.77,[b'Waypoint'],-5.2,-75.2,60925.0,175622.0,31.083,44274.86,28.41,14.76,10.211,49.78,3.16,0.0,0.0,1
20250609,175623,25.913124,-80.13803,-1.0,0.5,153.3,0.0,52.6,-0.0,-0.09,-0.97,-23.14,[b'Waypoint'],-5.2,-75.2,60925.0,175623.0,31.072,44360.45,28.47,14.76,10.213,49.6,3.16,0.0,0.0,1
20250609,175624,25.91312,-80.13803,-0.9,2.2,152.2,0.0,52.6,0.0,-0.19,-0.99,-23.95,[b'Waypoint'],-5.2,-75.2,60925.0,175624.0,31.059,42517.41,27.15,14.76,10.216,49.29,3.15,0.0,0.0,1
20250609,175625,25.913116,-80.13803,-0.8,2.0,151.4,0.0,52.6,-0.01,-0.1,-1.03,-19.1,[b'Waypoint'],-3.1,-44.6,60925.0,175626.0,31.048,43984.34,28.2,14.76,10.211,49.03,3.11,0.0,0.0,1
20250609,175626,25.913115,-80.13803,-1.0,0.9,150.8,0.0,52.6,0.04,0.07,-0.97,-14.41,[b'Waypoint'],-2.3,-33.3,60925.0,175627.0,31.037,44368.84,28.48,14.76,10.211,48.61,3.09,0.0,0.0,1
20250609,175627,25.913113,-80.13803,-0.8,0.8,150.6,0.0,52.6,-0.09,-0.01,-0.97,-11.12,[b'Waypoint'],2.9,-20.2,60925.0,175628.0,31.031,44391.59,28.49,14.76,10.21,48.28,3.07,0.0,0.0,1
20250609,175629,25.913109,-80.13803,-0.8,0.4,149.9,0.0,52.5,-0.04,0.03,-1.0,-6.77,[b'Waypoint'],13.9,-13.9,60925.0,175629.0,31.027,44369.32,28.48,14.76,10.21,44.97,2.86,0.0,0.0,1
20250609,175630,25.913107,-80.13802,-1.4,0.3,149.6,0.0,52.5,-0.02,0.01,-1.06,-6.56,[b'Waypoint'],18.0,-8.5,60925.0,175630.0,31.025,44367.98,28.48,14.76,10.21,44.8,2.85,0.0,0.0,1
20250609,175631,25.913103,-80.13802,-1.6,0.3,141.8,0.0,52.5,-0.06,0.05,-1.04,-3.96,[b'Waypoint'],16.0,-11.8,60925.0,175631.0,31.025,44349.55,28.46,14.76,10.21,44.66,2.84,0.0,0.0,1
20250609,175632,25.9131,-80.13802,-1.0,0.1,147.0,0.0,52.5,-0.03,0.01,-1.03,-3.52,[b'Waypoint'],22.0,-1.7,60925.0,175632.0,31.026,44338.29,28.46,14.76,10.21,44.55,2.83,0.0,0.0,1
20250609,175633,25.913095,-80.138016,0.3,0.2,148.3,0.0,52.5,-0.06,0.06,-0.91,-2.57,[b'Waypoint'],24.0,-5.4,60925.0,175634.0,31.028,44296.25,28.43,14.76,10.21,44.38,2.82,0.0,0.0,1
20250609,175634,25.913092,-80.138016,0.1,0.1,149.8,0.0,52.6,0.03,-0.02,-0.94,-1.76,[b'Waypoint'],23.0,3.0,60925.0,175635.0,31.031,44280.57,28.41,14.76,10.21,44.25,2.81,0.0,0.0,1
20250609,175635,25.913086,-80.13801,-1.2,-0.2,148.0,0.0,52.5,0.01,0.05,-1.04,-0.73,[b'Waypoint'],23.0,-2.8,60925.0,175636.0,31.034,44274.08,28.41,14.76,10.209,44.12,2.81,0.0,0.0,1
20250609,175636,25.913082,-80.13801,-1.5,-0.2,151.3,0.0,52.6,-0.04,0.05,-1.05,0.83,[b'Waypoint'],21.0,-2.1,60925.0,175637.0,31.037,44276.05,28.41,14.76,10.209,44.01,2.8,0.0,0.0,1
20250609,175638,25.913073,-80.13799,-1.2,-0.1,153.9,0.0,52.6,0.01,-0.0,-1.04,-0.04,[b'Waypoint'],25.2,-1.0,60925.0,175638.0,31.038,44273.11,28.41,14.76,10.209,43.9,2.79,0.0,0.0,1
20250609,175639,25.913067,-80.13799,-0.9,-0.0,147.7,0.0,52.6,-0.07,0.09,-0.97,-0.13,[b'Waypoint'],22.3,-1.8,60925.0,175639.0,31.037,44254.15,28.39,14.76,10.209,43.8,2.79,0.0,0.0,1
20250609,175640,25.913061,-80.137985,-0.4,0.2,140.4,0.0,52.6,0.09,-0.03,-1.01,-1.21,[b'Waypoint'],21.0,-16.9,60925.0,175640.0,31.036,44194.98,28.35,14.76,10.209,43.72,2.78,0.0,0.0,1
20250609,175641,25.913055,-80.137985,-0.9,-0.1,151.4,0.0,52.6,0.03,0.06,-1.01,-0.17,[b'Waypoint'],22.0,2.4,60925.0,175642.0,31.033,44181.12,28.34,14.76,10.21,43.64,2.78,0.0,0.0,1
20250609,175642,25.91305,-80.13798,-0.8,-0.2,150.5,0.0,52.6,-0.01,0.0,-0.99,0.39,[b'Waypoint'],22.0,-1.0,60925.0,175643.0,31.029,44168.62,28.33,14.76,10.21,43.57,2.77,0.0,0.0,1
20250609,175643,25.913046,-80.13797,-1.0,-0.2,152.6,0.0,52.6,-0.05,0.04,-0.99,0.14,[b'Waypoint'],22.0,2.4,60925.0,175644.0,31.025,44150.32,28.32,14.76,10.21,43.5,2.77,0.0,0.0,1
20250609,175644,25.91304,-80.13797,-1.1,-0.0,142.9,0.0,52.6,-0.03,0.01,-0.99,-1.45,[b'Waypoint'],22.0,-11.8,60925.0,175645.0,31.019,44146.72,28.32,14.76,10.21,43.38,2.76,0.0,0.0,1
20250609,175645,25.913033,-80.13796,-1.3,-0.2,151.2,0.0,52.6,-0.02,-0.05,-1.01,1.03,[b'Waypoint'],22.0,4.3,60925.0,175646.0,31.014,44112.98,28.29,14.76,10.21,43.26,2.75,0.0,0.0,1
20250609,175647,25.913023,-80.137955,-2.1,-0.2,152.7,0.0,52.6,0.03,0.01,-1.09,0.68,[b'Waypoint'],22.0,-0.1,60925.0,175647.0,31.006,44098.95,28.28,14.76,10.21,43.16,2.75,0.0,0.0,1
20250609,175648,25.913017,-80.13795,-1.2,-0.1,145.6,0.0,52.6,-0.07,0.04,-1.02,-0.55,[b'Waypoint'],23.0,-11.7,60925.0,175648.0,31.001,44094.92,28.28,14.76,10.21,43.08,2.74,0.0,0.0,1
20250609,175649,25.913012,-80.13794,-1.0,-0.1,160.0,0.0,52.6,-0.09,0.03,-0.93,-0.3,[b'Waypoint'],24.1,9.4,60925.0,175650.0,30.993,44054.79,28.25,14.76,10.209,43.01,2.74,0.0,0.0,1
20250609,175650,25.913006,-80.13794,-1.4,-0.2,148.9,0.0,52.6,-0.02,0.03,-1.01,-0.0,[b'Waypoint'],24.0,-2.6,60925.0,175651.0,30.987,44016.27,28.23,14.76,10.21,42.96,2.74,0.0,0.0,1
20250609,175651,25.913,-80.13793,-1.5,-0.2,150.0,0.0,52.6,-0.01,-0.01,-1.03,0.19,[b'Waypoint'],24.0,-1.1,60925.0,175652.0,30.979,44017.97,28.23,14.76,10.21,42.91,2.73,0.0,0.0,1
20250609,175652,25.912992,-80.137924,-2.2,-0.2,147.0,0.0,52.6,-0.01,0.05,-1.12,-0.04,[b'Waypoint'],24.0,-5.5,60925.0,175653.0,30.972,42557.15,27.18,14.76,10.21,42.88,2.73,0.0,0.0,1
20250609,175653,25.912987,-80.137924,-0.9,-0.1,146.5,0.0,52.5,0.01,-0.01,-1.03,0.09,[b'Waypoint'],23.0,-2.2,60925.0,175654.0,30.965,44087.58,28.28,14.76,10.215,42.87,2.74,0.0,0.0,1
20250609,175654,25.912981,-80.13792,-1.5,-0.1,152.9,0.0,52.5,-0.0,-0.02,-1.07,1.03,[b'Waypoint'],22.0,0.8,60925.0,175655.0,30.957,44171.82,28.34,14.76,10.21,42.88,2.73,0.0,0.0,1
20250609,175656,25.91297,-80.13791,-1.1,-0.0,148.8,0.0,52.5,-0.03,-0.0,-1.01,0.26,[b'Station Ke'],-0.4,-5.8,60925.0,175656.0,30.952,43806.8,28.08,14.76,10.212,42.91,2.74,0.0,0.0,1
20250609,175657,25.912966,-80.1379,-0.8,-0.0,149.9,0.0,52.6,-0.0,-0.01,-0.99,-0.95,[b'Station Ke'],-0.3,-55.7,60925.0,175657.0,30.944,44060.04,28.26,14.76,10.21,42.98,2.74,0.0,0.0,1
20250609,175658,25.912962,-80.1379,-1.3,0.5,0.0,0.0,52.6,0.03,-0.05,-1.05,-10.09,[b'Waypoint'],-0.9,-67.9,60925.0,175659.0,30.939,44084.2,28.28,14.76,10.209,43.07,2.75,0.0,0.0,1
20250609,175659,25.912958,-80.13789,-2.3,0.9,120.7,0.0,52.6,-0.03,-0.17,-1.08,-10.61,[b'Waypoint'],-1.9,-1.9,60925.0,175700.0,30.932,42708.83,27.29,14.76,10.21,43.2,2.76,0.0,0.0,1
20250609,175700,25.912956,-80.137886,-2.1,0.3,124.9,0.0,52.6,-0.04,-0.01,-1.09,-5.98,[b'Waypoint'],-0.9,12.5,60925.0,175701.0,30.928,44244.42,28.39,14.76,10.222,43.36,2.76,0.0,0.0,1
20250609,175701,25.912956,-80.137886,-0.5,-0.0,126.9,0.0,52.6,-0.0,0.01,-0.95,-0.15,[b'Waypoint'],19.1,19.1,60925.0,175702.0,30.921,44243.57,28.39,14.76,10.208,43.56,2.77,0.0,0.0,1
20250609,175702,25.912954,-80.13788,-0.4,-0.3,120.2,0.0,52.6,-0.03,0.02,-0.96,0.7,[b'Waypoint'],24.0,-3.6,60925.0,175703.0,30.918,44276.39,28.41,14.76,10.208,43.78,2.79,0.0,0.0,1
20250609,175703,25.912952,-80.13787,0.0,-0.6,123.7,0.0,52.6,-0.04,0.03,-0.88,-2.41,[b'Waypoint'],21.9,15.3,60925.0,175704.0,30.914,43614.72,27.94,14.76,10.211,44.08,2.82,0.0,0.0,1
20250609,175705,25.912947,-80.13786,-1.3,-0.7,120.9,0.0,52.5,0.03,0.03,-1.03,0.57,[b'Waypoint'],25.8,-7.3,60925.0,175705.0,30.912,44270.71,28.41,14.76,10.207,44.34,2.82,0.0,0.0,1
20250609,175706,25.912945,-80.137856,-1.5,-0.5,121.3,0.0,52.5,-0.03,0.01,-1.02,0.83,[b'Station Ke'],2.8,-2.8,60925.0,175706.0,30.911,44427.85,28.52,14.76,10.21,44.77,2.86,0.0,0.0,1
20250609,175707,25.912943,-80.13785,-1.4,-0.0,0.0,0.0,52.6,-0.03,0.03,-1.01,0.45,[b'Waypoint'],-0.3,-46.5,60925.0,175708.0,30.911,44345.05,28.46,14.76,10.207,45.11,2.87,0.0,0.0,1
20250609,175709,25.912941,-80.13784,-1.3,0.1,122.5,0.0,52.6,-0.1,0.09,-0.83,-7.13,[b'Station Ke'],-0.5,-41.8,60925.0,175709.0,30.913,44372.95,28.48,14.76,10.207,48.76,3.11,0.0,0.0,1
20250609,175709,25.91294,-80.13784,-1.4,0.1,0.0,0.0,52.6,-0.01,0.04,-0.96,-6.96,[b'Waypoint'],-0.5,-38.0,60925.0,175710.0,30.913,44378.24,28.49,14.76,10.207,49.26,3.14,0.0,0.0,1
20250609,175710,25.91294,-80.13783,-0.9,0.4,168.0,0.0,52.6,-0.03,-0.01,-1.06,-10.9,[b'Waypoint'],-1.1,-12.7,60925.0,175711.0,30.915,44357.57,28.47,14.76,10.207,49.77,3.17,0.0,0.0,1
20250609,175711,25.912941,-80.137825,-0.9,-0.4,169.1,0.0,52.6,-0.02,0.01,-0.98,-6.89,[b'Waypoint'],0.0,0.0,60925.0,175712.0,30.916,44356.35,28.47,14.76,10.207,49.86,3.18,0.0,0.0,1
20250609,175712,25.912941,-80.137825,-0.8,-1.0,170.3,0.0,52.6,0.01,0.02,-0.97,0.33,[b'Waypoint'],-0.8,70.8,60925.0,175713.0,30.916,44363.09,28.48,14.76,10.207,50.07,3.19,0.0,0.0,1
20250609,175713,25.912941,-80.13782,-0.9,-1.1,171.6,0.0,52.6,-0.15,0.16,-0.92,13.71,[b'Waypoint'],-5.2,75.2,60925.0,175714.0,30.916,44366.98,28.48,14.76,10.207,50.2,3.2,0.0,0.0,1
20250609,175715,25.912937,-80.13781,-1.0,-0.4,173.5,0.0,52.6,-0.05,0.03,-1.0,12.96,[b'Waypoint'],-1.6,22.4,60925.0,175716.0,30.917,44379.11,28.49,14.76,10.208,50.32,3.21,0.0,0.0,1
20250609,175716,25.912937,-80.13781,-0.9,-0.2,174.2,0.0,52.6,-0.01,-0.02,-1.0,9.64,[b'Waypoint'],5.1,19.5,60925.0,175717.0,30.919,44391.52,28.5,14.76,10.207,50.42,3.21,0.0,0.0,1
20250609,175717,25.912935,-80.13781,-0.8,0.0,174.7,0.0,52.6,-0.01,-0.0,-1.01,7.54,[b'Waypoint'],10.8,14.1,60925.0,175718.0,30.921,44340.16,28.46,14.76,10.207,50.55,3.22,0.0,0.0,1
20250609,175718,25.912931,-80.13781,-1.1,0.0,175.1,0.0,52.6,0.0,-0.01,-1.01,6.2,[b'Waypoint'],15.0,7.8,60925.0,175719.0,30.922,44569.25,28.62,14.76,10.208,50.67,3.25,0.0,0.0,1
20250609,175720,25.91293,-80.1378,-1.1,-0.4,175.4,0.0,52.6,-0.0,-0.04,-1.03,3.88,[b'Waypoint'],17.0,4.6,60925.0,175720.0,30.922,44457.49,28.54,14.76,10.207,50.82,3.24,0.0,0.0,1
20250609,175721,25.912928,-80.1378,-0.7,-0.5,182.2,0.0,52.6,0.0,0.01,-0.99,3.72,[b'Waypoint'],16.4,16.4,60925.0,175721.0,30.923,44459.02,28.55,14.76,10.206,50.95,3.24,0.0,0.0,1
20250609,175722,25.912922,-80.1378,-1.0,-0.5,180.2,0.0,52.6,-0.01,0.01,-0.99,2.8,[b'Waypoint'],19.0,6.4,60925.0,175722.0,30.924,44444.2,28.53,14.76,10.206,51.09,3.25,0.0,0.0,1
20250609,175723,25.912918,-80.1378,-0.8,-0.3,180.6,0.0,52.6,-0.02,0.02,-1.02,2.53,[b'Waypoint'],21.7,6.7,60925.0,175723.0,30.925,44405.43,28.51,14.76,10.206,51.21,3.26,0.0,0.0,1
20250609,175725,25.912909,-80.137794,-0.6,-0.3,177.5,0.0,52.6,-0.0,0.07,-0.97,1.29,[b'Waypoint'],24.0,7.8,60925.0,175725.0,30.927,44376.44,28.49,14.76,10.207,51.38,3.27,0.0,0.0,1
20250609,175726,25.912903,-80.137794,-1.0,-0.3,181.4,0.0,52.6,-0.05,0.09,-0.98,0.56,[b'Waypoint'],22.1,10.7,60925.0,175726.0,30.929,44352.5,28.47,14.76,10.207,51.66,3.29,0.0,0.0,1
20250609,175727,25.912895,-80.137794,-1.0,-0.4,177.5,0.0,52.6,-0.0,-0.01,-1.02,0.29,[b'Waypoint'],22.6,7.5,60925.0,175727.0,30.931,44315.34,28.44,14.76,10.207,51.92,3.31,0.0,0.0,1
20250609,175728,25.91289,-80.137794,-0.8,-0.4,176.5,0.0,52.6,-0.08,-0.04,-0.98,0.86,[b'Waypoint'],24.0,-0.4,60925.0,175728.0,30.933,44314.4,28.44,14.76,10.207,52.21,3.33,0.0,0.0,1
20250609,175729,25.912884,-80.137794,-0.8,-0.4,175.1,0.0,52.6,-0.03,0.0,-0.98,1.44,[b'Waypoint'],23.0,-0.3,60925.0,175729.0,30.935,44281.86,28.42,14.76,10.207,52.48,3.34,0.0,0.0,1
20250609,175730,25.912876,-80.137794,-0.5,-0.5,173.5,0.0,52.6,0.0,-0.0,-0.99,-0.08,[b'Waypoint'],22.0,-5.4,60925.0,175730.0,30.935,44254.7,28.4,14.76,10.207,52.81,3.36,0.0,0.0,1
20250609,175731,25.91287,-80.137794,-0.7,-0.5,178.0,0.0,52.0,0.0,-0.0,-0.99,-0.08,[b'Waypoint'],24.1,-1.2,60925.0,175731.0,30.936,44256.39,28.4,14.76,10.207,53.08,3.38,0.0,0.0,1
20250609,175732,25.912863,-80.13779,-0.8,-0.7,169.6,0.0,52.6,-0.02,0.02,-0.99,-0.2,[b'Waypoint'],25.1,-0.6,60925.0,175733.0,30.937,44241.88,28.39,14.76,10.207,53.51,3.41,0.0,0.0,1
20250609,175734,25.91285,-80.13779,-0.6,0.2,176.5,0.0,52.6,-0.03,0.0,-1.03,0.43,[b'Waypoint'],24.0,6.4,60925.0,175734.0,30.938,44223.35,28.38,14.76,10.208,57.06,3.64,0.0,0.0,1
20250609,175735,25.912842,-80.13779,-0.6,-0.1,179.1,0.0,52.6,0.03,-0.07,-1.02,0.49,[b'Waypoint'],23.0,6.1,60925.0,175735.0,30.939,44220.46,28.37,14.76,10.207,58.1,3.7,0.0,0.0,1
20250609,175736,25.912836,-80.13779,-0.5,-0.4,171.4,0.0,52.6,0.04,-0.07,-1.0,0.3,[b'Waypoint'],21.0,-9.1,60925.0,175736.0,30.939,44209.9,28.37,14.76,10.208,58.84,3.75,0.0,0.0,1
20250609,175737,25.912828,-80.13778,-0.6,-0.2,179.2,0.0,52.6,-0.0,0.03,-0.94,-0.33,[b'Waypoint'],23.0,7.4,60925.0,175737.0,30.938,44215.36,28.37,14.76,10.207,59.21,3.77,0.0,0.0,1
20250609,175738,25.912823,-80.13778,-0.9,-0.3,179.4,0.0,52.6,0.0,0.03,-0.99,0.59,[b'Waypoint'],24.0,3.4,60925.0,175738.0,30.935,44215.38,28.37,14.76,10.207,59.54,3.79,0.0,0.0,1
20250609,175739,25.912815,-80.13778,-1.3,-0.2,172.0,0.0,52.6,-0.02,-0.05,-1.05,-1.09,[b'Waypoint'],21.0,-3.7,60925.0,175739.0,30.932,44194.42,28.36,14.76,10.207,59.75,3.81,0.0,0.0,1
20250609,175740,25.91281,-80.13778,-1.2,-0.2,171.3,0.0,52.6,0.02,0.01,-1.04,-1.51,[b'Waypoint'],22.0,-2.0,60925.0,175740.0,30.927,44202.76,28.36,14.76,10.208,60.02,3.83,0.0,0.0,1
20250609,175741,25.912802,-80.13778,-1.7,-0.4,169.8,0.0,52.6,-0.05,0.0,-1.11,0.82,[b'Waypoint'],21.0,-14.8,60925.0,175742.0,30.923,44212.33,28.37,14.76,10.208,60.21,3.84,0.0,0.0,1
20250609,175743,25.912786,-80.13777,-1.2,-0.3,177.0,0.0,52.6,-0.17,0.01,-1.03,0.83,[b'Station Ke'],23.0,-2.5,60925.0,175743.0,30.917,44229.88,28.38,14.76,10.208,60.49,3.85,0.0,0.0,1
20250609,175744,25.91278,-80.13777,-1.0,-0.7,0.0,0.0,52.6,-0.02,0.01,-0.96,-0.32,[b'Waypoint'],5.1,-5.1,60925.0,175744.0,30.912,44265.94,28.41,14.76,10.208,60.81,3.88,0.0,0.0,1
20250609,175745,25.912775,-80.13777,-2.0,-0.4,176.8,0.0,52.6,-0.05,0.03,-1.04,0.13,[b'Station Ke'],0.0,0.0,60925.0,175745.0,30.909,44271.48,28.41,14.76,10.207,64.91,4.14,0.0,0.0,1
20250609,175746,25.91277,-80.13777,-1.8,-0.3,0.0,0.0,52.6,-0.03,-0.0,-1.05,-1.11,[b'Waypoint'],-0.4,-22.4,60925.0,175746.0,30.906,44311.2,28.44,14.76,10.207,67.66,4.31,0.0,0.0,1
20250609,175747,25.912766,-80.13777,-1.8,0.4,231.3,0.0,52.6,0.02,-0.02,-1.06,-4.35,[b'Waypoint'],0.0,0.0,60925.0,175747.0,30.904,44362.87,28.48,14.76,10.207,69.62,4.44,0.0,0.0,1
20250609,175748,25.912762,-80.13777,-1.5,0.2,233.4,0.0,52.6,-0.05,0.01,-1.03,-0.92,[b'Waypoint'],-0.9,27.1,60925.0,175749.0,30.903,44409.92,28.51,14.76,10.207,70.95,4.52,0.0,0.0,1
20250609,175749,25.912758,-80.13777,-0.1,-0.6,235.5,0.0,52.6,0.04,-0.1,-0.89,2.86,[b'Waypoint'],-3.4,73.4,60925.0,175750.0,30.903,44435.89,28.53,14.76,10.206,71.94,4.58,0.0,0.0,1
20250609,175750,25.912754,-80.13777,-0.5,-1.2,237.5,0.0,52.6,-0.37,0.5,-0.8,17.54,[b'Waypoint'],-6.1,64.6,60925.0,175751.0,30.905,43492.34,27.85,14.76,10.204,73.32,4.66,0.0,0.0,1
20250609,175752,25.912748,-80.13777,-2.8,-0.9,240.2,0.0,52.6,-0.04,0.02,-1.1,8.27,[b'Waypoint'],6.5,13.8,60925.0,175752.0,30.908,44909.39,28.87,14.76,10.204,77.62,4.93,0.0,0.0,1
20250609,175753,25.912746,-80.13777,-1.5,-0.7,240.8,0.0,52.6,-0.01,-0.03,-1.05,5.79,[b'Waypoint'],11.0,11.0,60925.0,175753.0,30.914,44879.32,28.85,14.76,10.216,79.3,5.09,0.0,0.0,1
20250609,175754,25.912745,-80.13778,-0.3,0.1,241.2,0.0,52.6,-0.01,0.03,-1.0,7.79,[b'Waypoint'],11.5,11.5,60925.0,175754.0,30.918,44782.29,28.78,14.76,10.204,80.3,5.1,0.0,0.0,1
20250609,175755,25.912743,-80.13778,0.0,2.6,241.5,0.0,52.6,-0.02,-0.09,-0.94,5.33,[b'Waypoint'],17.0,0.6,60925.0,175755.0,30.925,44875.62,28.84,14.76,10.206,80.88,5.14,0.0,0.0,1
20250609,175756,25.91274,-80.13779,-0.6,3.2,239.0,0.0,52.6,-0.02,-0.07,-1.08,4.72,[b'Waypoint'],24.8,-2.9,60925.0,175756.0,30.931,39066.0,24.71,14.76,10.209,81.5,5.18,0.0,0.0,1
20250609,175757,25.912739,-80.13779,-0.7,3.5,237.5,0.0,52.6,-0.03,-0.08,-1.07,0.67,[b'Waypoint'],23.0,5.7,60925.0,175758.0,30.939,43268.06,27.69,14.76,10.211,82.12,5.25,0.0,0.0,1
20250609,175758,25.912735,-80.137794,-0.8,1.6,239.6,0.0,52.6,-0.0,-0.1,-1.02,-0.25,[b'Waypoint'],22.0,12.8,60925.0,175759.0,30.943,43310.09,27.72,14.76,10.215,82.59,5.29,0.0,0.0,1
20250609,175759,25.912731,-80.137794,-0.5,-0.4,242.1,0.0,52.6,0.01,0.01,-0.98,-0.51,[b'Waypoint'],21.0,19.9,60925.0,175800.0,30.947,44036.59,28.24,14.76,10.21,83.05,5.29,0.0,0.0,1
20250609,175801,25.912725,-80.13781,-0.8,-1.2,243.7,0.0,52.6,-0.04,0.09,-1.05,1.79,[b'Waypoint'],29.6,3.1,60925.0,175801.0,30.949,41895.99,26.71,14.76,10.208,83.48,5.32,0.0,0.0,1
20250609,175802,25.91272,-80.13782,-0.9,-3.3,255.6,0.0,52.6,-0.03,0.13,-0.94,-4.05,[b'Waypoint'],26.9,3.1,60925.0,175802.0,30.951,40402.77,25.66,14.76,10.205,83.75,5.35,0.0,0.0,1
20250609,175803,25.912716,-80.137825,-1.5,-1.8,238.1,0.0,52.6,-0.04,0.04,-0.99,-5.15,[b'Station Ke'],4.8,4.8,60925.0,175803.0,30.952,43817.5,28.08,14.76,10.211,84.07,5.36,0.0,0.0,1
20250609,175804,25.912714,-80.137825,-0.8,-0.3,235.6,0.0,52.6,0.02,-0.13,-1.08,1.16,[b'Waypoint'],-0.7,21.7,60925.0,175804.0,30.952,44830.59,28.81,14.76,10.205,84.31,5.36,0.0,0.0,1
20250609,175805,25.91271,-80.13783,-0.8,0.0,235.3,0.0,52.6,-0.02,0.01,-1.02,2.08,[b'Station Ke'],0.0,0.0,60925.0,175806.0,30.949,44731.49,28.74,14.76,10.206,84.52,5.37,0.0,0.0,1
20250609,175806,25.912706,-80.13784,-0.9,-0.2,160.2,0.0,52.6,-0.07,0.03,-1.0,0.23,[b'Waypoint'],-0.2,24.6,60925.0,175807.0,30.944,44827.36,28.81,14.76,10.205,84.58,5.38,0.0,0.0,1
20250609,175807,25.912704,-80.13784,-1.1,0.8,159.8,0.0,52.6,-0.02,-0.01,-1.0,-0.61,[b'Waypoint'],0.0,0.0,60925.0,175808.0,30.937,44849.28,28.83,14.76,10.205,84.55,5.37,0.0,0.0,1
20250609,175809,25.9127,-80.13785,-1.0,0.5,232.0,0.0,52.6,-0.02,-0.06,-1.0,-8.75,[b'Waypoint'],-0.4,-48.2,60925.0,175809.0,30.927,44798.73,28.79,14.76,10.205,79.92,5.08,0.0,0.0,1
20250609,175810,25.912697,-80.13785,-0.8,1.1,159.1,0.0,52.6,-0.2,0.1,-1.16,-17.1,[b'Waypoint'],-6.5,-60.6,60925.0,175810.0,30.91,44749.14,28.75,14.76,10.21,77.3,4.93,0.0,0.0,1
20250609,175811,25.912693,-80.137856,-0.4,0.3,158.8,0.0,52.6,-0.0,0.02,-1.03,-12.92,[b'Waypoint'],-1.5,-22.1,60925.0,175811.0,30.891,44557.05,28.62,14.76,10.205,74.45,4.73,0.0,0.0,1
20250609,175812,25.912691,-80.137856,-1.0,0.3,158.7,0.0,52.6,-0.02,0.01,-0.95,-9.12,[b'Waypoint'],5.1,-18.7,60925.0,175812.0,30.872,44802.17,28.79,14.76,10.205,73.85,4.7,0.0,0.0,1
20250609,175813,25.912687,-80.13785,-0.8,0.2,158.6,0.0,52.6,0.01,-0.09,-0.98,-8.08,[b'Waypoint'],10.5,-17.8,60925.0,175814.0,30.849,44723.93,28.74,14.76,10.205,72.92,4.64,0.0,0.0,1
20250609,175814,25.912685,-80.13785,-0.5,0.4,158.5,0.0,52.6,-0.0,-0.02,-0.94,-5.1,[b'Waypoint'],13.8,-13.8,60925.0,175815.0,30.829,44673.49,28.7,14.76,10.205,72.21,4.6,0.0,0.0,1
20250609,175815,25.912682,-80.13785,-0.4,0.1,158.4,0.0,52.6,-0.03,-0.0,-1.0,-3.9,[b'Waypoint'],17.0,-10.1,60925.0,175816.0,30.805,44658.99,28.69,14.76,10.205,71.51,4.56,0.0,0.0,1
20250609,175816,25.91268,-80.13785,-0.8,-0.0,158.4,0.0,52.6,0.04,-0.03,-0.99,-0.98,[b'Waypoint'],18.0,-5.3,60925.0,175817.0,30.784,44668.6,28.7,14.76,10.205,70.98,4.52,0.0,0.0,1
20250609,175818,25.912672,-80.13785,-0.7,-0.3,152.8,0.0,52.6,-0.03,-0.01,-0.97,-2.79,[b'Waypoint'],18.0,-10.5,60925.0,175818.0,30.761,44637.25,28.68,14.76,10.205,70.49,4.5,0.0,0.0,1
20250609,175819,25.912668,-80.13785,-1.8,-0.3,155.6,0.0,52.6,0.02,0.05,-1.08,-2.26,[b'Waypoint'],21.0,-5.5,60925.0,175819.0,30.741,44659.64,28.7,14.76,10.205,70.15,4.48,0.0,0.0,1
20250609,175820,25.912663,-80.13784,-1.3,-0.1,152.5,0.0,52.6,-0.02,-0.02,-1.03,-1.87,[b'Waypoint'],21.5,-7.3,60925.0,175820.0,30.727,44667.34,28.7,14.76,10.205,69.97,4.46,0.0,0.0,1
20250609,175821,25.912659,-80.13784,-1.0,0.1,156.9,0.0,52.6,-0.06,0.04,-1.0,-1.41,[b'Waypoint'],24.0,0.8,60925.0,175822.0,30.716,44677.86,28.71,14.76,10.204,69.89,4.46,0.0,0.0,1
20250609,175822,25.912653,-80.13783,-0.9,-0.1,155.8,0.0,52.6,0.08,0.02,-0.96,-1.57,[b'Waypoint'],26.1,0.8,60925.0,175823.0,30.71,44676.64,28.71,14.76,10.204,69.9,4.46,0.0,0.0,1
20250609,175823,25.912647,-80.13783,-2.0,-0.0,152.8,0.0,52.6,-0.02,0.04,-1.02,-1.02,[b'Waypoint'],23.0,-7.7,60925.0,175824.0,30.707,44663.51,28.7,14.76,10.204,70.0,4.47,0.0,0.0,1
20250609,175824,25.912642,-80.13783,-2.5,-0.3,153.4,0.0,52.6,-0.06,0.09,-1.04,-1.0,[b'Waypoint'],24.0,-6.9,60925.0,175825.0,30.707,44649.34,28.69,14.76,10.204,69.88,4.46,0.0,0.0,1
20250609,175825,25.912636,-80.137825,-2.9,-0.4,153.5,0.0,52.6,-0.04,-0.0,-1.21,-0.63,[b'Waypoint'],24.0,-1.5,60925.0,175826.0,30.709,44603.96,28.66,14.76,10.205,73.84,4.71,0.0,0.0,1
20250609,175827,25.912624,-80.13782,1.0,0.0,156.0,0.0,52.6,0.02,-0.04,-0.86,-0.15,[b'Waypoint'],24.0,0.3,60925.0,175827.0,30.713,44558.04,28.62,14.76,10.206,74.97,4.79,0.0,0.0,1
20250609,175828,25.912619,-80.13782,0.5,-0.1,155.3,0.0,52.6,0.0,-0.07,-0.88,-0.59,[b'Waypoint'],24.0,2.1,60925.0,175828.0,30.717,44525.02,28.6,14.76,10.206,75.9,4.85,0.0,0.0,1
20250609,175829,25.912613,-80.13781,-0.3,-0.0,154.2,0.0,52.6,0.06,-0.17,-1.01,-1.37,[b'Waypoint'],24.0,3.9,60925.0,175830.0,30.723,44508.26,28.59,14.76,10.206,76.22,4.87,0.0,0.0,1
20250609,175830,25.912607,-80.13781,-1.1,-0.3,163.4,0.0,52.6,-0.04,-0.05,-1.01,0.54,[b'Waypoint'],23.2,4.5,60925.0,175831.0,30.728,44524.66,28.6,14.76,10.206,76.66,4.9,0.0,0.0,1
20250609,175831,25.912601,-80.1378,-0.8,-0.2,162.8,0.0,52.6,-0.05,0.0,-1.04,-0.35,[b'Waypoint'],22.7,12.7,60925.0,175832.0,30.734,44516.87,28.59,14.76,10.206,77.08,4.92,0.0,0.0,1
20250609,175832,25.912596,-80.1378,0.2,-0.3,160.2,0.0,52.6,0.03,0.01,-0.93,0.05,[b'Waypoint'],21.0,9.5,60925.0,175833.0,30.74,44496.73,28.58,14.76,10.207,77.42,4.94,0.0,0.0,1
20250609,175833,25.912588,-80.137794,-0.1,-0.3,157.2,0.0,52.6,0.0,-0.06,-0.95,0.9,[b'Waypoint'],23.0,-0.5,60925.0,175834.0,30.745,44496.9,28.58,14.76,10.207,77.79,4.97,0.0,0.0,1
20250609,175835,25.912577,-80.13779,-1.1,-0.2,155.1,0.0,52.6,0.02,-0.1,-1.06,-0.82,[b'Waypoint'],24.0,0.9,60925.0,175835.0,30.749,44486.11,28.57,14.76,10.206,78.12,4.99,0.0,0.0,1
20250609,175836,25.91257,-80.13778,0.6,0.0,153.1,0.0,52.6,0.02,-0.14,-0.87,-1.12,[b'Waypoint'],23.0,-3.3,60925.0,175836.0,30.751,44483.45,28.57,14.76,10.207,78.41,5.01,0.0,0.0,1
20250609,175837,25.912563,-80.13778,-0.5,-0.2,153.6,0.0,52.6,0.02,-0.14,-0.87,-1.12,[b'Waypoint'],24.0,-1.0,60925.0,175838.0,30.754,44420.57,28.52,14.76,10.207,78.7,5.02,0.0,0.0,1
20250609,175838,25.912558,-80.13777,-2.8,-0.4,153.2,0.0,52.6,-0.05,0.03,-1.07,0.72,[b'Waypoint'],23.5,-3.3,60925.0,175839.0,30.755,44988.43,28.93,14.76,10.215,78.93,5.04,0.0,0.0,1
20250609,175839,25.912552,-80.13777,-3.1,-0.4,154.2,0.0,52.6,-0.05,0.07,-1.18,-0.38,[b'Waypoint'],24.0,-1.9,60925.0,175840.0,30.755,42649.92,27.26,14.76,10.21,79.18,5.07,0.0,0.0,1
20250609,175840,25.912546,-80.137764,-2.4,-0.3,166.2,0.0,52.6,-0.02,-0.02,-1.12,-0.77,[b'Waypoint'],24.0,10.5,60925.0,175841.0,30.755,42970.58,27.49,14.76,10.204,79.38,5.06,0.0,0.0,1
20250609,175841,25.912539,-80.137764,-2.6,-0.3,159.1,0.0,52.6,-0.05,0.02,-1.1,0.54,[b'Waypoint'],25.0,0.4,60925.0,175842.0,30.753,44854.21,28.83,14.76,10.204,79.7,5.08,0.0,0.0,1
20250609,175842,25.912533,-80.13776,-2.5,-0.2,164.6,0.0,52.6,-0.06,-0.0,-1.06,-0.89,[b'Waypoint'],20.6,15.0,60925.0,175843.0,30.751,44636.64,28.68,14.76,10.206,80.12,5.11,0.0,0.0,1
20250609,175844,25.91252,-80.13775,-0.3,-0.1,163.8,0.0,52.6,0.03,0.05,-1.01,-0.23,[b'Waypoint'],20.0,14.8,60925.0,175844.0,30.748,44779.81,28.78,14.76,10.209,80.53,5.15,0.0,0.0,1
20250609,175845,25.912514,-80.13775,0.7,0.2,155.7,0.0,52.6,0.04,-0.02,-0.91,0.08,[b'Waypoint'],24.0,-4.9,60925.0,175845.0,30.745,43470.5,27.84,14.76,10.205,80.81,5.16,0.0,0.0,1
20250609,175846,25.912508,-80.13774,-0.3,0.0,156.0,0.0,52.6,0.02,0.05,-0.97,1.07,[b'Waypoint'],24.0,0.2,60925.0,175847.0,30.741,43838.29,28.11,14.76,10.206,81.15,5.18,0.0,0.0,1
20250609,175847,25.9125,-80.13774,-0.2,0.0,155.2,0.0,52.6,0.0,-0.03,-0.95,-0.32,[b'Waypoint'],24.0,-1.1,60925.0,175848.0,30.738,44443.73,28.54,14.76,10.209,81.34,5.2,0.0,0.0,1
20250609,175848,25.912495,-80.13773,-0.4,-0.0,154.9,0.0,52.6,-0.04,-0.0,-1.0,-0.05,[b'Waypoint'],24.0,-8.3,60925.0,175849.0,30.732,44581.8,28.64,14.76,10.207,81.55,5.2,0.0,0.0,1
20250609,175849,25.912489,-80.13773,-0.7,0.0,154.4,0.0,52.6,-0.03,0.03,-0.99,-0.47,[b'Waypoint'],23.0,0.1,60925.0,175850.0,30.726,44564.74,28.63,14.76,10.207,81.65,5.21,0.0,0.0,1
20250609,175850,25.912481,-80.137726,-0.8,-0.1,153.1,0.0,52.6,-0.03,0.01,-0.99,-0.76,[b'Waypoint'],23.0,-4.3,60925.0,175851.0,30.719,44551.62,28.62,14.76,10.207,81.73,5.22,0.0,0.0,1
20250609,175851,25.912476,-80.137726,-0.8,-0.3,158.6,0.0,52.6,-0.03,0.01,-0.99,0.84,[b'Waypoint'],23.0,2.5,60925.0,175852.0,30.712,44581.12,28.64,14.76,10.207,81.76,5.22,0.0,0.0,1
20250609,175852,25.91247,-80.13772,-0.8,-0.1,156.4,0.0,52.6,-0.04,0.05,-0.99,-0.5,[b'Waypoint'],24.0,4.0,60925.0,175853.0,30.705,44593.16,28.65,14.76,10.207,81.75,5.22,0.0,0.0,1
20250609,175854,25.912457,-80.13771,-0.5,-0.3,159.6,0.0,52.6,0.09,-0.02,-1.0,0.04,[b'Waypoint'],23.7,1.0,60925.0,175854.0,30.699,44599.75,28.65,14.76,10.207,81.71,5.22,0.0,0.0,1
20250609,175855,25.912449,-80.1377,-0.7,-0.2,156.7,0.0,52.6,-0.01,0.07,-0.94,0.2,[b'Waypoint'],24.0,-5.7,60925.0,175856.0,30.693,44563.49,28.63,14.76,10.207,81.63,5.21,0.0,0.0,1
20250609,175856,25.912443,-80.1377,-0.8,-0.1,152.6,0.0,52.6,0.03,0.09,-0.98,-0.28,[b'Waypoint'],22.0,-8.0,60925.0,175857.0,30.687,44577.2,28.64,14.76,10.208,81.55,5.21,0.0,0.0,1
20250609,175857,25.912437,-80.137695,-1.6,-0.1,157.7,0.0,52.6,-0.02,-0.03,-1.06,0.42,[b'Waypoint'],24.0,0.7,60925.0,175858.0,30.684,44820.18,28.81,14.76,10.218,81.46,5.24,0.0,0.0,1
20250609,175858,25.91243,-80.137695,-1.4,-0.2,155.1,0.0,52.6,-0.07,0.03,-1.07,-1.08,[b'Waypoint'],23.0,-3.6,60925.0,175859.0,30.682,44803.62,28.8,14.76,10.206,81.39,5.22,0.0,0.0,1
20250609,175900,25.912424,-80.13769,-1.6,-0.3,156.4,0.0,52.6,-0.01,0.08,-1.08,-0.26,[b'Waypoint'],24.1,-6.3,60925.0,175900.0,30.681,44880.29,28.86,14.76,10.206,81.34,5.19,0.0,0.0,1
20250609,175900,25.912416,-80.13769,-1.5,-0.2,153.0,0.0,52.6,-0.0,0.01,-1.06,-1.46,[b'Waypoint'],22.0,-11.7,60925.0,175901.0,30.681,43695.47,28.01,14.76,10.213,81.34,5.22,0.0,0.0,1
20250609,175902,25.91241,-80.13768,-1.2,-0.2,153.1,0.0,52.6,-0.02,0.08,-1.02,-0.75,[b'Waypoint'],22.0,-1.5,60925.0,175902.0,30.683,44464.13,28.56,14.76,10.21,81.36,5.2,0.0,0.0,1
20250609,175903,25.912405,-80.13768,-0.4,-0.1,162.9,0.0,52.6,0.03,-0.01,-1.0,1.09,[b'Waypoint'],21.0,12.9,60925.0,175903.0,30.686,44616.77,28.67,14.76,10.208,81.42,5.2,0.0,0.0,1
20250609,175905,25.912392,-80.13767,-1.3,-0.0,157.2,0.0,52.6,-0.08,0.04,-0.91,0.41,[b'Waypoint'],24.0,-1.6,60925.0,175905.0,30.692,44569.84,28.63,14.76,10.208,81.56,5.21,0.0,0.0,1
20250609,175906,25.912386,-80.137665,-1.9,-0.3,160.0,0.0,52.6,-0.07,-0.03,-1.06,-0.43,[b'Waypoint'],23.0,2.9,60925.0,175906.0,30.699,44570.82,28.63,14.76,10.208,81.72,5.22,0.0,0.0,1
20250609,175907,25.91238,-80.137665,-1.8,-0.3,159.7,0.0,52.6,-0.05,-0.03,-1.06,-0.03,[b'Waypoint'],23.0,6.1,60925.0,175907.0,30.708,44517.81,28.59,14.76,10.208,82.04,5.24,0.0,0.0,1
20250609,175908,25.912373,-80.13766,-1.2,-0.3,160.1,0.0,52.6,0.02,-0.01,-1.04,1.41,[b'Waypoint'],23.0,3.0,60925.0,175908.0,30.715,44533.84,28.61,14.76,10.208,82.32,5.26,0.0,0.0,1
20250609,175909,25.912367,-80.13766,-0.3,-0.2,156.5,0.0,52.6,-0.03,0.01,-0.92,0.68,[b'Waypoint'],24.0,-1.6,60925.0,175909.0,30.725,44162.04,28.34,14.76,10.208,82.79,5.29,0.0,0.0,1
20250609,175910,25.912361,-80.13765,-0.4,0.1,156.9,0.0,52.6,0.04,-0.01,-0.99,-0.48,[b'Waypoint'],24.0,-2.7,60925.0,175910.0,30.731,44669.68,28.7,14.76,10.207,83.13,5.31,0.0,0.0,1
20250609,175911,25.912354,-80.13765,-0.8,0.1,158.5,0.0,52.6,0.03,-0.02,-1.0,0.13,[b'Waypoint'],24.0,5.4,60925.0,175911.0,30.737,44744.75,28.76,14.76,10.205,83.61,5.33,0.0,0.0,1
20250609,175912,25.912348,-80.13764,-1.0,-0.2,157.0,0.0,52.6,0.0,-0.01,-1.04,0.79,[b'Waypoint'],24.0,3.4,60925.0,175912.0,30.741,44778.4,28.78,14.76,10.206,84.05,5.36,0.0,0.0,1
20250609,175914,25.912334,-80.137634,-1.6,-0.2,157.8,0.0,52.6,-0.07,0.05,-1.06,-0.77,[b'Waypoint'],24.0,1.1,60925.0,175914.0,30.746,44673.7,28.71,14.76,10.207,84.55,5.39,0.0,0.0,1
20250609,175915,25.912329,-80.137634,-1.0,-0.1,156.7,0.0,52.6,-0.02,-0.03,-1.04,0.08,[b'Waypoint'],24.0,2.8,60925.0,175915.0,30.75,44594.18,28.65,14.76,10.208,85.0,5.42,0.0,0.0,1
20250609,175916,25.912323,-80.13763,-0.3,-0.1,164.6,0.0,52.6,0.0,0.0,-0.94,0.72,[b'Waypoint'],21.6,10.2,60925.0,175916.0,30.755,44490.82,28.57,14.76,10.208,85.51,5.46,0.0,0.0,1
20250609,175917,25.912317,-80.13763,-0.9,-0.0,153.2,0.0,52.6,0.01,-0.01,-0.96,-1.35,[b'Waypoint'],22.0,-2.5,60925.0,175917.0,30.759,44536.32,28.61,14.76,10.208,85.98,5.49,0.0,0.0,1
20250609,175918,25.91231,-80.13762,-0.4,-0.2,155.6,0.0,52.6,-0.02,0.04,-1.02,0.22,[b'Waypoint'],24.0,0.7,60925.0,175918.0,30.764,44572.49,28.63,14.76,10.207,86.5,5.52,0.0,0.0,1
20250609,175919,25.912304,-80.13762,-0.4,-0.1,157.0,0.0,52.6,0.01,0.01,-0.98,-0.38,[b'Waypoint'],24.0,1.8,60925.0,175919.0,30.768,44519.93,28.59,14.76,10.208,90.0,5.74,0.0,0.0,1
20250609,175920,25.912298,-80.13761,-1.0,-0.1,156.2,0.0,52.6,-0.03,0.01,-1.04,0.17,[b'Waypoint'],24.0,-1.6,60925.0,175921.0,30.772,44528.63,28.6,14.76,10.208,90.31,5.76,0.0,0.0,1
20250609,175921,25.91229,-80.13761,-0.7,-0.3,157.4,0.0,52.6,0.01,-0.02,-0.97,0.95,[b'Waypoint'],24.0,-2.4,60925.0,175922.0,30.777,44556.32,28.62,14.76,10.207,90.86,5.8,0.0,0.0,1
20250609,175923,25.91228,-80.1376,-2.3,-0.4,163.9,0.0,52.6,-0.0,0.04,-1.07,-0.71,[b'Waypoint'],21.0,13.6,60925.0,175923.0,30.782,44554.16,28.62,14.76,10.207,91.18,5.82,0.0,0.0,1
20250609,175924,25.912271,-80.137596,-2.3,-0.4,165.0,0.0,52.6,-0.1,0.03,-1.13,-0.41,[b'Waypoint'],23.0,13.4,60925.0,175924.0,30.788,44531.82,28.6,14.76,10.207,91.36,5.83,0.0,0.0,1
20250609,175925,25.912266,-80.137596,-1.1,-0.3,156.1,0.0,52.6,-0.04,0.0,-1.01,0.33,[b'Waypoint'],24.0,-2.4,60925.0,175925.0,30.793,44547.66,28.61,14.76,10.208,91.6,5.84,0.0,0.0,1
20250609,175926,25.91226,-80.13759,-1.0,-0.3,158.6,0.0,52.6,0.07,0.05,-1.0,0.15,[b'Waypoint'],23.0,3.2,60925.0,175926.0,30.802,44522.73,28.59,14.76,10.207,91.8,5.85,0.0,0.0,1
20250609,175927,25.912254,-80.13759,-0.8,-0.2,152.9,0.0,52.6,0.01,0.01,-0.97,0.02,[b'Waypoint'],23.5,-3.2,60925.0,175927.0,30.807,44537.28,28.61,14.76,10.207,91.95,5.86,0.0,0.0,1
20250609,175928,25.912247,-80.13758,-0.6,-0.1,156.2,0.0,52.6,0.05,-0.0,-1.02,0.23,[b'Waypoint'],24.0,-0.0,60925.0,175928.0,30.814,44592.55,28.64,14.76,10.207,92.12,5.87,0.0,0.0,1
20250609,175929,25.912241,-80.13758,-0.9,-0.2,154.5,0.0,52.6,-0.11,0.06,-1.01,-0.08,[b'Waypoint'],24.0,-3.7,60925.0,175930.0,30.818,44633.02,28.67,14.76,10.207,92.24,5.88,0.0,0.0,1
20250609,175930,25.912235,-80.13757,-0.1,-0.1,155.6,0.0,52.6,0.02,0.09,-0.94,0.42,[b'Waypoint'],24.0,-5.4,60925.0,175931.0,30.822,44607.02,28.65,14.76,10.207,92.39,5.89,0.0,0.0,1
20250609,175931,25.91223,-80.13757,-1.0,-0.3,155.0,0.0,52.6,-0.02,0.05,-1.0,0.24,[b'Waypoint'],24.2,-0.8,60925.0,175932.0,30.825,44621.81,28.67,14.76,10.207,92.49,5.89,0.0,0.0,1
20250609,175933,25.912216,-80.137566,-2.2,-0.3,155.1,0.0,52.6,-0.02,-0.02,-1.11,-0.19,[b'Waypoint'],24.0,-5.2,60925.0,175933.0,30.828,44667.17,28.7,14.76,10.206,92.61,5.9,0.0,0.0,1
20250609,175934,25.912216,-80.137566,-1.2,-0.1,161.1,0.0,52.6,-0.06,-0.0,-1.09,0.7,[b'Waypoint'],22.0,7.6,60925.0,175934.0,30.827,44694.76,28.72,14.76,10.206,92.68,5.9,0.0,0.0,1
20250609,175935,25.912205,-80.13756,-0.1,0.1,160.9,0.0,52.6,-0.02,0.03,-0.94,0.95,[b'Waypoint'],23.0,2.9,60925.0,175935.0,30.824,44847.29,28.83,14.76,10.206,92.76,5.91,0.0,0.0,1
20250609,175936,25.912197,-80.13755,-1.0,-0.2,159.5,0.0,52.6,-0.02,0.02,-0.99,1.19,[b'Waypoint'],24.0,0.1,60925.0,175936.0,30.821,44939.76,28.89,14.76,10.209,92.86,5.91,0.0,0.0,1
20250609,175937,25.912191,-80.13755,-0.5,-0.3,157.4,0.0,52.6,-0.02,0.01,-0.99,0.86,[b'Waypoint'],24.0,1.6,60925.0,175937.0,30.814,44990.98,28.93,14.76,10.205,93.01,5.92,0.0,0.0,1
20250609,175938,25.912186,-80.13754,-0.6,-0.3,160.7,0.0,52.6,-0.04,0.0,-0.98,-0.66,[b'Waypoint'],23.0,3.3,60925.0,175939.0,30.806,44866.64,28.84,14.76,10.204,93.08,5.93,0.0,0.0,1
20250609,175939,25.91218,-80.13754,-1.5,-0.2,154.6,0.0,52.6,-0.04,0.02,-0.99,-0.43,[b'Waypoint'],23.0,-1.7,60925.0,175940.0,30.799,44807.82,28.8,14.76,10.205,93.15,5.93,0.0,0.0,1
20250609,175940,25.912174,-80.137535,-2.9,-0.4,157.9,0.0,52.6,-0.05,0.03,-1.11,-0.54,[b'Waypoint'],24.0,3.1,60925.0,175941.0,30.791,44805.06,28.8,14.76,10.205,93.18,5.94,0.0,0.0,1
20250609,175942,25.912163,-80.137535,-1.2,-0.1,160.7,0.0,52.6,-0.02,0.01,-1.02,0.15,[b'Waypoint'],23.0,4.6,60925.0,175942.0,30.785,44822.36,28.81,14.76,10.205,93.19,5.94,0.0,0.0,1
20250609,175943,25.912157,-80.13753,-1.1,0.1,154.4,0.0,52.6,-0.03,0.05,-1.04,0.39,[b'Waypoint'],25.7,-1.6,60925.0,175943.0,30.776,44777.31,28.78,14.76,10.205,93.19,5.94,0.0,0.0,1
20250609,175944,25.912151,-80.13753,0.1,-0.0,153.7,0.0,52.6,-0.01,0.07,-0.96,0.32,[b'Waypoint'],23.7,-2.6,60925.0,175944.0,30.769,44725.93,28.74,14.76,10.205,93.18,5.94,0.0,0.0,1
20250609,175945,25.912146,-80.13752,0.7,-0.1,161.0,0.0,52.6,0.03,0.02,-0.89,0.57,[b'Waypoint'],23.0,9.0,60925.0,175945.0,30.759,44711.67,28.73,14.76,10.205,93.16,5.94,0.0,0.0,1
20250609,175946,25.912138,-80.13752,0.7,0.0,151.7,0.0,52.6,0.1,-0.06,-0.97,-1.36,[b'Waypoint'],24.1,-6.2,60925.0,175947.0,30.752,44736.88,28.75,14.76,10.206,93.15,5.94,0.0,0.0,1
20250609,175947,25.912132,-80.13751,-0.7,-0.2,154.9,0.0,52.6,0.0,-0.01,-0.95,0.17,[b'Waypoint'],24.0,-4.5,60925.0,175948.0,30.749,44754.57,28.76,14.76,10.206,93.15,5.94,0.0,0.0,1
20250609,175948,25.912127,-80.13751,-0.3,-0.3,157.2,0.0,52.6,-0.08,0.01,-0.98,-0.32,[b'Waypoint'],24.0,-3.6,60925.0,175949.0,30.747,44760.4,28.77,14.76,10.205,93.18,5.94,0.0,0.0,1
20250609,175950,25.912115,-80.137505,-1.4,-0.2,159.0,0.0,52.6,-0.06,-0.0,-1.08,0.54,[b'Waypoint'],24.0,4.7,60925.0,175950.0,30.747,44765.54,28.77,14.76,10.205,93.22,5.94,0.0,0.0,1
20250609,175951,25.91211,-80.1375,-1.0,0.1,160.3,0.0,52.5,-0.03,-0.03,-1.06,0.94,[b'Waypoint'],23.0,5.8,60925.0,175951.0,30.749,44737.46,28.75,14.76,10.205,93.32,5.95,0.0,0.0,1
20250609,175952,25.912104,-80.1375,-0.9,0.2,159.4,0.0,52.5,-0.05,0.04,-0.96,0.66,[b'Waypoint'],24.0,6.1,60925.0,175952.0,30.752,44740.79,28.75,14.76,10.205,93.41,5.96,0.0,0.0,1
20250609,175953,25.912098,-80.13749,-1.4,0.1,160.0,0.0,52.5,-0.05,-0.02,-1.05,0.28,[b'Waypoint'],23.0,11.5,60925.0,175953.0,30.757,44721.46,28.74,14.76,10.205,93.58,5.97,0.0,0.0,1
20250609,175954,25.912092,-80.13749,-0.8,0.1,154.8,0.0,52.5,-0.01,0.04,-0.95,0.36,[b'Waypoint'],24.6,-3.4,60925.0,175955.0,30.762,44750.0,28.76,14.76,10.205,93.73,5.98,0.0,0.0,1
20250609,175955,25.912086,-80.13748,-2.0,0.0,156.1,0.0,52.5,-0.03,-0.11,-1.06,-0.67,[b'Waypoint'],24.0,-3.5,60925.0,175956.0,30.768,44743.52,28.75,14.76,10.206,93.95,5.99,0.0,0.0,1
20250609,175956,25.91208,-80.13748,-2.5,-0.1,162.2,0.0,52.5,-0.07,0.01,-1.06,-0.09,[b'Waypoint'],23.7,2.4,60925.0,175957.0,30.776,44758.82,28.77,14.76,10.206,94.19,6.0,0.0,0.0,1
20250609,175957,25.912073,-80.137474,-1.6,-0.2,155.6,0.0,52.5,-0.05,-0.04,-1.04,0.31,[b'Waypoint'],24.0,2.7,60925.0,175958.0,30.784,44739.39,28.75,14.76,10.206,94.47,6.02,0.0,0.0,1
20250609,175959,25.912062,-80.13747,-1.0,-0.3,153.5,0.0,52.5,-0.0,-0.04,-1.01,0.4,[b'Waypoint'],23.0,-4.9,60925.0,175959.0,30.794,44760.78,28.77,14.76,10.206,94.76,6.04,0.0,0.0,1
20250609,180000,25.912056,-80.13747,-1.4,-0.2,159.7,0.0,52.5,-0.04,0.01,-1.07,-0.17,[b'Waypoint'],24.4,0.2,60925.0,180000.0,30.804,44720.16,28.74,14.76,10.206,95.11,6.06,0.0,0.0,1
20250609,180001,25.91205,-80.13746,-0.7,-0.2,158.3,0.0,52.5,-0.03,-0.01,-1.04,-0.07,[b'Waypoint'],24.0,-1.3,60925.0,180001.0,30.815,44675.85,28.7,14.76,10.207,95.45,6.08,0.0,0.0,1
20250609,180002,25.912043,-80.13746,0.3,-0.0,158.8,0.0,52.5,-0.0,-0.05,-0.93,1.06,[b'Waypoint'],24.0,5.4,60925.0,180002.0,30.825,44674.4,28.7,14.76,10.206,95.85,6.11,0.0,0.0,1
20250609,180003,25.912037,-80.13745,-0.6,-0.0,160.4,0.0,52.5,-0.0,0.01,-0.92,0.06,[b'Waypoint'],23.0,2.1,60925.0,180004.0,30.837,44696.86,28.72,14.76,10.207,96.26,6.13,0.0,0.0,1
20250609,180004,25.91203,-80.13745,-1.8,-0.1,159.8,0.0,52.5,-0.01,-0.01,-1.1,0.25,[b'Waypoint'],24.0,5.3,60925.0,180005.0,30.846,44729.48,28.74,14.76,10.207,96.63,6.15,0.0,0.0,1
20250609,180005,25.912024,-80.13744,-1.9,-0.1,155.2,0.0,52.5,-0.01,-0.01,-1.11,-0.21,[b'Waypoint'],23.0,0.4,60925.0,180006.0,30.857,44680.37,28.71,14.76,10.206,97.05,6.18,0.0,0.0,1
20250609,180007,25.912018,-80.13744,-2.3,-0.2,157.4,0.0,52.5,-0.06,0.01,-1.11,-0.12,[b'Station Ke'],0.5,-0.5,60925.0,180007.0,30.866,44679.68,28.71,14.76,10.207,97.4,6.2,0.0,0.0,1
20250609,180008,25.912008,-80.137436,-0.6,-0.2,156.5,0.0,52.5,-0.01,0.0,-0.93,0.2,[b'Station Ke'],0.0,0.0,60925.0,180008.0,30.876,44709.11,28.73,14.76,10.207,97.79,6.23,0.0,0.0,1
20250609,180009,25.912004,-80.137436,-1.1,-0.6,0.0,0.0,52.5,-0.02,0.0,-1.0,-0.6,[b'Waypoint'],-0.5,-39.3,60925.0,180009.0,30.883,44717.75,28.73,14.76,10.207,98.09,6.24,0.0,0.0,1
20250609,180010,25.912,-80.13743,-0.9,-0.1,82.2,0.0,52.5,-0.08,-0.0,-0.99,-4.45,[b'Waypoint'],-0.3,-64.1,60925.0,180010.0,30.891,44754.01,28.76,14.76,10.207,98.42,6.26,0.0,0.0,1
20250609,180011,25.911997,-80.13743,-1.2,0.8,81.1,0.0,52.5,-0.04,0.13,-1.03,-17.42,[b'Waypoint'],-6.3,-62.6,60925.0,180012.0,30.897,44719.26,28.73,14.76,10.207,98.68,6.28,0.0,0.0,1
20250609,180012,25.911995,-80.13742,-2.5,0.3,80.3,0.0,52.6,0.01,0.0,-1.1,-13.51,[b'Waypoint'],-2.2,-31.3,60925.0,180013.0,30.902,44697.19,28.72,14.76,10.208,98.95,6.3,0.0,0.0,1
20250609,180013,25.911995,-80.13742,-2.2,-0.2,79.8,0.0,52.6,-0.12,-0.02,-1.02,-10.83,[b'Waypoint'],4.0,-19.5,60925.0,180014.0,30.905,44706.88,28.72,14.76,10.207,99.16,6.31,0.0,0.0,1
20250609,180014,25.911995,-80.13741,-1.3,-0.3,79.5,0.0,52.6,-0.05,0.04,-1.03,-7.04,[b'Waypoint'],10.5,-17.9,60925.0,180015.0,30.907,45191.05,29.07,14.76,10.215,99.38,6.36,0.0,0.0,1
20250609,180015,25.911995,-80.13741,-0.9,-0.4,79.3,0.0,52.5,-0.0,0.02,-1.01,-6.29,[b'Waypoint'],11.4,-11.4,60925.0,180016.0,30.908,45224.95,29.1,14.76,10.206,99.53,6.36,0.0,0.0,1
20250609,180016,25.911995,-80.137405,-0.3,0.2,79.1,0.0,52.5,-0.04,-0.02,-0.94,-5.33,[b'Waypoint'],17.0,-5.9,60925.0,180017.0,30.909,45126.43,29.03,14.76,10.205,99.74,6.33,0.0,0.0,1
20250609,180018,25.911999,-80.1374,-1.6,0.2,78.0,0.0,52.5,-0.03,0.06,-1.09,-3.24,[b'Waypoint'],20.8,-16.0,60925.0,180018.0,30.908,45096.04,29.0,14.76,10.205,99.85,6.34,0.0,0.0,1
20250609,180019,25.911999,-80.13739,-0.7,1.7,71.6,0.0,52.5,-0.0,-0.07,-1.1,-4.9,[b'Waypoint'],18.0,-12.4,60925.0,180019.0,30.906,44979.26,28.92,14.76,10.205,99.97,6.35,0.0,0.0,1
20250609,180020,25.912,-80.13738,-0.8,3.5,81.8,0.0,52.5,-0.01,-0.11,-1.12,-0.64,[b'Waypoint'],24.0,3.0,60925.0,180021.0,30.903,44451.23,28.54,14.76,10.214,99.99,6.45,0.0,0.0,1
20250609,180021,25.912003,-80.13738,-1.2,2.0,70.2,0.0,52.5,0.01,-0.03,-1.01,2.25,[b'Waypoint'],33.4,1.4,60925.0,180022.0,30.897,38715.03,24.47,14.76,10.211,99.97,6.38,0.0,0.0,1
20250609,180022,25.912006,-80.137375,-1.3,-1.0,82.1,0.0,52.5,-0.04,0.02,-0.99,1.55,[b'Waypoint'],25.6,3.2,60925.0,180023.0,30.892,43624.59,27.95,14.76,10.213,99.89,6.36,0.0,0.0,1
20250609,180023,25.912008,-80.13737,-1.5,-0.3,80.4,0.0,52.6,-0.01,-0.05,-1.06,-0.45,[b'Waypoint'],23.6,-5.0,60925.0,180024.0,30.885,44297.94,28.43,14.76,10.211,99.73,6.36,0.0,0.0,1
20250609,180024,25.91201,-80.13736,-1.3,1.5,78.0,0.0,52.6,-0.05,-0.06,-1.06,1.4,[b'Waypoint'],24.0,-9.7,60925.0,180025.0,30.88,44401.88,28.51,14.76,10.209,99.53,6.35,0.0,0.0,1
20250609,180025,25.912014,-80.13735,-0.9,0.4,87.0,0.0,52.6,-0.05,-0.02,-1.02,0.53,[b'Waypoint'],20.0,13.4,60925.0,180026.0,30.872,43850.69,28.11,14.76,10.207,99.26,6.32,0.0,0.0,1
20250609,180026,25.912016,-80.137344,-0.4,1.1,84.3,0.0,52.6,-0.02,-0.04,-1.01,-0.84,[b'Waypoint'],22.0,5.0,60925.0,180027.0,30.868,41944.63,26.75,14.76,10.232,98.98,6.3,0.0,0.0,1
20250609,180028,25.912022,-80.13733,-1.5,-0.0,82.8,0.0,52.6,0.03,0.07,-1.02,0.14,[b'Waypoint'],23.0,3.3,60925.0,180028.0,30.862,43717.77,28.02,14.76,10.212,98.63,6.3,0.0,0.0,1
20250609,180029,25.912024,-80.13732,-1.2,-0.7,83.1,0.0,52.6,-0.05,0.01,-1.02,-1.33,[b'Waypoint'],23.0,7.2,60925.0,180030.0,30.858,44193.45,28.36,14.76,10.209,98.32,6.28,0.0,0.0,1
20250609,180030,25.912025,-80.137314,-1.3,0.2,86.3,0.0,52.6,-0.05,0.03,-1.04,3.61,[b'Waypoint'],22.8,7.4,60925.0,180031.0,30.854,44900.96,28.86,14.76,10.208,97.99,6.24,0.0,0.0,1
20250609,180031,25.91203,-80.13731,-1.2,1.3,81.1,0.0,52.6,-0.11,0.06,-1.01,1.84,[b'Waypoint'],24.0,-0.1,60925.0,180032.0,30.853,43603.58,27.93,14.76,10.207,97.79,6.26,0.0,0.0,1
20250609,180032,25.912031,-80.13729,-1.6,2.0,87.3,0.0,52.6,0.0,-0.09,-1.09,1.02,[b'Waypoint'],22.4,12.7,60925.0,180033.0,30.854,43924.6,28.16,14.76,10.216,97.63,6.25,0.0,0.0,1
20250609,180033,25.912033,-80.13728,-1.2,1.3,86.0,0.0,52.6,0.0,-0.02,-1.06,0.33,[b'Waypoint'],21.0,11.7,60925.0,180034.0,30.859,44059.81,28.26,14.76,10.211,97.65,6.24,0.0,0.0,1
20250609,180034,25.912037,-80.137276,-0.9,-1.0,89.6,0.0,52.6,-0.02,0.04,-0.99,-0.24,[b'Waypoint'],19.7,18.3,60925.0,180035.0,30.868,44115.07,28.3,14.76,10.212,102.1,6.52,0.0,0.0,1
20250609,180035,25.912039,-80.13727,-0.7,-0.4,80.6,0.0,52.6,0.01,0.03,-1.02,-0.12,[b'Waypoint'],27.3,7.3,60925.0,180036.0,30.879,44283.05,28.42,14.76,10.211,103.32,6.59,0.0,0.0,1
20250609,180037,25.912045,-80.13725,-0.6,-3.8,70.7,0.0,52.5,0.03,0.13,-0.96,0.94,[b'Waypoint'],23.4,-23.4,60925.0,180037.0,30.894,43196.62,27.64,14.76,10.223,104.19,6.7,0.0,0.0,1
20250609,180038,25.912046,-80.137245,-0.2,-2.4,78.5,0.0,52.5,-0.01,-0.03,-0.93,-2.54,[b'Waypoint'],23.0,-23.0,60925.0,180039.0,30.911,38846.53,24.56,14.76,10.227,104.91,6.68,0.0,0.0,1
20250609,180039,25.912048,-80.13724,0.3,-2.6,72.9,0.0,52.5,0.0,0.14,-0.89,-4.71,[b'Waypoint'],23.0,-23.0,60925.0,180040.0,30.928,42601.96,27.22,14.76,10.215,105.55,6.74,0.0,0.0,1
20250609,180041,25.91205,-80.13723,-0.3,-2.6,82.0,0.0,52.5,-0.03,0.05,-0.93,0.14,[b'Waypoint'],23.3,-7.7,60925.0,180041.0,30.943,42309.66,27.01,14.76,10.217,106.04,6.79,0.0,0.0,1
20250609,180041,25.912052,-80.13722,-0.7,0.5,72.0,0.0,52.5,-0.07,0.07,-1.02,2.05,[b'Waypoint'],22.4,-22.4,60925.0,180042.0,30.96,41621.62,26.52,14.76,10.21,106.51,6.76,0.0,0.0,1
20250609,180043,25.912056,-80.137215,-1.1,1.0,83.2,0.0,52.5,-0.04,-0.13,-1.08,0.28,[b'Waypoint'],23.0,-4.9,60925.0,180043.0,30.975,42535.64,27.17,14.76,10.211,106.84,6.79,0.0,0.0,1
20250609,180045,25.91206,-80.1372,-0.9,0.3,82.7,0.0,52.5,-0.04,-0.01,-1.01,0.24,[b'Waypoint'],23.0,2.5,60925.0,180045.0,30.99,44810.79,28.8,14.76,10.216,107.17,6.89,0.0,0.0,1
20250609,180046,25.912064,-80.137184,-0.7,0.1,86.9,0.0,52.5,-0.04,-0.06,-1.0,0.1,[b'Waypoint'],22.4,15.3,60925.0,180046.0,31.004,45138.57,29.03,14.76,10.207,107.44,6.82,0.0,0.0,1
20250609,180047,25.912066,-80.13718,-1.0,0.7,88.1,0.0,52.5,0.0,0.01,-1.06,1.88,[b'Waypoint'],20.0,14.3,60925.0,180047.0,31.012,45001.91,28.93,14.76,10.207,107.63,6.83,0.0,0.0,1
20250609,180048,25.912067,-80.13717,-1.1,1.5,87.3,0.0,52.6,-0.04,-0.04,-1.07,1.82,[b'Waypoint'],21.0,7.0,60925.0,180048.0,31.019,44064.24,28.26,14.76,10.231,107.78,6.96,0.0,0.0,1
20250609,180049,25.91207,-80.13716,-1.1,1.5,79.4,0.0,52.6,-0.03,-0.0,-1.06,0.05,[b'Waypoint'],25.6,1.1,60925.0,180049.0,31.023,45339.87,29.18,14.76,10.207,107.83,6.9,0.0,0.0,1
20250609,180050,25.912071,-80.13715,-1.0,0.8,85.1,0.0,52.5,-0.01,0.01,-1.05,0.6,[b'Waypoint'],22.6,14.3,60925.0,180050.0,31.026,43657.35,27.97,14.76,10.207,107.81,6.84,0.0,0.0,1
20250609,180051,25.912073,-80.137146,-1.3,-0.0,81.2,0.0,52.5,-0.04,-0.02,-1.02,1.96,[b'Station Ke'],0.5,0.5,60925.0,180051.0,31.029,43996.37,28.21,14.76,10.213,107.92,6.88,0.0,0.0,1
20250609,180052,25.912075,-80.13714,-1.5,0.8,0.0,0.0,52.5,-0.04,-0.04,-1.03,1.62,[b'Waypoint'],-1.0,-21.4,60925.0,180052.0,31.031,44524.28,28.59,14.76,10.211,107.97,6.87,0.0,0.0,1
20250609,180054,25.912079,-80.13713,-1.6,0.9,81.4,0.0,52.5,-0.04,-0.01,-1.04,1.25,[b'Station Ke'],0.0,0.0,60925.0,180054.0,31.032,44793.9,28.78,14.76,10.209,107.9,6.85,0.0,0.0,1
20250609,180055,25.912079,-80.13712,-0.7,-1.4,0.0,0.0,52.5,-0.04,0.02,-0.97,-1.85,[b'Waypoint'],-0.2,-36.3,60925.0,180055.0,31.034,44959.94,28.9,14.76,10.208,107.7,6.83,0.0,0.0,1
20250609,180056,25.91208,-80.13712,-0.5,-2.4,336.1,0.0,52.5,-0.05,0.04,-0.84,-12.62,[b'Waypoint'],-5.1,-75.1,60925.0,180056.0,31.035,44924.74,28.88,14.76,10.207,104.22,6.61,0.0,0.0,1
20250609,180057,25.912083,-80.137115,-1.0,-0.8,335.7,0.0,52.5,-0.09,-0.01,-0.98,-21.41,[b'Waypoint'],-5.2,-75.2,60925.0,180057.0,31.037,45337.45,29.17,14.76,10.208,103.41,6.56,0.0,0.0,1
20250609,180058,25.912086,-80.137115,-1.0,-0.2,335.6,0.0,52.5,-0.04,0.07,-1.02,-16.93,[b'Waypoint'],-3.1,-44.4,60925.0,180058.0,31.039,45394.26,29.21,14.76,10.205,102.86,6.51,0.0,0.0,1
20250609,180059,25.912088,-80.137115,-1.0,-0.4,335.5,0.0,52.5,-0.08,-0.02,-0.94,-13.5,[b'Waypoint'],-2.5,-35.9,60925.0,180059.0,31.041,45359.98,29.19,14.76,10.207,102.62,6.5,0.0,0.0,1
20250609,180100,25.912092,-80.13712,-1.1,-0.5,335.3,0.0,52.6,-0.02,-0.02,-0.97,-9.55,[b'Waypoint'],3.7,-23.1,60925.0,180100.0,31.044,44597.18,28.64,14.76,10.205,102.4,6.48,0.0,0.0,1
20250609,180101,25.912094,-80.13712,-0.8,-0.4,335.3,0.0,52.5,0.05,-0.05,-1.02,-7.03,[b'Waypoint'],10.7,-15.9,60925.0,180102.0,31.047,45269.32,29.12,14.76,10.205,102.14,6.47,0.0,0.0,1
20250609,180102,25.912096,-80.13712,-0.5,-0.1,335.2,0.0,52.5,-0.01,-0.0,-0.94,-5.53,[b'Waypoint'],14.0,-11.0,60925.0,180103.0,31.05,45318.28,29.16,14.76,10.205,101.99,6.46,0.0,0.0,1
20250609,180104,25.912104,-80.13712,-0.9,0.2,335.0,0.0,52.5,0.08,-0.12,-1.04,-2.92,[b'Waypoint'],19.0,-9.2,60925.0,180104.0,31.053,45328.27,29.17,14.76,10.205,101.79,6.45,0.0,0.0,1
20250609,180105,25.912107,-80.13713,-0.9,0.3,324.3,0.0,52.5,0.01,0.05,-1.05,-2.58,[b'Waypoint'],19.9,-19.9,60925.0,180105.0,31.056,45281.19,29.13,14.76,10.205,101.61,6.43,0.0,0.0,1
20250609,180106,25.912113,-80.13713,-0.9,0.3,325.3,0.0,52.5,-0.04,-0.0,-0.98,-2.36,[b'Waypoint'],18.0,-18.0,60925.0,180106.0,31.058,45265.08,29.12,14.76,10.206,101.49,6.43,0.0,0.0,1
20250609,180107,25.912117,-80.13713,-0.6,0.1,336.6,0.0,52.5,-0.02,0.04,-1.0,-2.73,[b'Waypoint'],25.3,1.8,60925.0,180107.0,31.061,45253.17,29.11,14.76,10.206,101.33,6.42,0.0,0.0,1
20250609,180108,25.912123,-80.13714,-0.9,0.1,330.7,0.0,52.5,0.0,0.11,-0.97,-0.98,[b'Waypoint'],23.1,-5.9,60925.0,180108.0,31.063,45236.02,29.1,14.76,10.206,101.22,6.41,0.0,0.0,1
20250609,180109,25.912128,-80.13714,-0.9,0.0,339.0,0.0,52.5,-0.02,-0.01,-1.02,0.29,[b'Waypoint'],21.0,7.0,60925.0,180109.0,31.066,45212.61,29.08,14.76,10.206,101.06,6.4,0.0,0.0,1
20250609,180110,25.912134,-80.137146,-0.7,0.0,329.4,0.0,52.5,0.04,-0.01,-1.05,-1.69,[b'Waypoint'],23.0,-7.0,60925.0,180111.0,31.068,45197.4,29.07,14.76,10.206,100.95,6.39,0.0,0.0,1
20250609,180111,25.91214,-80.137146,-1.0,-0.0,341.9,0.0,52.5,-0.01,-0.03,-1.01,0.67,[b'Waypoint'],19.0,13.3,60925.0,180112.0,31.07,45175.0,29.06,14.76,10.206,100.73,6.38,0.0,0.0,1
20250609,180113,25.912151,-80.13716,-0.8,-0.0,332.0,0.0,52.5,-0.06,0.1,-0.91,0.15,[b'Waypoint'],24.0,-5.1,60925.0,180113.0,31.071,45154.63,29.04,14.76,10.206,100.45,6.36,0.0,0.0,1
20250609,180114,25.912157,-80.13716,-0.9,-0.1,329.6,0.0,52.5,-0.04,0.0,-1.0,-0.1,[b'Waypoint'],24.0,-6.2,60925.0,180114.0,31.072,45126.67,29.02,14.76,10.206,100.12,6.34,0.0,0.0,1
20250609,180115,25.912165,-80.13717,-1.0,0.1,332.3,0.0,52.5,-0.06,0.05,-1.0,0.73,[b'Waypoint'],24.0,-4.6,60925.0,180115.0,31.073,45109.34,29.01,14.76,10.206,99.83,6.32,0.0,0.0,1
20250609,180116,25.91217,-80.13717,-1.2,-0.1,341.9,0.0,52.5,-0.03,0.07,-1.01,0.02,[b'Waypoint'],19.0,17.3,60925.0,180116.0,31.073,45042.32,28.96,14.76,10.207,99.51,6.31,0.0,0.0,1
20250609,180117,25.912178,-80.13718,-0.9,-0.1,333.3,0.0,52.6,-0.09,0.05,-0.96,1.23,[b'Waypoint'],24.0,-6.6,60925.0,180117.0,31.072,44984.26,28.92,14.76,10.207,99.2,6.29,0.0,0.0,1
20250609,180118,25.912184,-80.137184,-1.0,0.1,337.4,0.0,52.5,-0.01,0.04,-1.04,-0.2,[b'Waypoint'],22.0,11.4,60925.0,180119.0,31.071,44939.66,28.89,14.76,10.207,98.86,6.27,0.0,0.0,1
20250609,180119,25.912191,-80.137184,-0.4,0.1,332.8,0.0,52.6,-0.01,-0.05,-1.01,-0.09,[b'Waypoint'],24.0,-0.6,60925.0,180120.0,31.069,44889.43,28.85,14.76,10.208,98.53,6.25,0.0,0.0,1
20250609,180120,25.912197,-80.13719,-1.2,0.2,336.4,0.0,52.6,0.01,-0.03,-1.02,-1.17,[b'Waypoint'],22.0,12.4,60925.0,180121.0,31.067,44764.81,28.76,14.76,10.208,98.14,6.23,0.0,0.0,1
20250609,180122,25.91221,-80.1372,-1.2,0.1,324.5,0.0,52.6,-0.06,0.02,-1.08,-1.66,[b'Waypoint'],20.0,-13.1,60925.0,180122.0,31.065,44741.43,28.74,14.76,10.208,97.76,6.2,0.0,0.0,1
20250609,180123,25.912216,-80.13721,-0.8,-0.2,337.6,0.0,52.6,-0.03,0.03,-1.02,0.55,[b'Waypoint'],21.0,14.5,60925.0,180123.0,31.063,44729.75,28.74,14.76,10.209,97.43,6.18,0.0,0.0,1
20250609,180124,25.912224,-80.13721,-1.0,0.0,325.3,0.0,52.6,0.11,-0.04,-1.04,-0.19,[b'Waypoint'],20.5,-16.5,60925.0,180124.0,31.061,44688.86,28.71,14.76,10.208,97.04,6.16,0.0,0.0,1
20250609,180125,25.91223,-80.137215,-0.7,-0.1,327.0,0.0,52.6,-0.0,0.07,-0.97,-0.38,[b'Waypoint'],22.0,-6.0,60925.0,180125.0,31.06,44649.41,28.68,14.76,10.209,96.71,6.14,0.0,0.0,1
20250609,180126,25.912237,-80.137215,-0.6,-0.2,330.0,0.0,52.6,0.07,0.02,-1.0,-0.81,[b'Waypoint'],24.0,-2.9,60925.0,180127.0,31.059,44651.41,28.68,14.76,10.209,96.35,6.12,0.0,0.0,1
20250609,180127,25.912243,-80.13722,-0.9,-0.3,325.5,0.0,52.6,-0.01,0.03,-0.99,0.13,[b'Waypoint'],22.0,-10.6,60925.0,180128.0,31.059,44631.71,28.66,14.76,10.209,96.04,6.1,0.0,0.0,1
20250609,180128,25.91225,-80.13723,-0.7,-0.4,336.7,0.0,52.6,-0.02,0.07,-1.02,0.51,[b'Waypoint'],21.0,10.1,60925.0,180129.0,31.061,44641.6,28.67,14.76,10.209,95.7,6.08,0.0,0.0,1
20250609,180130,25.912264,-80.13724,-0.6,-0.3,321.1,0.0,52.6,-0.0,0.01,-1.0,-0.07,[b'Waypoint'],18.0,-18.0,60925.0,180130.0,31.065,44538.29,28.6,14.76,10.209,95.37,6.06,0.0,0.0,1
20250609,180131,25.912271,-80.13724,-1.1,0.1,325.0,0.0,52.6,-0.0,0.03,-0.99,-1.05,[b'Waypoint'],21.0,-9.9,60925.0,180131.0,31.069,44489.76,28.56,14.76,10.21,95.09,6.04,0.0,0.0,1
20250609,180132,25.912277,-80.137245,-0.7,-0.0,335.7,0.0,52.6,-0.05,0.06,-0.97,0.02,[b'Waypoint'],23.8,6.5,60925.0,180132.0,31.076,44476.4,28.55,14.76,10.21,94.78,6.02,0.0,0.0,1
20250609,180133,25.912285,-80.13725,-0.8,-0.0,324.2,0.0,52.6,-0.04,-0.0,-0.96,-1.38,[b'Waypoint'],23.5,-7.5,60925.0,180133.0,31.081,44512.97,28.58,14.76,10.211,94.51,6.0,0.0,0.0,1
20250609,180134,25.91229,-80.13725,-1.2,0.1,330.3,0.0,52.6,-0.0,-0.03,-1.03,-0.54,[b'Waypoint'],24.0,6.2,60925.0,180135.0,31.088,44451.6,28.53,14.76,10.216,94.21,5.98,0.0,0.0,1
20250609,180135,25.912298,-80.13726,-0.7,-0.3,327.6,0.0,52.6,-0.12,-0.02,-1.03,0.61,[b'Waypoint'],23.0,-8.1,60925.0,180136.0,31.094,43797.08,28.07,14.76,10.211,93.97,5.96,0.0,0.0,1
20250609,180136,25.912304,-80.13727,-1.2,0.0,326.7,0.0,52.5,-0.01,0.02,-1.0,-1.49,[b'Waypoint'],23.0,-1.3,60925.0,180137.0,31.101,44512.81,28.58,14.76,10.211,93.71,5.95,0.0,0.0,1
20250609,180137,25.912312,-80.13727,-0.7,-0.2,326.1,0.0,52.5,-0.01,0.05,-0.97,0.81,[b'Waypoint'],26.2,6.9,60925.0,180138.0,31.106,45050.31,28.96,14.76,10.207,93.53,5.92,0.0,0.0,1
20250609,180139,25.912325,-80.137276,-0.7,-0.5,327.8,0.0,52.5,0.05,-0.08,-1.05,0.63,[b'Waypoint'],23.0,-10.0,60925.0,180139.0,31.111,44758.75,28.75,14.76,10.209,93.3,5.91,0.0,0.0,1
20250609,180140,25.91233,-80.13728,-1.1,-0.2,331.3,0.0,52.5,-0.04,0.08,-0.98,0.21,[b'Waypoint'],24.0,-0.4,60925.0,180140.0,31.115,44697.44,28.71,14.76,10.21,93.15,5.91,0.0,0.0,1
20250609,180141,25.912338,-80.13729,-0.4,-0.1,321.4,0.0,52.5,0.0,-0.03,-1.03,-1.95,[b'Waypoint'],19.0,-15.3,60925.0,180141.0,31.118,44642.82,28.67,14.76,10.21,92.98,5.9,0.0,0.0,1
20250609,180142,25.912346,-80.13729,-1.1,-0.3,311.7,0.0,52.5,0.06,-0.04,-1.02,-0.13,[b'Waypoint'],25.8,-4.2,60925.0,180142.0,31.12,44458.3,28.54,14.76,10.211,92.88,5.89,0.0,0.0,1
20250609,180143,25.912352,-80.1373,-0.6,-0.4,333.9,0.0,52.5,-0.04,0.06,-0.97,0.32,[b'Waypoint'],22.0,10.3,60925.0,180144.0,31.122,44466.2,28.54,14.76,10.212,92.77,5.89,0.0,0.0,1
20250609,180144,25.912357,-80.1373,-0.9,-0.2,335.4,0.0,52.5,-0.05,0.0,-1.01,-0.61,[b'Waypoint'],21.0,13.0,60925.0,180145.0,31.122,44530.99,28.59,14.76,10.211,92.73,5.88,0.0,0.0,1
20250609,180145,25.912365,-80.13731,-0.9,-0.1,327.4,0.0,52.5,-0.11,0.04,-0.98,-1.27,[b'Waypoint'],23.6,-2.9,60925.0,180146.0,31.123,44436.51,28.52,14.76,10.212,92.71,5.88,0.0,0.0,1
20250609,180146,25.912373,-80.137314,-0.8,-0.2,327.8,0.0,52.5,-0.01,0.01,-1.0,1.31,[b'Waypoint'],24.0,1.6,60925.0,180147.0,31.124,44429.59,28.52,14.76,10.212,92.71,5.88,0.0,0.0,1
20250609,180147,25.912378,-80.137314,-1.2,-0.3,334.3,0.0,52.5,-0.01,-0.0,-0.99,0.88,[b'Waypoint'],22.0,3.4,60925.0,180148.0,31.125,44669.45,28.69,14.76,10.209,92.72,5.92,0.0,0.0,1
20250609,180149,25.912392,-80.13733,-1.2,-0.1,330.1,0.0,52.5,-0.08,0.05,-1.01,0.15,[b'Waypoint'],24.0,0.2,60925.0,180149.0,31.125,45030.66,28.95,14.76,10.21,92.73,5.88,0.0,0.0,1
20250609,180150,25.9124,-80.13733,-0.6,-0.0,328.5,0.0,52.5,-0.05,0.03,-0.98,-0.9,[b'Waypoint'],24.0,2.0,60925.0,180150.0,31.125,44035.47,28.24,14.76,10.212,92.76,5.92,0.0,0.0,1
20250609,180151,25.912405,-80.13734,-1.3,0.1,327.6,0.0,52.5,-0.02,-0.01,-0.97,-1.65,[b'Waypoint'],24.0,1.7,60925.0,180151.0,31.126,44607.47,28.65,14.76,10.212,92.77,5.89,0.0,0.0,1
20250609,180152,25.912413,-80.13734,-0.6,-0.2,334.5,0.0,52.5,-0.02,0.04,-0.98,1.67,[b'Waypoint'],21.0,4.7,60925.0,180153.0,31.126,44639.54,28.67,14.76,10.21,92.77,5.88,0.0,0.0,1
20250609,180153,25.912418,-80.137344,-1.3,-0.1,328.0,0.0,52.5,-0.05,-0.07,-1.0,0.0,[b'Waypoint'],24.0,-2.3,60925.0,180154.0,31.127,44509.69,28.58,14.76,10.211,92.76,5.88,0.0,0.0,1
20250609,180154,25.912426,-80.13735,-0.7,-0.3,323.4,0.0,52.5,-0.04,0.01,-1.02,0.79,[b'Waypoint'],21.1,-12.3,60925.0,180155.0,31.128,45037.3,28.95,14.76,10.208,92.72,5.89,0.0,0.0,1
20250609,180155,25.912432,-80.13735,-1.4,-0.1,331.6,0.0,52.5,-0.03,0.05,-1.0,-0.04,[b'Waypoint'],28.2,-5.0,60925.0,180156.0,31.128,44596.13,28.64,14.76,10.21,92.67,5.87,0.0,0.0,1
20250609,180156,25.91244,-80.13736,-0.5,-0.2,326.0,0.0,52.5,-0.02,-0.04,-0.98,0.54,[b'Waypoint'],23.0,-8.8,60925.0,180157.0,31.128,44407.16,28.5,14.76,10.21,92.58,5.9,0.0,0.0,1
20250609,180157,25.912447,-80.13737,-1.2,0.2,335.2,0.0,52.5,0.02,-0.03,-1.02,-1.49,[b'Waypoint'],27.3,5.0,60925.0,180158.0,31.128,43872.63,28.12,14.76,10.217,92.52,5.9,0.0,0.0,1
20250609,180159,25.91246,-80.137375,-1.3,-0.1,326.8,0.0,52.5,-0.02,0.01,-1.03,-0.79,[b'Waypoint'],24.2,1.0,60925.0,180159.0,31.128,44498.83,28.57,14.76,10.212,92.41,5.87,0.0,0.0,1
20250609,180200,25.912466,-80.13738,-0.7,-0.2,338.7,0.0,52.5,-0.02,0.02,-1.03,-0.55,[b'Waypoint'],20.8,20.8,60925.0,180200.0,31.127,44311.97,28.43,14.76,10.212,92.34,5.86,0.0,0.0,1
20250609,180201,25.912474,-80.13738,-1.2,-0.3,337.1,0.0,52.5,-0.01,0.02,-0.99,0.31,[b'Waypoint'],20.0,16.2,60925.0,180202.0,31.126,44343.88,28.46,14.76,10.213,92.23,5.86,0.0,0.0,1
20250609,180202,25.91248,-80.13739,-0.7,-0.1,320.6,0.0,52.5,0.06,-0.05,-0.99,-0.25,[b'Waypoint'],21.0,-11.7,60925.0,180203.0,31.126,44334.63,28.45,14.76,10.213,92.17,5.85,0.0,0.0,1
20250609,180203,25.912487,-80.13739,-1.1,-0.3,333.8,0.0,52.5,-0.02,-0.02,-0.98,-0.44,[b'Waypoint'],21.0,13.2,60925.0,180204.0,31.126,44360.21,28.47,14.76,10.213,92.1,5.85,0.0,0.0,1
20250609,180204,25.912493,-80.1374,-0.8,-0.4,316.7,0.0,52.5,-0.01,-0.03,-1.01,0.59,[b'Waypoint'],23.0,-9.7,60925.0,180205.0,31.125,44216.98,28.37,14.76,10.213,92.06,5.85,0.0,0.0,1
20250609,180205,25.9125,-80.137405,-0.9,-0.2,321.7,0.0,52.5,-0.02,-0.01,-0.97,-0.68,[b'Waypoint'],21.0,-9.8,60925.0,180206.0,31.125,44270.06,28.4,14.76,10.213,92.04,5.85,0.0,0.0,1
20250609,180206,25.912508,-80.137405,-0.8,-0.5,329.9,0.0,52.5,0.01,0.01,-1.01,0.98,[b'Waypoint'],23.0,0.0,60925.0,180207.0,31.124,44283.74,28.41,14.76,10.213,92.04,5.85,0.0,0.0,1
20250609,180208,25.912521,-80.13742,-1.1,-0.2,324.1,0.0,52.5,0.04,0.07,-0.95,-1.11,[b'Waypoint'],22.0,-6.0,60925.0,180208.0,31.124,44317.66,28.44,14.76,10.213,92.07,5.85,0.0,0.0,1
20250609,180209,25.912527,-80.13742,-0.7,-0.3,329.4,0.0,52.5,-0.06,0.01,-0.96,0.12,[b'Waypoint'],24.0,3.9,60925.0,180210.0,31.125,44307.83,28.43,14.76,10.213,92.11,5.85,0.0,0.0,1
20250609,180210,25.912535,-80.13743,-1.1,-0.2,323.0,0.0,52.5,-0.05,0.04,-0.98,-0.29,[b'Waypoint'],23.1,-6.9,60925.0,180211.0,31.125,44326.52,28.44,14.76,10.213,92.16,5.85,0.0,0.0,1
20250609,180211,25.91254,-80.13743,-0.9,-0.0,332.4,0.0,52.5,-0.02,-0.08,-1.07,-0.18,[b'Waypoint'],25.5,2.6,60925.0,180212.0,31.126,44303.3,28.43,14.76,10.213,92.23,5.86,0.0,0.0,1
20250609,180212,25.912548,-80.137436,-1.1,-0.3,321.5,0.0,52.6,-0.03,-0.04,-1.02,0.02,[b'Waypoint'],24.0,0.5,60925.0,180213.0,31.126,44303.59,28.43,14.76,10.213,92.3,5.86,0.0,0.0,1
20250609,180213,25.912554,-80.13744,-1.0,-0.3,322.9,0.0,52.6,-0.01,-0.07,-1.06,0.01,[b'Waypoint'],23.3,-6.7,60925.0,180214.0,31.127,44338.92,28.45,14.76,10.213,92.38,5.87,0.0,0.0,1
20250609,180214,25.912561,-80.13744,-1.1,-0.2,313.2,0.0,52.6,-0.05,0.07,-0.95,0.19,[b'Waypoint'],22.3,-11.0,60925.0,180215.0,31.128,44362.14,28.47,14.76,10.213,92.47,5.87,0.0,0.0,1
20250609,180215,25.912567,-80.13745,-0.7,-0.1,325.0,0.0,52.6,-0.07,0.13,-1.02,-0.4,[b'Waypoint'],23.0,-4.0,60925.0,180216.0,31.13,44271.6,28.4,14.77,10.213,92.58,5.88,0.0,0.0,1
20250609,180217,25.912582,-80.13746,-0.9,-0.2,322.7,0.0,52.5,0.04,-0.04,-0.97,-0.77,[b'Waypoint'],22.0,-5.2,60925.0,180217.0,31.131,44350.0,28.46,14.76,10.213,92.68,5.88,0.0,0.0,1
20250609,180218,25.912588,-80.13747,-1.1,-0.6,334.1,0.0,52.5,0.11,-0.04,-1.03,1.57,[b'Waypoint'],21.0,1.5,60925.0,180219.0,31.134,44414.91,28.51,14.77,10.213,92.79,5.89,0.0,0.0,1
20250609,180219,25.912596,-80.13747,-1.4,-0.4,320.6,0.0,52.5,0.03,0.06,-1.01,-1.64,[b'Waypoint'],24.9,-2.3,60925.0,180220.0,31.136,44394.89,28.49,14.77,10.213,92.9,5.9,0.0,0.0,1
20250609,180220,25.912601,-80.137474,-0.7,-0.4,318.1,0.0,52.5,-0.01,0.07,-1.02,-0.73,[b'Waypoint'],22.1,-12.3,60925.0,180221.0,31.139,44391.13,28.49,14.76,10.213,93.03,5.9,0.0,0.0,1
20250609,180222,25.91261,-80.13748,-1.5,-0.0,325.9,0.0,52.5,-0.04,0.06,-0.99,-2.23,[b'Waypoint'],24.0,9.7,60925.0,180222.0,31.14,44389.44,28.49,14.77,10.213,93.12,5.91,0.0,0.0,1
20250609,180222,25.912615,-80.13748,-0.7,-0.4,339.5,0.0,52.6,0.0,-0.01,-0.99,2.4,[b'Waypoint'],19.1,19.1,60925.0,180223.0,31.143,44455.36,28.54,14.76,10.212,93.26,5.92,0.0,0.0,1
20250609,180224,25.912622,-80.13749,-1.0,-0.3,338.5,0.0,52.5,-0.01,0.03,-1.0,0.95,[b'Waypoint'],21.6,14.3,60925.0,180224.0,31.145,44467.29,28.54,14.76,10.212,93.36,5.92,0.0,0.0,1
20250609,180225,25.912628,-80.1375,-0.9,-0.5,324.5,0.0,52.5,-0.03,0.02,-1.03,1.82,[b'Waypoint'],24.0,-0.4,60925.0,180225.0,31.147,44503.91,28.57,14.76,10.212,93.51,5.93,0.0,0.0,1
20250609,180226,25.912636,-80.1375,-1.1,-0.4,327.6,0.0,52.5,0.0,0.03,-1.02,-0.0,[b'Waypoint'],23.6,-3.1,60925.0,180226.0,31.15,44512.22,28.58,14.76,10.212,93.62,5.94,0.0,0.0,1
20250609,180228,25.91265,-80.137505,-0.8,-0.2,340.4,0.0,52.6,-0.04,-0.02,-1.02,0.85,[b'Waypoint'],19.7,19.7,60925.0,180228.0,31.151,44583.6,28.63,14.76,10.212,93.76,5.95,0.0,0.0,1
20250609,180229,25.912657,-80.13751,-0.8,0.1,326.7,0.0,52.5,0.01,0.04,-0.99,-0.56,[b'Waypoint'],24.9,-2.7,60925.0,180229.0,31.153,44572.43,28.62,14.76,10.212,93.85,5.95,0.0,0.0,1
20250609,180230,25.912663,-80.13752,-0.8,-0.0,321.3,0.0,52.6,-0.04,-0.02,-1.03,-1.21,[b'Waypoint'],21.0,-10.3,60925.0,180230.0,31.155,44656.47,28.68,14.77,10.212,93.97,5.96,0.0,0.0,1
20250609,180231,25.91267,-80.13752,-0.7,0.0,331.3,0.0,52.6,-0.01,0.06,-0.99,-0.04,[b'Waypoint'],21.7,13.7,60925.0,180231.0,31.157,44638.01,28.67,14.77,10.212,94.07,5.96,0.0,0.0,1
20250609,180232,25.912676,-80.13753,-0.9,0.1,315.8,0.0,52.6,-0.02,0.01,-1.0,-1.92,[b'Waypoint'],19.0,-13.7,60925.0,180232.0,31.158,44637.59,28.67,14.77,10.212,94.19,5.97,0.0,0.0,1
20250609,180233,25.912682,-80.137535,-0.7,-0.2,324.0,0.0,52.6,0.07,-0.12,-1.03,1.98,[b'Waypoint'],26.1,-0.7,60925.0,180233.0,31.159,44633.96,28.66,14.77,10.212,94.29,5.98,0.0,0.0,1
20250609,180234,25.91269,-80.137535,-1.1,-0.3,318.0,0.0,52.6,0.0,0.03,-1.03,-2.1,[b'Waypoint'],22.6,-7.2,60925.0,180234.0,31.16,44660.39,28.68,14.77,10.212,94.4,5.98,0.0,0.0,1
20250609,180235,25.912695,-80.13754,-1.0,-0.4,326.9,0.0,52.5,-0.02,0.04,-1.03,1.39,[b'Waypoint'],24.0,7.1,60925.0,180236.0,31.161,44645.92,28.67,14.77,10.212,94.51,5.99,0.0,0.0,1
20250609,180236,25.912703,-80.13755,-1.1,-0.3,328.8,0.0,52.5,-0.03,0.03,-1.01,0.58,[b'Waypoint'],23.0,-4.5,60925.0,180237.0,31.162,44650.33,28.67,14.77,10.212,94.64,6.0,0.0,0.0,1
20250609,180238,25.912716,-80.13756,-0.9,-0.2,320.9,0.0,52.6,-0.03,0.02,-0.97,-0.89,[b'Waypoint'],20.0,-17.7,60925.0,180238.0,31.162,44567.68,28.62,14.76,10.211,94.74,6.01,0.0,0.0,1
20250609,180239,25.912724,-80.137566,-0.7,-0.2,323.7,0.0,52.6,-0.03,0.03,-1.01,-0.32,[b'Waypoint'],22.0,-5.2,60925.0,180239.0,31.163,44553.31,28.61,14.76,10.212,94.86,6.01,0.0,0.0,1
20250609,180240,25.91273,-80.137566,-0.8,-0.4,340.3,0.0,52.6,0.0,0.0,-0.98,0.65,[b'Waypoint'],19.9,19.9,60925.0,180240.0,31.163,44483.82,28.56,14.76,10.212,94.96,6.02,0.0,0.0,1
20250609,180241,25.912737,-80.13757,-1.0,-0.2,321.7,0.0,52.6,0.0,0.01,-0.99,0.86,[b'Waypoint'],21.0,-14.0,60925.0,180241.0,31.163,44467.43,28.54,14.76,10.212,95.08,6.03,0.0,0.0,1
20250609,180242,25.912745,-80.13758,-0.9,-0.5,335.9,0.0,52.6,-0.04,-0.01,-1.03,0.09,[b'Waypoint'],24.7,8.5,60925.0,180242.0,31.163,44475.79,28.55,14.76,10.212,95.17,6.04,0.0,0.0,1
20250609,180243,25.91275,-80.13758,-1.2,-0.4,323.9,0.0,52.6,-0.08,0.11,-1.01,0.29,[b'Waypoint'],22.0,-9.1,60925.0,180243.0,31.163,44705.87,28.71,14.76,10.212,95.29,6.04,0.0,0.0,1
20250609,180244,25.912758,-80.13759,-0.6,-0.4,329.6,0.0,52.6,-0.05,0.0,-0.98,-0.72,[b'Station Ke'],5.5,-5.5,60925.0,180245.0,31.164,45040.27,28.96,14.76,10.209,95.37,6.04,0.0,0.0,1
20250609,180245,25.912764,-80.13759,-1.6,-0.3,0.0,0.0,52.6,-0.03,0.01,-1.0,-1.26,[b'Waypoint'],5.1,5.1,60925.0,180246.0,31.164,44199.91,28.35,14.76,10.214,95.48,6.07,0.0,0.0,1
20250609,180247,25.912777,-80.1376,-1.4,-0.1,321.1,0.0,52.6,-0.03,0.01,-1.0,-0.66,[b'Waypoint'],-1.0,17.2,60925.0,180247.0,31.164,44981.87,28.91,14.76,10.21,95.57,6.05,0.0,0.0,1
20250609,180248,25.91278,-80.1376,-0.7,-0.4,319.3,0.0,52.6,-0.02,0.0,-0.99,0.92,[b'Waypoint'],0.0,0.0,60925.0,180248.0,31.164,45030.49,28.95,14.76,10.209,95.64,6.05,0.0,0.0,1
20250609,180249,25.912785,-80.1376,-1.2,-0.2,325.0,0.0,52.6,0.0,-0.01,-1.0,-0.52,[b'Waypoint'],13.4,-13.4,60925.0,180249.0,31.164,45038.31,28.95,14.76,10.208,95.71,6.06,0.0,0.0,1
20250609,180250,25.91279,-80.13761,-0.9,-0.2,323.2,0.0,52.6,-0.02,-0.0,-0.99,-2.79,[b'Waypoint'],6.3,-6.3,60925.0,180250.0,31.165,45045.96,28.96,14.76,10.209,95.76,6.06,0.0,0.0,1
20250609,180251,25.912794,-80.13761,-1.3,-0.2,318.5,0.0,52.6,-0.05,0.0,-1.04,-2.97,[b'Waypoint'],21.0,-2.6,60925.0,180251.0,31.165,45046.22,28.96,14.76,10.208,95.79,6.06,0.0,0.0,1
20250609,180252,25.9128,-80.13762,-0.9,-0.2,323.0,0.0,52.6,-0.01,-0.05,-1.01,-1.0,[b'Waypoint'],24.6,0.6,60925.0,180253.0,31.165,45027.28,28.95,14.76,10.208,95.82,6.06,0.0,0.0,1
20250609,180254,25.91281,-80.13763,-0.8,-0.2,323.6,0.0,52.6,-0.02,0.0,-0.99,-0.26,[b'Waypoint'],24.0,2.9,60925.0,180254.0,31.165,45009.73,28.93,14.76,10.208,95.84,6.07,0.0,0.0,1
20250609,180255,25.912815,-80.137634,-1.1,-0.3,320.9,0.0,52.6,0.01,-0.02,-1.02,0.29,[b'Waypoint'],24.0,-5.5,60925.0,180255.0,31.165,44993.57,28.92,14.76,10.208,95.84,6.07,0.0,0.0,1
20250609,180256,25.91282,-80.137634,-1.0,-0.5,313.2,0.0,52.6,-0.0,-0.0,-1.05,-1.71,[b'Waypoint'],20.0,-12.9,60925.0,180256.0,31.165,44963.79,28.9,14.76,10.208,95.81,6.06,0.0,0.0,1
20250609,180257,25.912827,-80.13764,-0.9,-0.3,326.1,0.0,52.6,0.0,0.01,-1.01,-1.31,[b'Waypoint'],21.0,17.2,60925.0,180257.0,31.164,44947.79,28.89,14.76,10.208,95.76,6.06,0.0,0.0,1
20250609,180258,25.912832,-80.13765,-0.6,-0.4,326.4,0.0,52.6,-0.02,-0.02,-1.01,1.07,[b'Waypoint'],21.0,7.3,60925.0,180258.0,31.163,44921.29,28.87,14.76,10.209,95.72,6.06,0.0,0.0,1
20250609,180259,25.912838,-80.13766,-1.1,-0.2,318.1,0.0,52.6,-0.04,0.04,-1.05,-1.47,[b'Waypoint'],24.0,-0.4,60925.0,180300.0,31.162,44889.54,28.85,14.76,10.209,95.62,6.05,0.0,0.0,1
20250609,180300,25.912844,-80.13766,-0.9,-0.4,323.9,0.0,52.6,0.02,-0.03,-1.03,1.75,[b'Waypoint'],22.5,-1.5,60925.0,180301.0,31.16,44853.93,28.82,14.76,10.209,95.52,6.05,0.0,0.0,1
20250609,180301,25.91285,-80.137665,-1.2,-0.1,326.3,0.0,52.6,0.01,0.03,-0.98,-0.01,[b'Waypoint'],21.3,9.7,60925.0,180302.0,31.158,44769.08,28.76,14.76,10.209,95.36,6.04,0.0,0.0,1
20250609,180303,25.912863,-80.13768,-1.0,-0.0,320.4,0.0,52.6,-0.01,-0.04,-1.02,-1.24,[b'Waypoint'],24.0,7.5,60925.0,180303.0,31.157,44720.04,28.73,14.76,10.21,95.21,6.03,0.0,0.0,1
20250609,180304,25.912868,-80.13768,-0.7,-0.3,324.7,0.0,52.6,-0.02,0.04,-0.97,0.97,[b'Waypoint'],22.0,8.6,60925.0,180304.0,31.155,44652.23,28.68,14.76,10.21,94.99,6.02,0.0,0.0,1
20250609,180305,25.912874,-80.13769,-1.0,-0.0,323.2,0.0,52.6,0.05,-0.06,-1.03,-0.64,[b'Waypoint'],23.0,4.7,60925.0,180305.0,31.153,44638.75,28.67,14.76,10.21,94.78,6.01,0.0,0.0,1
20250609,180306,25.91288,-80.137695,-1.1,-0.1,319.4,0.0,52.6,0.02,-0.04,-1.01,1.43,[b'Waypoint'],24.0,-8.1,60925.0,180306.0,31.152,44612.46,28.65,14.76,10.21,94.51,5.99,0.0,0.0,1
20250609,180307,25.912886,-80.1377,-1.2,0.1,318.2,0.0,52.6,-0.11,0.09,-0.98,0.53,[b'Waypoint'],23.0,-4.6,60925.0,180308.0,31.151,44581.02,28.63,14.76,10.211,94.26,5.98,0.0,0.0,1
20250609,180308,25.912893,-80.13771,-1.0,-0.3,314.8,0.0,52.6,-0.03,0.04,-1.01,-1.33,[b'Waypoint'],25.3,-0.1,60925.0,180309.0,31.149,44517.55,28.58,14.76,10.211,93.96,5.96,0.0,0.0,1
20250609,180309,25.912899,-80.13771,-0.9,0.1,319.0,0.0,52.6,-0.02,0.03,-1.01,-0.58,[b'Waypoint'],26.2,5.8,60925.0,180310.0,31.148,44491.74,28.56,14.76,10.211,93.66,5.94,0.0,0.0,1
20250609,180310,25.912905,-80.13772,-0.8,-0.5,332.4,0.0,52.6,-0.02,0.01,-0.96,0.74,[b'Waypoint'],19.7,19.7,60925.0,180311.0,31.147,44426.3,28.51,14.76,10.211,93.26,5.92,0.0,0.0,1
20250609,180312,25.912916,-80.13773,-1.0,-0.2,317.7,0.0,52.6,0.01,0.0,-1.04,0.15,[b'Waypoint'],26.9,4.2,60925.0,180312.0,31.146,44440.01,28.52,14.76,10.211,89.1,5.65,0.0,0.0,1
20250609,180313,25.912924,-80.13773,-1.1,-0.0,314.0,0.0,52.6,0.14,-0.03,-1.04,-0.86,[b'Waypoint'],22.6,-7.1,60925.0,180313.0,31.146,44436.57,28.52,14.76,10.211,88.16,5.59,0.0,0.0,1
20250609,180314,25.91293,-80.13774,-0.8,-0.3,326.2,0.0,52.6,-0.01,0.01,-0.99,0.86,[b'Waypoint'],21.0,15.0,60925.0,180314.0,31.145,44359.18,28.47,14.76,10.211,87.43,5.55,0.0,0.0,1
20250609,180315,25.912935,-80.13775,-1.0,-0.1,312.3,0.0,52.6,-0.03,-0.07,-1.0,-1.4,[b'Waypoint'],21.0,-16.7,60925.0,180315.0,31.145,44407.54,28.5,14.76,10.211,86.85,5.51,0.0,0.0,1
20250609,180316,25.912941,-80.13776,-0.8,-0.6,319.7,0.0,52.6,0.01,0.01,-1.01,0.2,[b'Waypoint'],24.0,4.8,60925.0,180317.0,31.143,44411.21,28.5,14.76,10.211,86.14,5.47,0.0,0.0,1
20250609,180317,25.912949,-80.137764,-1.0,-0.5,319.0,0.0,52.6,-0.02,0.04,-1.02,0.73,[b'Waypoint'],25.1,-2.1,60925.0,180318.0,31.139,44360.26,28.47,14.76,10.212,85.55,5.43,0.0,0.0,1
20250609,180318,25.912954,-80.137764,-0.9,0.0,325.7,0.0,52.6,-0.02,0.04,-1.02,0.73,[b'Waypoint'],22.3,10.9,60925.0,180319.0,31.131,44296.74,28.42,14.76,10.212,81.51,5.18,0.0,0.0,1
20250609,180319,25.91296,-80.13777,-1.1,-0.4,318.4,0.0,52.6,0.01,-0.03,-1.02,-0.02,[b'Waypoint'],24.0,-2.4,60925.0,180320.0,31.122,44254.1,28.39,14.76,10.212,79.85,5.07,0.0,0.0,1
20250609,180321,25.912973,-80.13779,-1.0,-0.1,312.7,0.0,52.6,-0.0,-0.01,-1.02,0.26,[b'Waypoint'],24.8,-0.7,60925.0,180321.0,31.109,44216.61,28.37,14.76,10.212,77.64,4.93,0.0,0.0,1
20250609,180322,25.91298,-80.13779,-1.0,-0.0,318.5,0.0,52.6,0.02,-0.05,-0.98,-1.81,[b'Waypoint'],23.0,2.6,60925.0,180322.0,31.095,44224.2,28.37,14.76,10.212,76.37,4.85,0.0,0.0,1
20250609,180323,25.912985,-80.137794,-0.9,-0.0,322.7,0.0,52.6,-0.03,-0.02,-1.0,0.46,[b'Waypoint'],22.0,8.4,60925.0,180323.0,31.078,44232.19,28.38,14.76,10.212,74.79,4.75,0.0,0.0,1
20250609,180324,25.91299,-80.1378,-1.1,-0.2,317.5,0.0,52.6,-0.02,0.03,-1.01,0.18,[b'Waypoint'],24.0,-3.8,60925.0,180324.0,31.063,44226.48,28.37,14.76,10.213,73.72,4.69,0.0,0.0,1
20250609,180325,25.912996,-80.13781,-0.9,-0.1,315.1,0.0,52.6,0.03,-0.02,-1.04,-0.82,[b'Waypoint'],22.0,-5.2,60925.0,180326.0,31.044,44179.09,28.34,14.76,10.212,69.02,4.39,0.0,0.0,1
20250609,180326,25.913004,-80.13781,-1.1,-0.1,328.1,0.0,52.6,-0.02,-0.05,-0.99,-0.76,[b'Waypoint'],23.6,7.0,60925.0,180327.0,31.028,44174.62,28.34,14.76,10.213,67.71,4.31,0.0,0.0,1
20250609,180327,25.91301,-80.13782,-0.8,-0.3,323.8,0.0,52.6,-0.02,0.04,-1.01,1.45,[b'Waypoint'],21.0,8.1,60925.0,180328.0,31.008,44193.27,28.35,14.76,10.213,66.14,4.21,0.0,0.0,1
20250609,180328,25.913015,-80.137825,-1.2,-0.0,311.0,0.0,52.6,-0.03,-0.02,-1.06,-0.9,[b'Waypoint'],20.0,-15.1,60925.0,180329.0,30.989,44154.86,28.32,14.76,10.213,65.58,4.17,0.0,0.0,1
20250609,180330,25.913029,-80.13783,-1.2,0.1,330.0,0.0,52.6,-0.0,-0.05,-1.01,-1.06,[b'Waypoint'],20.6,20.6,60925.0,180330.0,30.978,44145.86,28.32,14.76,10.213,64.93,4.13,0.0,0.0,1
20250609,180331,25.913034,-80.13784,-0.8,-0.2,310.5,0.0,52.6,-0.03,0.03,-1.0,0.85,[b'Waypoint'],23.7,-5.3,60925.0,180331.0,30.965,44145.94,28.32,14.76,10.213,64.34,4.1,0.0,0.0,1
20250609,180332,25.91304,-80.13785,-1.1,-0.0,318.2,0.0,52.6,-0.03,-0.01,-1.0,-0.76,[b'Waypoint'],24.0,1.2,60925.0,180332.0,30.957,44141.31,28.32,14.76,10.214,63.95,4.07,0.0,0.0,1
20250609,180333,25.913046,-80.137856,-0.8,-0.2,319.6,0.0,52.6,-0.01,0.08,-0.97,0.34,[b'Waypoint'],24.0,2.8,60925.0,180334.0,30.951,44087.67,28.28,14.76,10.213,63.42,4.04,0.0,0.0,1
20250609,180334,25.913052,-80.13786,-1.0,-0.1,320.8,0.0,52.6,-0.01,-0.02,-1.01,-0.06,[b'Waypoint'],23.0,6.3,60925.0,180335.0,30.948,44089.87,28.28,14.77,10.214,63.09,4.02,0.0,0.0,1
20250609,180335,25.913052,-80.13786,-0.9,-0.2,321.4,0.0,52.6,-0.04,0.03,-1.01,0.74,[b'Waypoint'],23.0,3.6,60925.0,180336.0,30.947,44040.75,28.24,14.77,10.214,62.63,3.99,0.0,0.0,1
20250609,180336,25.913065,-80.13787,-0.9,-0.1,325.3,0.0,52.6,-0.0,-0.01,-1.02,-0.19,[b'Waypoint'],21.0,14.0,60925.0,180337.0,30.948,43998.64,28.21,14.76,10.214,62.34,3.97,0.0,0.0,1
20250609,180337,25.91307,-80.13788,-0.9,-0.1,322.7,0.0,52.6,-0.04,-0.03,-1.0,-0.15,[b'Waypoint'],23.0,8.8,60925.0,180338.0,30.951,43958.69,28.19,14.76,10.214,62.0,3.95,0.0,0.0,1
20250609,180339,25.913084,-80.137886,-0.8,-0.2,320.5,0.0,52.6,0.01,-0.05,-1.02,0.17,[b'Waypoint'],24.0,2.9,60925.0,180339.0,30.954,43940.5,28.17,14.76,10.214,61.72,3.94,0.0,0.0,1
20250609,180340,25.91309,-80.13789,-0.9,-0.1,320.1,0.0,52.6,0.01,-0.01,-1.03,-0.42,[b'Waypoint'],23.6,0.4,60925.0,180340.0,30.959,43848.9,28.11,14.76,10.215,61.44,3.92,0.0,0.0,1
20250609,180341,25.913095,-80.1379,-0.8,-0.3,315.4,0.0,52.6,-0.06,0.02,-0.95,0.61,[b'Waypoint'],23.2,-7.7,60925.0,180341.0,30.965,43806.48,28.08,14.76,10.215,61.2,3.9,0.0,0.0,1
20250609,180342,25.913103,-80.13791,-1.0,-0.4,320.1,0.0,52.6,-0.0,0.0,-1.02,0.88,[b'Station Ke'],6.8,6.8,60925.0,180343.0,30.971,43817.84,28.08,14.76,10.215,60.62,3.87,0.0,0.0,1
20250609,180344,25.913109,-80.13791,-1.3,-0.2,320.1,0.0,52.6,-0.03,0.0,-1.0,0.33,[b'Station Ke'],1.0,-1.0,60925.0,180344.0,30.978,43822.7,28.09,14.76,10.215,60.13,3.83,0.0,0.0,1
20250609,180344,25.913115,-80.13792,-1.1,-0.3,0.0,0.0,52.6,0.0,-0.03,-1.06,0.96,[b'Waypoint'],-0.3,42.6,60925.0,180345.0,30.986,43858.5,28.11,14.76,10.215,59.63,3.8,0.0,0.0,1
20250609,180346,25.913118,-80.137924,-1.3,-0.7,321.5,0.0,52.6,-0.11,0.04,-0.97,6.94,[b'Station Ke'],-1.8,20.7,60925.0,180346.0,30.994,43843.53,28.1,14.76,10.215,59.23,3.78,0.0,0.0,1
20250609,180346,25.913124,-80.137924,-1.0,-0.5,0.0,0.0,52.6,-0.02,0.0,-1.01,5.29,[b'Waypoint'],-2.1,30.1,60925.0,180347.0,31.004,43939.26,28.17,14.76,10.215,58.81,3.75,0.0,0.0,1
20250609,180347,25.913128,-80.137924,-1.1,-0.3,263.2,0.0,52.6,-0.02,0.01,-1.0,2.43,[b'Waypoint'],0.0,0.0,60925.0,180348.0,31.013,43964.37,28.19,14.76,10.214,58.5,3.73,0.0,0.0,1
20250609,180349,25.913137,-80.13793,-0.7,0.4,255.3,0.0,52.6,-0.03,-0.1,-1.16,-11.9,[b'Waypoint'],-5.2,-75.2,60925.0,180350.0,31.023,44033.12,28.24,14.76,10.214,58.05,3.7,0.0,0.0,1
20250609,180350,25.913141,-80.13794,-1.5,0.8,252.0,0.0,52.6,-0.17,0.09,-1.1,-19.63,[b'Waypoint'],-6.9,-56.4,60925.0,180351.0,31.033,44040.47,28.24,14.76,10.214,57.65,3.67,0.0,0.0,1
20250609,180351,25.913141,-80.13794,-1.2,0.4,248.4,0.0,52.6,-0.06,0.02,-1.07,-14.59,[b'Waypoint'],-2.5,-36.5,60925.0,180352.0,31.042,44051.81,28.25,14.76,10.214,54.08,3.44,0.0,0.0,1
20250609,180352,25.913143,-80.13795,-1.0,0.0,245.8,0.0,52.6,-0.0,-0.04,-1.07,-11.54,[b'Waypoint'],1.2,-29.3,60925.0,180353.0,31.052,44121.44,28.3,14.76,10.213,53.34,3.39,0.0,0.0,1
20250609,180353,25.913143,-80.13795,-0.9,0.1,243.6,0.0,52.6,-0.06,0.06,-1.01,-9.85,[b'Waypoint'],6.0,-20.9,60925.0,180354.0,31.061,44197.08,28.35,14.76,10.213,52.97,3.37,0.0,0.0,1
20250609,180354,25.913143,-80.137955,-0.9,-0.2,241.8,0.0,52.6,-0.01,-0.03,-1.01,-6.8,[b'Waypoint'],9.5,-17.6,60925.0,180355.0,31.07,44265.5,28.4,14.76,10.212,52.79,3.36,0.0,0.0,1
20250609,180355,25.913141,-80.137955,-1.0,-0.3,239.6,0.0,52.6,-0.04,-0.07,-0.94,-4.98,[b'Waypoint'],12.2,-24.4,60925.0,180356.0,31.079,44277.82,28.41,14.76,10.212,52.62,3.34,0.0,0.0,1
20250609,180357,25.91314,-80.13797,-1.2,-0.9,234.3,0.0,52.6,-0.09,0.13,-0.98,-2.86,[b'Waypoint'],14.0,-14.0,60925.0,180358.0,31.084,44314.43,28.44,14.76,10.212,52.49,3.34,0.0,0.0,1
20250609,180358,25.913137,-80.13797,-1.0,-0.7,231.8,0.0,52.6,0.12,-0.04,-1.02,-3.57,[b'Waypoint'],15.7,-20.5,60925.0,180359.0,31.09,44297.71,28.42,14.76,10.212,52.36,3.33,0.0,0.0,1
20250609,180359,25.913134,-80.13798,-0.4,-0.2,228.4,0.0,52.6,-0.1,0.03,-0.84,-6.05,[b'Waypoint'],21.3,-21.3,60925.0,180400.0,31.092,43864.3,28.11,14.76,10.212,52.24,3.32,0.0,0.0,1
20250609,180400,25.913132,-80.137985,-0.6,-0.8,224.2,0.0,52.6,0.03,0.07,-0.95,-3.83,[b'Waypoint'],17.3,-17.3,60925.0,180401.0,31.092,44297.3,28.42,14.76,10.217,52.1,3.32,0.0,0.0,1
20250609,180401,25.913128,-80.13799,-1.1,-0.5,236.1,0.0,52.6,-0.02,0.01,-1.03,-1.51,[b'Station Ke'],1.7,1.7,60925.0,180402.0,31.091,44122.87,28.3,14.76,10.212,51.98,3.34,0.0,0.0,1
20250609,180403,25.913124,-80.138,-1.0,1.1,236.1,0.0,52.6,-0.03,-0.02,-1.02,-0.95,[b'Station Ke'],0.0,0.0,60925.0,180403.0,31.085,44261.62,28.4,14.76,10.211,51.84,3.29,0.0,0.0,1
20250609,180403,25.91312,-80.138,-0.9,1.5,0.0,0.0,52.6,-0.12,-0.01,-0.97,2.8,[b'Waypoint'],-0.3,64.1,60925.0,180404.0,31.08,44190.4,28.35,14.76,10.212,51.7,3.29,0.0,0.0,1
20250609,180405,25.913118,-80.13801,-1.1,0.1,157.5,0.0,52.6,0.02,-0.06,-1.0,10.18,[b'Waypoint'],-3.2,38.3,60925.0,180405.0,31.071,44291.27,28.42,14.76,10.211,51.53,3.28,0.0,0.0,1
20250609,180407,25.913116,-80.138016,-1.1,0.5,155.0,0.0,52.6,-0.03,0.09,-0.96,-3.03,[b'Waypoint'],-0.3,-57.8,60925.0,180407.0,31.063,44324.22,28.44,14.76,10.21,51.38,3.27,0.0,0.0,1
20250609,180408,25.913115,-80.13802,-0.9,0.7,153.8,0.0,52.6,-0.01,-0.13,-0.94,-11.81,[b'Waypoint'],-5.2,-75.2,60925.0,180408.0,31.051,44292.63,28.42,14.76,10.21,51.13,3.25,0.0,0.0,1
20250609,180409,0.0,0.0,-1.4,1.2,152.7,0.0,52.6,-0.12,-0.12,-1.02,-24.95,[b'Waypoint'],-5.4,-73.6,60925.0,180409.0,31.04,43550.09,27.89,14.76,10.211,50.82,3.23,0.0,0.0,1
20250609,180410,25.913109,-80.13802,-1.3,-0.3,151.7,0.0,52.6,-0.06,0.05,-1.08,-17.05,[b'Waypoint'],-3.4,-42.8,60925.0,180410.0,31.027,44334.59,28.45,14.76,10.209,46.89,2.99,0.0,0.0,1
20250609,180411,25.913107,-80.13802,-0.9,0.4,151.1,0.0,52.6,-0.02,-0.05,-1.02,-14.33,[b'Waypoint'],-0.2,-32.8,60925.0,180411.0,31.015,44201.72,28.36,14.76,10.21,46.29,2.94,0.0,0.0,1
20250609,180412,25.913105,-80.13802,-0.9,0.2,150.8,0.0,52.6,0.07,-0.04,-0.98,-12.1,[b'Waypoint'],6.1,-19.5,60925.0,180412.0,31.002,44395.96,28.5,14.76,10.209,45.85,2.92,0.0,0.0,1
20250609,180413,25.913103,-80.13802,-0.7,0.4,150.6,0.0,52.6,-0.01,0.01,-0.97,-8.32,[b'Waypoint'],7.5,-7.5,60925.0,180413.0,30.993,44407.5,28.51,14.76,10.209,45.7,2.91,0.0,0.0,1
20250609,180414,25.913101,-80.13802,-1.1,0.1,150.4,0.0,52.6,-0.03,0.01,-0.99,-6.38,[b'Waypoint'],18.0,0.6,60925.0,180414.0,30.984,44392.96,28.5,14.76,10.209,45.49,2.89,0.0,0.0,1
20250609,180415,25.9131,-80.138016,-0.5,0.1,146.2,0.0,52.6,-0.06,-0.0,-1.0,-5.6,[b'Waypoint'],19.0,-9.8,60925.0,180416.0,30.977,44392.45,28.5,14.76,10.209,45.34,2.88,0.0,0.0,1
20250609,180417,25.913094,-80.138016,-0.5,-0.1,147.2,0.0,52.6,-0.09,0.02,-1.03,-2.05,[b'Waypoint'],24.0,-11.4,60925.0,180417.0,30.971,44388.95,28.49,14.76,10.209,45.17,2.87,0.0,0.0,1
20250609,180418,25.91309,-80.13801,-0.8,-0.0,151.4,0.0,52.6,0.12,-0.04,-1.02,-0.68,[b'Waypoint'],23.0,-2.2,60925.0,180418.0,30.965,44379.46,28.49,14.76,10.209,45.03,2.87,0.0,0.0,1
20250609,180419,25.913084,-80.13801,-0.1,-0.0,154.7,0.0,52.6,-0.02,0.01,-0.95,-0.87,[b'Waypoint'],25.1,0.5,60925.0,180419.0,30.961,44373.23,28.48,14.76,10.209,44.87,2.86,0.0,0.0,1
20250609,180420,25.91308,-80.138,-1.1,-0.1,146.2,0.0,52.6,-0.08,0.05,-0.93,-1.3,[b'Waypoint'],23.6,-4.3,60925.0,180420.0,30.957,44363.32,28.48,14.76,10.209,44.72,2.85,0.0,0.0,1
20250609,180421,25.913074,-80.13799,-1.5,-0.3,152.9,0.0,52.6,-0.01,0.02,-1.05,0.76,[b'Waypoint'],24.6,-3.6,60925.0,180421.0,30.953,44347.22,28.46,14.76,10.209,44.61,2.84,0.0,0.0,1
20250609,180422,25.91307,-80.13799,-1.4,-0.2,154.0,0.0,52.6,-0.03,0.03,-1.04,0.1,[b'Waypoint'],20.0,4.2,60925.0,180422.0,30.95,44342.1,28.46,14.76,10.209,44.49,2.83,0.0,0.0,1
20250609,180423,25.913065,-80.137985,-1.9,-0.3,148.7,0.0,52.6,-0.05,-0.01,-1.06,0.25,[b'Waypoint'],23.0,-6.0,60925.0,180423.0,30.947,44336.02,28.46,14.76,10.209,44.39,2.83,0.0,0.0,1
20250609,180424,25.91306,-80.137985,-1.9,-0.3,150.1,0.0,52.6,-0.03,-0.01,-1.06,0.51,[b'Waypoint'],23.0,-5.1,60925.0,180425.0,30.943,44316.2,28.44,14.76,10.209,44.3,2.82,0.0,0.0,1
20250609,180426,25.913048,-80.13797,-1.1,-0.2,149.7,0.0,52.6,0.03,-0.04,-1.05,-0.4,[b'Waypoint'],24.0,-2.2,60925.0,180426.0,30.938,44289.45,28.42,14.76,10.209,44.18,2.81,0.0,0.0,1
20250609,180427,25.913042,-80.13797,-1.6,-0.1,149.1,0.0,52.6,0.01,-0.02,-1.04,0.08,[b'Waypoint'],24.0,-4.6,60925.0,180427.0,30.935,44265.54,28.41,14.76,10.209,43.98,2.8,0.0,0.0,1
20250609,180428,25.913036,-80.13796,-1.0,-0.1,154.0,0.0,52.6,-0.05,0.03,-1.02,0.39,[b'Waypoint'],21.0,3.7,60925.0,180428.0,30.93,44207.59,28.36,14.76,10.21,43.81,2.79,0.0,0.0,1
20250609,180429,25.91303,-80.137955,-1.2,-0.1,152.0,0.0,52.6,0.01,0.04,-1.04,-0.08,[b'Waypoint'],22.0,1.9,60925.0,180429.0,30.925,44182.28,28.35,14.76,10.21,43.69,2.78,0.0,0.0,1
20250609,180430,25.913025,-80.137955,-1.8,-0.2,152.1,0.0,52.6,-0.03,0.01,-1.1,-0.18,[b'Waypoint'],22.0,0.9,60925.0,180430.0,30.92,44134.22,28.31,14.76,10.209,43.58,2.78,0.0,0.0,1
20250609,180431,25.91302,-80.13795,-1.8,-0.2,147.4,0.0,52.6,-0.03,0.01,-1.1,-0.18,[b'Waypoint'],24.0,-5.1,60925.0,180432.0,30.916,43408.11,27.79,14.76,10.21,43.51,2.77,0.0,0.0,1
20250609,180432,25.913013,-80.13795,-0.7,-0.0,154.1,0.0,52.6,-0.0,0.02,-1.03,-0.04,[b'Waypoint'],21.0,7.5,60925.0,180433.0,30.911,44303.18,28.43,14.76,10.209,43.47,2.77,0.0,0.0,1
20250609,180434,25.913002,-80.13793,-0.8,-0.2,145.6,0.0,52.6,-0.04,0.07,-0.96,-0.34,[b'Waypoint'],23.0,-10.7,60925.0,180434.0,30.907,43723.92,28.02,14.76,10.209,43.47,2.77,0.0,0.0,1
20250609,180435,25.912994,-80.13793,-1.0,-0.3,150.5,0.0,52.6,-0.03,0.01,-1.02,-0.6,[b'Waypoint'],23.0,2.2,60925.0,180435.0,30.905,44281.85,28.42,14.76,10.209,43.5,2.77,0.0,0.0,1
20250609,180436,25.912989,-80.137924,-1.3,-0.4,152.7,0.0,52.6,0.02,-0.05,-1.03,0.58,[b'Waypoint'],22.0,2.9,60925.0,180436.0,30.902,44236.2,28.39,14.76,10.21,43.57,2.78,0.0,0.0,1
20250609,180437,25.912983,-80.13792,-1.9,-0.3,147.6,0.0,52.6,-0.04,-0.0,-1.13,0.58,[b'Waypoint'],22.6,5.0,60925.0,180437.0,30.901,44133.09,28.31,14.76,10.21,43.68,2.79,0.0,0.0,1
20250609,180438,25.912977,-80.13792,-1.3,-0.3,149.1,0.0,52.6,-0.05,-0.02,-1.05,1.0,[b'Station Ke'],3.3,-3.3,60925.0,180438.0,30.901,44079.81,28.27,14.76,10.21,43.84,2.8,0.0,0.0,1
20250609,180439,25.912971,-80.13791,-0.4,-0.1,149.1,0.0,52.6,-0.02,0.0,-0.97,-0.06,[b'Station Ke'],-0.3,-3.6,60925.0,180440.0,30.9,44093.14,28.28,14.76,10.211,44.01,2.81,0.0,0.0,1
20250609,180441,25.912968,-80.1379,-0.8,-0.1,149.9,0.0,52.6,0.01,-0.01,-0.96,-0.52,[b'Station Ke'],-0.5,-36.6,60925.0,180441.0,30.898,44154.63,28.33,14.76,10.21,44.18,2.82,0.0,0.0,1
20250609,180441,25.912964,-80.1379,-1.1,0.1,148.1,0.0,52.6,0.02,0.08,-0.98,-8.54,[b'Waypoint'],-0.7,-66.5,60925.0,180442.0,30.897,44527.18,28.59,14.76,10.211,44.45,2.83,0.0,0.0,1
20250609,180443,25.912958,-80.137886,-1.0,0.1,0.0,0.0,52.6,-0.03,-0.01,-0.96,-9.6,[b'Waypoint'],-0.4,-46.3,60925.0,180443.0,30.894,44199.0,28.36,14.76,10.211,44.71,2.86,0.0,0.0,1
20250609,180444,25.912956,-80.137886,-1.0,0.1,128.1,0.0,52.6,0.02,0.04,-0.98,-9.17,[b'Waypoint'],0.0,0.0,60925.0,180444.0,30.892,44347.27,28.47,14.76,10.211,44.95,2.89,0.0,0.0,1
20250609,180445,25.912956,-80.13788,-1.2,0.1,131.0,0.0,52.6,-0.02,0.0,-1.0,-3.5,[b'Waypoint'],0.0,27.6,60925.0,180445.0,30.888,44382.13,28.49,14.76,10.209,45.23,2.88,0.0,0.0,1
20250609,180446,25.912956,-80.13788,-1.0,-0.0,135.2,0.0,52.6,-0.08,0.07,-1.0,3.79,[b'Waypoint'],4.5,59.5,60925.0,180446.0,30.884,44387.03,28.49,14.76,10.209,45.45,2.9,0.0,0.0,1
20250609,180447,25.912954,-80.13787,-1.0,-0.6,131.7,0.0,52.6,-0.02,0.0,-0.99,8.04,[b'Waypoint'],7.9,7.9,60925.0,180448.0,30.881,44391.85,28.5,14.76,10.208,45.77,2.92,0.0,0.0,1
20250609,180448,25.912952,-80.13786,-0.8,-0.4,120.4,0.0,52.6,-0.0,-0.02,-1.0,3.96,[b'Waypoint'],23.0,-13.1,60925.0,180449.0,30.878,44385.09,28.49,14.76,10.208,45.98,2.93,0.0,0.0,1
20250609,180449,25.91295,-80.13786,-1.1,-0.2,122.3,0.0,52.6,-0.09,0.08,-0.99,0.85,[b'Waypoint'],24.0,-7.9,60925.0,180450.0,30.874,44388.63,28.5,14.76,10.208,46.29,2.95,0.0,0.0,1
20250609,180450,25.912949,-80.137856,-1.4,-0.1,123.9,0.0,52.6,-0.02,-0.02,-1.07,0.08,[b'Waypoint'],24.0,4.3,60925.0,180452.0,30.868,44381.57,28.49,14.76,10.208,46.74,2.98,0.0,0.0,1
20250609,180453,25.912941,-80.13784,-1.1,-0.4,122.8,0.0,52.6,-0.02,0.0,-0.98,-0.41,[b'Station Ke'],-0.1,1.9,60925.0,180453.0,30.867,44379.96,28.49,14.76,10.208,47.01,3.0,0.0,0.0,1
20250609,180454,25.91294,-80.13783,-1.6,-0.2,0.0,0.0,52.6,-0.04,-0.0,-1.04,0.11,[b'Waypoint'],-0.7,-27.3,60925.0,180454.0,30.866,44389.54,28.5,14.76,10.208,47.28,3.01,0.0,0.0,1
20250609,180455,25.912937,-80.13783,-1.0,-0.7,168.5,0.0,52.6,-0.05,0.07,-0.96,-3.63,[b'Waypoint'],-1.5,-6.7,60925.0,180455.0,30.865,44391.85,28.5,14.76,10.208,47.53,3.03,0.0,0.0,1
20250609,180456,25.912935,-80.137825,-1.2,-0.5,169.5,0.0,52.6,-0.02,0.01,-1.02,-2.22,[b'Waypoint'],-5.6,5.6,60925.0,180456.0,30.866,44403.04,28.51,14.76,10.208,47.82,3.05,0.0,0.0,1
20250609,180457,25.912933,-80.13782,-0.9,-0.6,170.5,0.0,52.6,-0.05,0.02,-0.95,3.3,[b'Waypoint'],-0.9,70.9,60925.0,180458.0,30.867,44408.4,28.51,14.76,10.208,48.1,3.07,0.0,0.0,1
20250609,180458,0.0,0.0,-1.4,-0.8,171.3,0.0,52.6,0.11,-0.23,-1.02,13.82,[b'Waypoint'],-6.5,60.6,60925.0,180459.0,30.869,44418.53,28.52,14.76,10.208,48.43,3.09,0.0,0.0,1
20250609,180459,25.91293,-80.13782,-1.4,-0.3,172.2,0.0,52.6,0.02,-0.06,-1.05,11.73,[b'Waypoint'],4.4,13.1,60925.0,180500.0,30.871,44428.91,28.53,14.76,10.208,48.73,3.11,0.0,0.0,1
20250609,180500,25.912926,-80.13781,-1.2,-0.4,172.7,0.0,52.6,-0.01,0.0,-1.01,9.05,[b'Waypoint'],10.9,13.1,60925.0,180501.0,30.872,44443.07,28.54,14.76,10.208,49.08,3.13,0.0,0.0,1
20250609,180502,25.912922,-80.13781,-1.2,-0.5,173.4,0.0,52.6,-0.02,-0.0,-1.02,5.54,[b'Waypoint'],19.0,4.7,60925.0,180502.0,30.874,44455.03,28.54,14.76,10.207,49.41,3.15,0.0,0.0,1
20250609,180503,25.912918,-80.13781,-1.0,-0.6,175.9,0.0,52.6,-0.01,0.03,-1.01,3.22,[b'Waypoint'],19.0,6.8,60925.0,180503.0,30.876,44453.35,28.54,14.76,10.207,49.69,3.17,0.0,0.0,1
20250609,180504,25.912914,-80.13781,-1.0,-0.4,175.2,0.0,52.6,-0.04,-0.02,-1.01,2.67,[b'Waypoint'],22.0,6.3,60925.0,180504.0,30.877,44464.02,28.55,14.76,10.207,49.98,3.18,0.0,0.0,1
20250609,180505,25.912909,-80.1378,-1.3,-0.4,173.9,0.0,52.6,0.04,0.01,-1.02,2.23,[b'Waypoint'],24.0,4.0,60925.0,180506.0,30.878,44471.98,28.56,14.76,10.207,50.23,3.2,0.0,0.0,1
20250609,180506,25.912903,-80.1378,-2.0,-0.6,178.0,0.0,52.6,-0.07,0.03,-1.09,1.74,[b'Waypoint'],22.0,9.2,60925.0,180507.0,30.879,44464.57,28.55,14.76,10.207,50.49,3.22,0.0,0.0,1
20250609,180507,25.912897,-80.1378,-1.3,-0.5,175.6,0.0,52.6,-0.02,0.06,-1.11,0.51,[b'Waypoint'],24.0,7.4,60925.0,180508.0,30.88,44442.47,28.53,14.76,10.207,50.7,3.23,0.0,0.0,1
20250609,180508,25.91289,-80.1378,-0.7,-0.4,172.6,0.0,52.6,0.0,-0.01,-1.01,0.89,[b'Waypoint'],23.0,1.1,60925.0,180509.0,30.88,44420.53,28.52,14.76,10.207,50.92,3.24,0.0,0.0,1
20250609,180509,25.912884,-80.1378,-0.6,-0.4,169.4,0.0,52.6,0.01,0.03,-0.99,0.35,[b'Waypoint'],21.0,-6.9,60925.0,180510.0,30.881,44402.77,28.51,14.76,10.207,51.08,3.26,0.0,0.0,1
20250609,180511,25.91287,-80.137794,-0.6,-0.3,166.6,0.0,52.6,-0.05,-0.05,-0.97,0.5,[b'Waypoint'],19.0,-13.0,60925.0,180511.0,30.882,44376.89,28.49,14.76,10.207,51.24,3.27,0.0,0.0,1
20250609,180512,25.912863,-80.137794,-0.5,-0.3,176.6,0.0,52.6,-0.03,0.04,-0.98,-0.83,[b'Waypoint'],21.4,4.6,60925.0,180512.0,30.881,44348.16,28.47,14.76,10.207,51.34,3.27,0.0,0.0,1
20250609,180513,25.912855,-80.137794,-0.6,-0.3,168.3,0.0,52.6,0.14,-0.06,-1.05,-0.33,[b'Waypoint'],21.0,-5.7,60925.0,180513.0,30.88,44322.37,28.45,14.76,10.207,51.42,3.28,0.0,0.0,1
20250609,180514,25.91285,-80.137794,-0.4,-0.5,171.1,0.0,52.6,0.01,0.06,-1.01,-0.2,[b'Waypoint'],23.0,-0.5,60925.0,180515.0,30.878,44311.16,28.44,14.76,10.207,51.46,3.28,0.0,0.0,1
20250609,180515,25.912842,-80.13779,-0.6,-0.5,169.6,0.0,52.6,-0.04,0.02,-0.94,-0.25,[b'Waypoint'],22.0,-3.4,60925.0,180516.0,30.872,44264.05,28.41,14.76,10.208,51.5,3.28,0.0,0.0,1
20250609,180516,25.912834,-80.13779,-0.9,-0.5,168.5,0.0,52.6,-0.01,-0.01,-0.98,0.33,[b'Waypoint'],24.7,-2.1,60925.0,180517.0,30.866,44248.96,28.4,14.76,10.207,51.52,3.29,0.0,0.0,1
20250609,180517,25.912827,-80.13779,-1.0,-0.3,174.9,0.0,52.6,-0.04,0.02,-1.01,0.49,[b'Waypoint'],24.0,3.5,60925.0,180518.0,30.857,44215.12,28.37,14.76,10.207,51.53,3.29,0.0,0.0,1
20250609,180518,25.912819,-80.13779,-1.4,-0.5,166.6,0.0,52.6,-0.05,-0.0,-1.06,-0.08,[b'Waypoint'],20.0,-9.9,60925.0,180519.0,30.848,44188.67,28.35,14.76,10.208,51.54,3.29,0.0,0.0,1
20250609,180520,25.912806,-80.13778,-1.3,-0.6,174.3,0.0,52.6,-0.02,0.0,-1.06,-0.55,[b'Waypoint'],24.0,7.7,60925.0,180520.0,30.837,44194.19,28.36,14.76,10.208,51.55,3.29,0.0,0.0,1
20250609,180521,25.912798,-80.13778,-0.8,-0.2,171.9,0.0,52.6,0.02,-0.04,-1.02,0.08,[b'Waypoint'],23.0,-1.6,60925.0,180521.0,30.826,44193.54,28.36,14.76,10.208,51.59,3.29,0.0,0.0,1
20250609,180522,25.91279,-80.13778,-1.0,-0.7,171.6,0.0,52.6,-0.02,-0.03,-0.99,1.68,[b'Waypoint'],25.8,-5.2,60925.0,180523.0,30.816,44204.43,28.37,14.76,10.208,51.69,3.3,0.0,0.0,1
20250609,180523,25.912783,-80.13777,-1.4,-0.5,175.0,0.0,52.6,-0.04,0.0,-1.01,-0.47,[b'Station Ke'],0.0,0.0,60925.0,180524.0,30.808,44192.88,28.36,14.76,10.208,51.87,3.31,0.0,0.0,1
20250609,180525,25.912777,-80.13777,-2.2,-0.5,175.0,0.0,52.6,-0.04,0.01,-1.06,-0.02,[b'Station Ke'],-0.1,2.1,60925.0,180525.0,30.801,44203.98,28.37,14.76,10.208,56.9,3.63,0.0,0.0,1
20250609,180525,25.91277,-80.13777,-2.3,-0.5,0.0,0.0,52.6,-0.03,-0.01,-1.07,-0.15,[b'Waypoint'],-0.6,-31.8,60925.0,180526.0,30.795,44211.2,28.37,14.76,10.208,59.16,3.78,0.0,0.0,1
20250609,180527,25.912766,-80.13777,-2.0,-0.5,176.0,0.0,52.6,-0.05,0.01,-1.06,-0.39,[b'Station Ke'],0.0,0.0,60925.0,180527.0,30.792,44238.86,28.39,14.76,10.208,60.95,3.89,0.0,0.0,1
20250609,180527,25.91276,-80.13777,-1.2,-0.3,0.0,0.0,52.6,-0.01,-0.01,-1.01,0.64,[b'Waypoint'],-0.5,-35.8,60925.0,180528.0,30.793,44286.45,28.43,14.76,10.208,62.13,3.97,0.0,0.0,1
20250609,180528,25.912756,-80.13777,-0.0,-0.3,236.7,0.0,52.6,0.02,0.04,-0.94,-2.56,[b'Waypoint'],0.0,0.0,60925.0,180529.0,30.799,44318.73,28.45,14.76,10.208,67.27,4.29,0.0,0.0,1
20250609,180530,25.912748,-80.137764,-1.4,-0.6,241.1,0.0,52.6,0.02,0.08,-1.08,2.67,[b'Waypoint'],-2.7,72.7,60925.0,180530.0,30.808,44356.77,28.48,14.76,10.207,70.1,4.47,0.0,0.0,1
20250609,180531,25.912745,-80.137764,-1.4,-1.4,243.5,0.0,52.6,0.36,-0.16,-1.1,17.3,[b'Waypoint'],-5.5,71.8,60925.0,180532.0,30.82,44423.05,28.52,14.76,10.207,72.77,4.64,0.0,0.0,1
20250609,180532,25.91274,-80.13777,-1.2,-0.8,245.6,0.0,52.6,-0.12,-0.08,-0.98,15.1,[b'Waypoint'],-2.4,30.5,60925.0,180533.0,30.831,44481.41,28.56,14.76,10.207,73.81,4.71,0.0,0.0,1
20250609,180533,25.912739,-80.13777,-0.8,-0.8,246.7,0.0,52.6,-0.01,0.02,-0.99,10.92,[b'Waypoint'],3.2,15.7,60925.0,180534.0,30.849,44543.81,28.61,14.76,10.206,75.39,4.8,0.0,0.0,1
20250609,180534,25.912737,-80.13777,-1.1,-0.6,247.7,0.0,52.6,-0.04,0.01,-1.03,8.62,[b'Waypoint'],9.4,18.0,60925.0,180535.0,30.867,44609.66,28.66,14.76,10.206,76.36,4.86,0.0,0.0,1
20250609,180535,25.912735,-80.13777,-1.1,-0.5,248.4,0.0,52.6,-0.02,0.0,-1.04,6.55,[b'Waypoint'],9.2,9.2,60925.0,180536.0,30.882,44655.82,28.69,14.76,10.206,77.41,4.93,0.0,0.0,1
20250609,180536,25.912733,-80.13778,-0.6,-0.4,249.0,0.0,52.6,0.03,0.0,-1.01,7.98,[b'Waypoint'],18.0,9.1,60925.0,180537.0,30.898,44690.82,28.71,14.76,10.206,81.65,5.2,0.0,0.0,1
20250609,180537,25.912731,-80.13778,-0.2,0.3,251.0,0.0,52.6,-0.02,0.06,-0.98,3.41,[b'Waypoint'],19.0,13.5,60925.0,180538.0,30.911,45044.18,28.97,14.76,10.206,82.53,5.25,0.0,0.0,1
20250609,180539,25.912727,-80.137794,-1.0,-1.8,244.8,0.0,52.6,-0.01,0.02,-0.98,2.69,[b'Waypoint'],24.0,4.4,60925.0,180540.0,30.926,44928.21,28.88,14.76,10.214,83.12,5.29,0.0,0.0,1
20250609,180540,25.912724,-80.137794,-0.6,-0.8,240.6,0.0,52.6,-0.07,0.0,-0.99,2.85,[b'Waypoint'],23.4,-9.3,60925.0,180541.0,30.937,44752.72,28.76,14.76,10.205,83.43,5.3,0.0,0.0,1
20250609,180541,25.912722,-80.1378,-0.6,1.5,243.2,0.0,52.6,-0.05,-0.0,-1.04,-0.78,[b'Waypoint'],25.0,2.5,60925.0,180542.0,30.94,43758.84,28.04,14.76,10.205,83.48,5.32,0.0,0.0,1
20250609,180543,25.912718,-80.13781,-0.8,1.2,250.6,0.0,52.6,-0.01,-0.05,-1.04,2.14,[b'Waypoint'],24.0,13.8,60925.0,180543.0,30.938,44042.29,28.25,14.76,10.205,83.29,5.34,0.0,0.0,1
20250609,180543,25.912716,-80.13782,-1.0,1.2,251.4,0.0,52.6,-0.06,0.0,-1.04,1.47,[b'Waypoint'],24.0,16.1,60925.0,180544.0,30.932,43844.98,28.1,14.76,10.207,82.73,5.27,0.0,0.0,1
20250609,180545,25.912714,-80.137825,-1.0,1.5,250.7,0.0,52.6,-0.03,-0.04,-1.02,1.5,[b'Station Ke'],4.9,4.9,60925.0,180545.0,30.92,43780.95,28.06,14.76,10.212,78.02,4.98,0.0,0.0,1
20250609,180546,25.91271,-80.137825,-0.9,-0.5,0.0,0.0,52.6,-0.01,-0.01,-0.96,0.17,[b'Waypoint'],-0.5,35.7,60925.0,180546.0,30.906,43720.48,28.02,14.76,10.211,75.85,4.85,0.0,0.0,1
20250609,180548,25.912706,-80.13784,-0.7,-1.5,0.0,0.0,52.6,-0.02,0.03,-0.98,2.49,[b'Standby'],0.0,0.0,60925.0,180548.0,30.887,44108.59,28.3,14.76,10.21,73.76,4.71,0.0,0.0,1
20250609,180549,25.912706,-80.13784,-0.4,-1.2,0.0,0.0,52.6,0.05,0.01,-0.98,1.49,[b'Waypoint'],-0.5,39.3,60925.0,180549.0,30.863,44307.78,28.44,14.76,10.208,72.74,4.64,0.0,0.0,1
20250609,180550,25.912704,-80.13785,-0.5,-2.1,159.5,0.0,52.6,-0.09,0.11,-0.94,6.21,[b'Waypoint'],-0.4,40.8,60925.0,180550.0,30.847,44411.29,28.51,14.76,10.207,71.88,4.58,0.0,0.0,1
20250609,180551,25.912704,-80.137856,-1.4,-0.4,159.4,0.0,52.6,-0.03,0.02,-1.02,4.79,[b'Waypoint'],0.0,0.0,60925.0,180551.0,30.823,44462.94,28.55,14.76,10.207,71.08,4.53,0.0,0.0,1
20250609,180552,25.912704,-80.137856,-0.8,0.5,159.0,0.0,52.6,-0.08,-0.0,-0.98,-0.86,[b'Waypoint'],-0.4,-57.8,60925.0,180552.0,30.799,44436.95,28.53,14.76,10.207,70.41,4.49,0.0,0.0,1
20250609,180553,25.912704,-80.13786,-0.3,0.4,158.8,0.0,52.6,0.03,-0.04,-1.05,-14.02,[b'Waypoint'],-5.2,-75.2,60925.0,180553.0,30.778,43502.23,27.86,14.76,10.216,65.99,4.22,0.0,0.0,1
20250609,180554,25.9127,-80.13786,-0.7,1.0,158.4,0.0,52.6,-0.03,-0.09,-0.87,-24.81,[b'Waypoint'],-5.2,-75.2,60925.0,180554.0,30.762,44619.83,28.67,14.76,10.206,64.71,4.17,0.0,0.0,1
20250609,180556,25.912695,-80.13787,-1.4,-0.4,158.0,0.0,52.6,-0.02,0.05,-0.98,-15.18,[b'Waypoint'],-2.0,-29.2,60925.0,180556.0,30.74,44659.32,28.69,14.76,10.209,63.45,4.05,0.0,0.0,1
20250609,180557,25.912693,-80.13787,-1.7,-0.7,157.9,0.0,52.6,-0.02,0.03,-1.03,-11.24,[b'Waypoint'],2.0,-17.9,60925.0,180557.0,30.725,44682.36,28.71,14.76,10.206,63.05,4.02,0.0,0.0,1
20250609,180558,25.91269,-80.13787,-1.3,-0.4,157.8,0.0,52.6,-0.02,0.01,-1.0,-7.98,[b'Waypoint'],9.7,-14.1,60925.0,180558.0,30.715,44683.96,28.71,14.76,10.205,62.6,3.99,0.0,0.0,1
20250609,180559,25.912687,-80.13786,-1.3,-0.4,157.7,0.0,52.6,-0.02,0.01,-1.0,-7.98,[b'Waypoint'],14.0,-9.1,60925.0,180559.0,30.709,44681.35,28.71,14.76,10.205,62.17,3.97,0.0,0.0,1
20250609,180600,25.912683,-80.13786,-1.6,-0.1,157.6,0.0,52.6,-0.03,-0.06,-1.04,-2.88,[b'Waypoint'],16.0,-6.9,60925.0,180600.0,30.705,44684.37,28.71,14.76,10.205,61.84,3.95,0.0,0.0,1
20250609,180601,25.912682,-80.13786,-1.3,-0.3,148.9,0.0,52.6,0.03,0.04,-1.02,-4.28,[b'Waypoint'],16.5,-16.5,60925.0,180601.0,30.7,44691.09,28.72,14.76,10.205,61.51,3.93,0.0,0.0,1
20250609,180602,25.912678,-80.13786,-1.0,-0.0,153.9,0.0,52.6,-0.17,0.12,-0.97,-2.97,[b'Waypoint'],20.0,-8.9,60925.0,180602.0,30.697,44692.86,28.72,14.76,10.205,61.25,3.91,0.0,0.0,1
20250609,180603,25.912672,-80.13786,-0.9,0.1,153.7,0.0,52.6,-0.06,0.01,-0.95,-3.62,[b'Waypoint'],22.0,-1.1,60925.0,180603.0,30.691,44688.0,28.72,14.76,10.205,60.98,3.89,0.0,0.0,1
20250609,180604,25.912668,-80.137856,0.2,-0.1,152.7,0.0,52.6,0.03,0.02,-0.99,-1.09,[b'Waypoint'],24.2,-4.5,60925.0,180605.0,30.687,44681.38,28.71,14.76,10.205,60.78,3.88,0.0,0.0,1
20250609,180605,25.912664,-80.137856,-0.2,-0.0,154.6,0.0,52.6,-0.02,0.01,-0.97,-1.8,[b'Waypoint'],24.0,-1.0,60925.0,180606.0,30.682,44673.63,28.71,14.76,10.205,60.52,3.86,0.0,0.0,1
20250609,180607,25.912653,-80.13785,-0.5,-0.0,161.5,0.0,52.6,-0.04,0.01,-1.0,-1.52,[b'Waypoint'],21.0,13.2,60925.0,180607.0,30.678,44663.88,28.7,14.76,10.206,60.37,3.85,0.0,0.0,1
20250609,180608,25.912647,-80.13784,-1.5,-0.4,161.5,0.0,52.6,-0.04,0.03,-1.07,0.58,[b'Waypoint'],21.0,5.4,60925.0,180608.0,30.672,44654.06,28.69,14.76,10.205,60.18,3.84,0.0,0.0,1
20250609,180609,25.912642,-80.13784,-1.8,-0.4,150.8,0.0,52.6,0.0,-0.0,-1.11,-0.71,[b'Waypoint'],24.0,-5.1,60925.0,180609.0,30.668,44641.8,28.68,14.76,10.205,60.1,3.84,0.0,0.0,1
20250609,180610,25.912636,-80.13783,-1.1,-0.2,164.7,0.0,52.6,-0.02,-0.08,-1.07,-1.18,[b'Waypoint'],20.4,20.4,60925.0,180610.0,30.663,44586.01,28.64,14.76,10.206,59.77,3.82,0.0,0.0,1
20250609,180611,25.912628,-80.13783,-0.2,-0.0,161.8,0.0,52.6,-0.03,0.03,-0.94,0.89,[b'Waypoint'],20.0,9.0,60925.0,180611.0,30.66,44565.05,28.63,14.76,10.206,59.66,3.81,0.0,0.0,1
20250609,180612,25.912622,-80.137825,-0.6,0.0,156.2,0.0,52.6,0.01,-0.06,-0.95,1.09,[b'Waypoint'],23.0,-5.5,60925.0,180613.0,30.654,44532.5,28.61,14.76,10.206,59.65,3.81,0.0,0.0,1
20250609,180613,25.912617,-80.137825,-1.3,-0.1,158.4,0.0,52.6,-0.04,0.03,-0.94,-0.07,[b'Waypoint'],22.0,4.2,60925.0,180614.0,30.65,44510.57,28.59,14.76,10.206,64.14,4.1,0.0,0.0,1
20250609,180615,25.912603,-80.13782,-0.9,-0.1,158.3,0.0,52.6,0.06,-0.02,-1.01,-0.45,[b'Waypoint'],23.0,6.4,60925.0,180615.0,30.647,44501.21,28.58,14.76,10.207,65.53,4.19,0.0,0.0,1
20250609,180616,25.912598,-80.13781,-1.1,-0.3,159.2,0.0,52.6,-0.02,0.04,-0.97,0.77,[b'Waypoint'],22.3,3.8,60925.0,180616.0,30.647,44490.0,28.58,14.76,10.207,67.43,4.31,0.0,0.0,1
20250609,180617,25.91259,-80.13781,-1.1,-0.2,162.4,0.0,52.6,0.02,-0.03,-1.04,-0.24,[b'Waypoint'],25.4,-0.3,60925.0,180617.0,30.647,44481.13,28.57,14.76,10.207,68.08,4.35,0.0,0.0,1
20250609,180618,25.912584,-80.1378,-1.6,-0.2,152.1,0.0,52.6,-0.09,0.01,-0.98,-1.1,[b'Waypoint'],23.0,-5.0,60925.0,180618.0,30.649,44460.19,28.55,14.76,10.207,69.45,4.44,0.0,0.0,1
20250609,180619,25.912579,-80.137794,-1.5,-0.3,153.7,0.0,52.6,-0.02,0.02,-1.0,-0.44,[b'Waypoint'],26.3,-0.4,60925.0,180619.0,30.652,44451.54,28.55,14.76,10.207,70.24,4.49,0.0,0.0,1
20250609,180620,25.91257,-80.137794,-1.3,-0.2,163.8,0.0,52.6,-0.04,0.04,-1.05,1.54,[b'Waypoint'],20.0,14.7,60925.0,180621.0,30.658,44407.16,28.52,14.76,10.208,71.13,4.55,0.0,0.0,1
20250609,180621,25.912565,-80.13779,-0.6,-0.2,159.0,0.0,52.6,-0.01,0.04,-0.94,1.15,[b'Waypoint'],23.0,0.2,60925.0,180622.0,30.662,44422.28,28.53,14.76,10.208,75.04,4.8,0.0,0.0,1
20250609,180622,25.912558,-80.13779,-0.9,-0.2,147.4,0.0,52.6,-0.03,-0.07,-0.97,-0.54,[b'Waypoint'],20.0,-19.2,60925.0,180623.0,30.669,44463.95,28.56,14.76,10.208,76.26,4.88,0.0,0.0,1
20250609,180624,25.912544,-80.13778,-1.5,-0.4,159.3,0.0,52.6,-0.01,0.02,-1.01,0.99,[b'Waypoint'],22.0,1.2,60925.0,180624.0,30.673,44493.99,28.58,14.76,10.208,76.95,4.92,0.0,0.0,1
20250609,180625,25.912539,-80.13777,-1.5,-0.1,154.5,0.0,52.6,0.02,-0.06,-1.05,-1.54,[b'Waypoint'],24.0,-0.7,60925.0,180625.0,30.679,44452.48,28.55,14.76,10.208,77.4,4.95,0.0,0.0,1
20250609,180626,25.91253,-80.13777,-1.8,-0.3,152.6,0.0,52.6,-0.04,-0.05,-1.09,0.1,[b'Waypoint'],23.0,-7.1,60925.0,180626.0,30.682,44495.04,28.58,14.76,10.208,77.78,4.97,0.0,0.0,1
20250609,180627,25.912525,-80.137764,-2.1,-0.3,159.1,0.0,52.6,-0.03,0.02,-1.09,0.88,[b'Waypoint'],23.0,5.8,60925.0,180627.0,30.687,44474.84,28.56,14.76,10.208,78.1,4.99,0.0,0.0,1
20250609,180628,25.91252,-80.137764,-2.4,-0.2,147.6,0.0,52.6,-0.0,0.11,-1.02,-1.18,[b'Waypoint'],20.0,-10.5,60925.0,180628.0,30.688,44412.43,28.52,14.76,10.208,78.33,5.01,0.0,0.0,1
20250609,180629,25.912512,-80.13776,-1.9,-0.2,157.8,0.0,52.6,-0.03,0.05,-1.08,0.29,[b'Waypoint'],23.0,6.9,60925.0,180630.0,30.687,44362.84,28.48,14.76,10.208,78.55,5.02,0.0,0.0,1
20250609,180630,25.912506,-80.13775,-0.5,0.0,156.1,0.0,52.6,0.01,-0.14,-1.0,0.43,[b'Waypoint'],24.0,1.9,60925.0,180631.0,30.686,44351.99,28.48,14.76,10.208,78.69,5.03,0.0,0.0,1
20250609,180631,25.9125,-80.13775,-0.9,-0.1,156.2,0.0,52.6,-0.03,-0.06,-1.0,0.49,[b'Waypoint'],24.0,3.5,60925.0,180632.0,30.683,44384.91,28.5,14.76,10.208,78.87,5.04,0.0,0.0,1
20250609,180632,25.912493,-80.13774,-1.5,-0.2,155.7,0.0,52.6,-0.03,0.02,-1.04,0.76,[b'Waypoint'],24.0,-3.9,60925.0,180633.0,30.679,44351.5,28.48,14.76,10.208,78.97,5.05,0.0,0.0,1
20250609,180634,25.912481,-80.13773,-0.7,-0.1,156.2,0.0,52.6,-0.07,0.09,-0.97,0.44,[b'Waypoint'],24.0,-0.9,60925.0,180634.0,30.674,44404.43,28.51,14.76,10.208,79.08,5.06,0.0,0.0,1
20250609,180635,25.912474,-80.13773,-0.3,-0.0,159.6,0.0,52.6,0.03,-0.06,-0.96,-0.73,[b'Waypoint'],22.0,8.6,60925.0,180635.0,30.67,44389.25,28.5,14.76,10.209,79.14,5.06,0.0,0.0,1
20250609,180636,25.912468,-80.137726,-0.3,0.1,154.3,0.0,52.6,-0.02,0.04,-0.92,-0.6,[b'Waypoint'],24.0,-2.5,60925.0,180636.0,30.664,44395.04,28.51,14.76,10.208,79.2,5.06,0.0,0.0,1
20250609,180637,25.912462,-80.137726,-0.6,-0.0,154.6,0.0,52.6,-0.06,-0.08,-0.95,0.66,[b'Waypoint'],24.0,-3.5,60925.0,180637.0,30.658,44386.89,28.5,14.76,10.209,79.29,5.07,0.0,0.0,1
20250609,180638,25.912455,-80.13772,-0.8,0.0,156.1,0.0,52.6,-0.06,-0.08,-0.95,0.66,[b'Waypoint'],24.0,-0.2,60925.0,180639.0,30.653,44430.16,28.53,14.76,10.209,79.45,5.08,0.0,0.0,1
20250609,180639,25.912449,-80.13772,-0.7,-0.2,157.0,0.0,52.6,-0.08,0.1,-0.95,-0.12,[b'Waypoint'],24.0,-0.3,60925.0,180640.0,30.647,44401.7,28.51,14.76,10.209,79.55,5.09,0.0,0.0,1
20250609,180640,25.912441,-80.13771,-0.8,-0.2,160.0,0.0,52.6,0.02,-0.07,-1.0,0.6,[b'Waypoint'],22.0,5.2,60925.0,180641.0,30.643,44397.4,28.51,14.76,10.209,79.61,5.09,0.0,0.0,1
20250609,180641,25.912436,-80.13771,-1.2,0.0,153.1,0.0,52.6,-0.08,0.01,-1.0,-0.32,[b'Waypoint'],23.0,-9.7,60925.0,180642.0,30.64,44446.9,28.55,14.76,10.209,79.65,5.09,0.0,0.0,1
20250609,180643,25.912422,-80.137695,-1.0,-0.1,149.2,0.0,52.6,0.06,-0.05,-1.05,0.43,[b'Waypoint'],21.0,-14.0,60925.0,180643.0,30.639,44488.66,28.58,14.76,10.209,79.7,5.1,0.0,0.0,1
20250609,180644,25.912416,-80.137695,-1.0,-0.1,165.4,0.0,52.6,-0.13,0.03,-0.96,-0.94,[b'Waypoint'],23.4,10.3,60925.0,180644.0,30.64,44459.38,28.55,14.76,10.209,79.77,5.1,0.0,0.0,1
20250609,180645,25.912409,-80.13769,-1.6,-0.2,155.6,0.0,52.6,-0.01,-0.03,-1.03,-0.65,[b'Waypoint'],24.0,3.3,60925.0,180645.0,30.645,44425.11,28.53,14.76,10.209,79.92,5.11,0.0,0.0,1
20250609,180646,25.912403,-80.13769,-1.6,-0.2,159.0,0.0,52.6,-0.02,0.03,-1.12,0.94,[b'Waypoint'],23.0,6.0,60925.0,180646.0,30.651,44436.75,28.54,14.76,10.209,80.11,5.12,0.0,0.0,1
20250609,180647,25.912395,-80.13768,-1.2,-0.2,158.0,0.0,52.6,0.09,-0.06,-1.13,0.41,[b'Waypoint'],23.0,2.5,60925.0,180648.0,30.66,44371.02,28.49,14.76,10.209,80.4,5.14,0.0,0.0,1
20250609,180648,25.91239,-80.13768,-0.5,-0.1,153.5,0.0,52.6,-0.04,0.01,-0.97,-0.66,[b'Waypoint'],23.0,-1.3,60925.0,180649.0,30.67,44352.48,28.48,14.76,10.21,83.99,5.37,0.0,0.0,1
20250609,180649,25.912384,-80.13767,-0.9,-0.1,156.5,0.0,52.6,-0.05,-0.06,-0.93,0.03,[b'Waypoint'],24.0,1.8,60925.0,180650.0,30.681,44359.01,28.48,14.76,10.21,84.96,5.43,0.0,0.0,1
20250609,180650,25.912376,-80.137665,-1.2,-0.2,156.8,0.0,52.6,-0.02,-0.02,-1.01,0.69,[b'Waypoint'],24.0,-0.7,60925.0,180651.0,30.693,44336.67,28.46,14.76,10.21,85.19,5.45,0.0,0.0,1
20250609,180652,25.912363,-80.13766,-0.5,-0.2,159.0,0.0,52.6,-0.01,0.04,-0.98,0.96,[b'Waypoint'],23.0,7.5,60925.0,180652.0,30.703,44322.83,28.45,14.76,10.21,85.58,5.47,0.0,0.0,1
20250609,180653,25.912357,-80.13766,-0.6,-0.1,151.8,0.0,52.6,-0.03,0.02,-0.95,0.57,[b'Waypoint'],22.0,-9.6,60925.0,180653.0,30.714,44293.77,28.43,14.76,10.21,85.84,5.49,0.0,0.0,1
20250609,180654,25.912352,-80.13765,-1.7,-0.1,154.1,0.0,52.6,-0.08,0.03,-1.02,0.51,[b'Waypoint'],23.0,-5.7,60925.0,180654.0,30.723,44295.19,28.43,14.76,10.21,86.0,5.5,0.0,0.0,1
20250609,180655,25.912344,-80.13765,-1.9,-0.2,150.0,0.0,52.6,-0.04,0.03,-1.11,0.21,[b'Waypoint'],21.0,-12.1,60925.0,180656.0,30.731,44281.3,28.42,14.76,10.21,86.13,5.5,0.0,0.0,1
20250609,180656,25.912338,-80.13764,-1.0,-0.1,158.1,0.0,52.6,-0.01,0.02,-1.04,0.45,[b'Waypoint'],23.0,2.3,60925.0,180657.0,30.736,44281.63,28.42,14.76,10.211,86.21,5.51,0.0,0.0,1
20250609,180657,25.912333,-80.13764,0.0,-0.1,161.3,0.0,52.6,-0.04,0.04,-0.94,0.6,[b'Waypoint'],22.0,6.9,60925.0,180658.0,30.739,44297.86,28.44,14.76,10.211,86.32,5.52,0.0,0.0,1
20250609,180658,25.912325,-80.137634,-0.3,-0.1,152.0,0.0,52.6,-0.0,-0.02,-0.93,0.77,[b'Waypoint'],22.0,-11.4,60925.0,180659.0,30.742,44324.8,28.45,14.76,10.21,86.43,5.52,0.0,0.0,1
20250609,180659,25.91232,-80.137634,0.2,-0.1,152.1,0.0,52.6,0.02,-0.07,-0.95,0.54,[b'Waypoint'],22.0,-11.2,60925.0,180700.0,30.746,44405.54,28.51,14.76,10.21,86.64,5.53,0.0,0.0,1
20250609,180701,25.912306,-80.13763,-0.9,-0.3,154.6,0.0,52.6,-0.09,0.03,-1.03,0.26,[b'Waypoint'],23.0,-5.4,60925.0,180701.0,30.753,44415.83,28.52,14.76,10.21,86.83,5.54,0.0,0.0,1
20250609,180702,25.912298,-80.13762,-0.7,-0.3,156.6,0.0,52.6,0.02,-0.03,-1.02,-0.27,[b'Waypoint'],24.0,2.6,60925.0,180702.0,30.761,44418.53,28.52,14.76,10.21,90.12,5.75,0.0,0.0,1
20250609,180703,25.912292,-80.13762,-1.3,-0.3,156.7,0.0,52.6,-0.03,0.04,-1.01,-0.04,[b'Waypoint'],24.0,0.2,60925.0,180704.0,30.77,44437.84,28.53,14.76,10.21,91.0,5.81,0.0,0.0,1
20250609,180704,25.912287,-80.13761,-1.3,-0.2,156.1,0.0,52.6,0.0,-0.06,-1.04,0.15,[b'Waypoint'],24.0,-1.2,60925.0,180705.0,30.781,44496.37,28.58,14.76,10.21,91.75,5.86,0.0,0.0,1
20250609,180705,25.91228,-80.13761,-1.1,-0.3,155.1,0.0,52.6,-0.0,-0.06,-1.04,0.2,[b'Waypoint'],24.5,-0.0,60925.0,180706.0,30.791,44525.59,28.6,14.76,10.21,91.98,5.87,0.0,0.0,1
20250609,180706,25.912273,-80.1376,-0.2,-0.3,151.6,0.0,52.6,0.07,-0.04,-1.01,0.18,[b'Waypoint'],22.0,-10.4,60925.0,180707.0,30.804,44602.77,28.65,14.76,10.21,92.48,5.9,0.0,0.0,1
20250609,180707,25.912268,-80.1376,-0.7,-0.3,152.7,0.0,52.6,-0.05,0.03,-0.97,0.11,[b'Waypoint'],22.0,-8.8,60925.0,180708.0,30.816,44622.74,28.67,14.76,10.21,92.8,5.92,0.0,0.0,1
20250609,180708,25.91226,-80.137596,-0.4,-0.1,152.2,0.0,52.6,-0.07,0.05,-0.96,-0.03,[b'Waypoint'],22.0,-7.6,60925.0,180709.0,30.826,44643.67,28.68,14.76,10.21,92.96,5.92,0.0,0.0,1
20250609,180710,25.912247,-80.13759,-1.6,-0.2,158.2,0.0,52.6,-0.04,0.06,-1.02,0.52,[b'Waypoint'],24.0,4.8,60925.0,180710.0,30.836,44649.22,28.68,14.76,10.21,93.14,5.93,0.0,0.0,1
20250609,180711,25.912241,-80.13758,-2.6,-0.3,156.4,0.0,52.6,-0.11,0.02,-1.11,-0.34,[b'Waypoint'],24.0,-0.2,60925.0,180711.0,30.843,44639.9,28.68,14.76,10.21,93.23,5.94,0.0,0.0,1
20250609,180712,25.912233,-80.13758,-2.2,-0.4,158.0,0.0,52.6,-0.08,0.02,-1.09,-1.26,[b'Waypoint'],22.8,7.4,60925.0,180713.0,30.846,44772.72,28.77,14.76,10.219,93.33,5.98,0.0,0.0,1
20250609,180713,25.912228,-80.13757,-0.9,-0.1,153.0,0.0,52.6,-0.08,0.07,-1.03,0.18,[b'Waypoint'],24.2,-3.8,60925.0,180714.0,30.846,43843.57,28.11,14.76,10.206,93.41,5.94,0.0,0.0,1
20250609,180714,25.912222,-80.13757,0.1,-0.0,166.9,0.0,52.6,0.01,-0.07,-0.9,0.33,[b'Waypoint'],19.0,19.0,60925.0,180715.0,30.842,45008.47,28.94,14.76,10.212,93.46,5.96,0.0,0.0,1
20250609,180715,25.912216,-80.137566,0.2,-0.2,157.3,0.0,52.6,-0.04,0.01,-0.88,0.79,[b'Waypoint'],24.0,0.7,60925.0,180716.0,30.836,44464.91,28.55,14.76,10.209,93.48,5.95,0.0,0.0,1
20250609,180716,25.912209,-80.137566,-0.3,-0.1,148.0,0.0,52.6,0.02,-0.01,-0.92,-0.69,[b'Waypoint'],22.2,-12.0,60925.0,180717.0,30.824,44580.05,28.64,14.76,10.211,93.46,5.96,0.0,0.0,1
20250609,180717,25.912203,-80.13756,-0.9,-0.4,155.2,0.0,52.6,-0.1,0.03,-1.03,0.15,[b'Waypoint'],23.6,-2.9,60925.0,180718.0,30.812,44662.02,28.69,14.76,10.209,93.4,5.95,0.0,0.0,1
20250609,180719,25.91219,-80.13755,-1.5,-0.3,157.7,0.0,52.6,0.0,-0.0,-1.09,0.39,[b'Waypoint'],24.0,-1.6,60925.0,180719.0,30.797,44618.2,28.66,14.76,10.21,93.37,5.95,0.0,0.0,1
20250609,180720,25.912184,-80.13755,-1.6,-0.4,157.3,0.0,52.6,-0.04,-0.01,-1.07,0.3,[b'Waypoint'],24.0,-0.2,60925.0,180721.0,30.784,44610.52,28.66,14.76,10.21,93.33,5.95,0.0,0.0,1
20250609,180721,25.912176,-80.13754,-1.3,-0.2,150.5,0.0,52.6,-0.03,0.01,-1.02,-0.04,[b'Waypoint'],22.3,-9.8,60925.0,180722.0,30.773,44568.55,28.63,14.76,10.21,93.23,5.95,0.0,0.0,1
20250609,180723,25.91217,-80.13754,-1.2,-0.3,163.6,0.0,52.6,-0.03,0.03,-1.01,0.3,[b'Waypoint'],23.6,7.0,60925.0,180723.0,30.764,44574.29,28.63,14.76,10.21,93.13,5.94,0.0,0.0,1
20250609,180723,25.912163,-80.137535,-0.6,-0.0,155.4,0.0,52.6,0.01,0.07,-0.96,0.03,[b'Waypoint'],23.0,-0.8,60925.0,180724.0,30.758,44574.95,28.63,14.76,10.21,93.01,5.93,0.0,0.0,1
20250609,180724,25.912157,-80.13753,0.0,-0.1,158.0,0.0,52.6,-0.01,-0.01,-0.94,-0.12,[b'Waypoint'],24.0,-0.8,60925.0,180725.0,30.753,44624.95,28.67,14.76,10.21,92.92,5.93,0.0,0.0,1
20250609,180725,25.912151,-80.13753,-0.4,-0.2,153.4,0.0,52.6,-0.03,-0.02,-0.88,0.15,[b'Waypoint'],22.0,-10.9,60925.0,180726.0,30.75,44642.95,28.68,14.76,10.21,92.85,5.92,0.0,0.0,1
20250609,180727,25.912144,-80.13752,-1.3,-0.4,157.1,0.0,52.6,0.0,0.02,-1.03,-0.1,[b'Waypoint'],24.0,0.3,60925.0,180727.0,30.748,44677.35,28.71,14.77,10.21,92.81,5.92,0.0,0.0,1
20250609,180729,25.912132,-80.13751,-1.0,-0.4,157.4,0.0,52.6,0.01,0.08,-0.98,-0.94,[b'Waypoint'],23.0,-3.8,60925.0,180729.0,30.748,44706.88,28.73,14.77,10.21,92.81,5.92,0.0,0.0,1
20250609,180730,25.912125,-80.13751,-1.2,-0.2,156.2,0.0,52.6,-0.0,-0.01,-0.94,-0.83,[b'Waypoint'],24.0,-1.4,60925.0,180730.0,30.752,44756.52,28.76,14.76,10.209,92.85,5.92,0.0,0.0,1
20250609,180731,25.912119,-80.137505,-1.8,-0.4,154.4,0.0,52.6,-0.04,-0.01,-1.06,-0.22,[b'Waypoint'],25.1,2.7,60925.0,180731.0,30.761,44738.74,28.75,14.77,10.21,92.97,5.93,0.0,0.0,1
20250609,180732,25.912111,-80.137505,-1.5,-0.5,162.9,0.0,52.6,0.01,-0.04,-1.05,0.66,[b'Waypoint'],21.0,13.2,60925.0,180732.0,30.767,44758.12,28.76,14.77,10.21,93.15,5.94,0.0,0.0,1
20250609,180733,25.912106,-80.1375,-1.2,-0.3,156.3,0.0,52.6,-0.01,0.05,-1.06,0.47,[b'Waypoint'],24.0,-4.0,60925.0,180733.0,30.778,44756.04,28.76,14.77,10.21,93.41,5.95,0.0,0.0,1
20250609,180734,25.9121,-80.1375,-1.1,-0.4,157.4,0.0,52.6,-0.06,0.01,-1.0,0.62,[b'Waypoint'],24.5,1.9,60925.0,180734.0,30.784,44782.73,28.78,14.77,10.21,93.69,5.97,0.0,0.0,1
20250609,180735,25.912092,-80.13749,-0.4,-0.3,152.8,0.0,52.6,-0.04,0.09,-0.95,0.19,[b'Waypoint'],23.2,-1.5,60925.0,180735.0,30.792,44817.61,28.81,14.77,10.209,94.03,5.99,0.0,0.0,1
20250609,180737,25.91208,-80.13748,-0.7,-0.1,155.8,0.0,52.6,-0.05,-0.14,-1.04,-0.69,[b'Waypoint'],24.0,-4.3,60925.0,180737.0,30.797,44842.08,28.82,14.77,10.209,94.33,6.01,0.0,0.0,1
20250609,180738,25.912073,-80.13748,-0.4,-0.1,151.3,0.0,52.6,-0.02,0.02,-0.98,-0.7,[b'Waypoint'],21.0,-6.6,60925.0,180738.0,30.806,44836.44,28.82,14.77,10.209,94.67,6.03,0.0,0.0,1
20250609,180739,25.912067,-80.137474,-1.2,-0.2,156.2,0.0,52.6,0.01,-0.02,-1.04,-0.01,[b'Waypoint'],24.0,-1.5,60925.0,180739.0,30.814,44853.37,28.83,14.77,10.21,95.01,6.05,0.0,0.0,1
20250609,180740,25.912062,-80.137474,-0.3,0.0,152.6,0.0,52.6,0.03,0.06,-0.97,-0.81,[b'Waypoint'],22.0,-2.9,60925.0,180740.0,30.819,44829.63,28.81,14.77,10.21,95.32,6.07,0.0,0.0,1
20250609,180741,25.912054,-80.13747,-1.2,-0.2,153.6,0.0,52.6,-0.01,-0.02,-0.98,0.6,[b'Waypoint'],24.1,-5.6,60925.0,180741.0,30.827,44798.04,28.79,14.77,10.21,95.66,6.09,0.0,0.0,1
20250609,180742,25.912048,-80.13746,-1.1,-0.3,156.9,0.0,52.6,-0.01,0.03,-1.02,-0.26,[b'Waypoint'],24.0,2.9,60925.0,180742.0,30.832,44803.74,28.8,14.77,10.21,95.97,6.11,0.0,0.0,1
20250609,180743,25.91204,-80.13746,-0.6,-0.2,152.8,0.0,52.6,-0.03,0.03,-1.02,0.8,[b'Waypoint'],23.0,-9.5,60925.0,180743.0,30.837,44808.32,28.8,14.76,10.209,96.32,6.13,0.0,0.0,1
20250609,180744,25.912035,-80.13745,-0.5,-0.3,158.9,0.0,52.6,0.0,0.05,-0.95,-0.14,[b'Waypoint'],23.0,5.5,60925.0,180745.0,30.842,44810.9,28.8,14.77,10.21,96.61,6.15,0.0,0.0,1
20250609,180746,25.912022,-80.13744,-0.8,-0.4,153.5,0.0,52.6,0.01,-0.01,-1.02,0.68,[b'Waypoint'],24.2,1.8,60925.0,180746.0,30.85,44809.1,28.8,14.76,10.209,96.94,6.17,0.0,0.0,1
20250609,180747,25.912016,-80.13744,-0.3,-0.2,151.5,0.0,52.6,-0.0,-0.02,-0.93,0.54,[b'Waypoint'],-0.1,-25.5,60925.0,180747.0,30.857,44794.77,28.79,14.76,10.209,97.19,6.19,0.0,0.0,1
20250609,180748,25.912012,-80.137436,-0.7,-0.4,157.0,0.0,52.6,-0.02,-0.01,-0.92,-2.1,[b'Station Ke'],0.0,0.0,60925.0,180748.0,30.864,44790.23,28.78,14.76,10.209,97.54,6.21,0.0,0.0,1
20250609,180749,25.912006,-80.137436,-1.8,-0.4,0.0,0.0,52.7,-0.04,0.01,-1.03,-1.39,[b'Waypoint'],-0.6,-35.7,60925.0,180749.0,30.87,44827.71,28.81,14.76,10.209,97.79,6.22,0.0,0.0,1
20250609,180750,25.912004,-80.137436,-1.3,-0.2,82.6,0.0,52.7,-0.09,-0.05,-1.03,-3.93,[b'Waypoint'],-5.1,-75.1,60925.0,180750.0,30.878,44855.14,28.83,14.76,10.209,98.11,6.24,0.0,0.0,1
20250609,180751,25.912,-80.13743,-1.0,0.9,81.7,0.0,52.7,-0.06,-0.16,-0.95,-16.96,[b'Waypoint'],-6.3,-62.6,60925.0,180751.0,30.884,44615.08,28.66,14.76,10.207,98.32,6.26,0.0,0.0,1
20250609,180752,25.911999,-80.13742,-2.0,0.6,81.0,0.0,52.7,0.01,-0.04,-1.07,-14.63,[b'Waypoint'],-1.0,-15.0,60925.0,180752.0,30.888,43313.14,27.73,14.76,10.206,98.61,6.26,0.0,0.0,1
20250609,180753,25.911999,-80.13742,-2.1,0.2,80.6,0.0,52.7,-0.06,0.03,-1.05,-8.08,[b'Waypoint'],7.4,-16.6,60925.0,180754.0,30.892,40457.99,25.7,14.76,10.207,98.83,6.28,0.0,0.0,1
20250609,180755,25.911999,-80.13741,-1.0,-1.2,80.1,0.0,52.7,0.07,0.01,-0.98,-4.2,[b'Waypoint'],13.8,-13.8,60925.0,180755.0,30.895,45059.27,28.98,14.76,10.208,99.0,6.3,0.0,0.0,1
20250609,180756,25.911999,-80.137405,-0.7,-1.3,79.9,0.0,52.6,0.13,0.02,-1.01,-4.98,[b'Waypoint'],17.0,-10.4,60925.0,180756.0,30.898,45086.38,29.0,14.76,10.206,99.18,6.3,0.0,0.0,1
20250609,180757,25.912,-80.137405,-0.8,0.2,79.8,0.0,52.6,0.14,-0.09,-1.02,-3.12,[b'Waypoint'],19.0,-11.0,60925.0,180757.0,30.899,45088.62,29.0,14.76,10.207,99.29,6.31,0.0,0.0,1
20250609,180758,25.912003,-80.1374,-1.3,0.5,83.4,0.0,52.6,-0.04,-0.01,-1.01,-0.96,[b'Waypoint'],22.0,-5.3,60925.0,180758.0,30.899,45162.51,29.05,14.76,10.207,99.44,6.32,0.0,0.0,1
20250609,180759,25.912003,-80.13739,-1.3,1.1,78.1,0.0,52.6,-0.02,-0.02,-1.0,-2.21,[b'Waypoint'],21.0,-5.9,60925.0,180759.0,30.898,45178.84,29.06,14.76,10.206,99.55,6.32,0.0,0.0,1
20250609,180800,25.912004,-80.13738,-1.3,-0.0,77.1,0.0,52.6,-0.03,0.03,-1.01,-1.81,[b'Waypoint'],25.2,-3.8,60925.0,180800.0,30.896,45183.72,29.07,14.76,10.207,99.62,6.33,0.0,0.0,1
20250609,180801,25.912006,-80.13738,-0.7,0.3,80.6,0.0,52.6,0.04,0.01,-1.04,-0.88,[b'Waypoint'],24.0,-1.2,60925.0,180802.0,30.893,45124.3,29.02,14.76,10.207,99.7,6.33,0.0,0.0,1
20250609,180802,25.91201,-80.137375,-1.2,1.1,84.9,0.0,52.6,-0.02,0.03,-1.05,1.62,[b'Waypoint'],22.0,15.3,60925.0,180803.0,30.89,45054.51,28.97,14.76,10.207,99.76,6.34,0.0,0.0,1
20250609,180804,25.912014,-80.13736,-1.1,1.5,84.9,0.0,52.6,-0.01,0.01,-1.04,0.76,[b'Waypoint'],22.0,9.8,60925.0,180804.0,30.888,44747.26,28.75,14.76,10.207,99.86,6.35,0.0,0.0,1
20250609,180805,25.912018,-80.13735,-1.0,0.4,81.0,0.0,52.6,0.01,0.05,-1.04,0.03,[b'Waypoint'],25.9,4.5,60925.0,180805.0,30.885,44982.61,28.92,14.76,10.216,99.91,6.37,0.0,0.0,1
20250609,180806,25.91202,-80.137344,-1.3,0.5,80.1,0.0,52.6,-0.05,-0.03,-0.99,1.12,[b'Waypoint'],24.0,-3.8,60925.0,180806.0,30.883,44597.67,28.65,14.76,10.208,99.98,6.35,0.0,0.0,1
20250609,180807,25.912022,-80.13734,-1.4,1.3,83.9,0.0,52.6,-0.02,-0.07,-1.08,2.3,[b'Waypoint'],23.7,4.7,60925.0,180807.0,30.88,44044.77,28.25,14.76,10.225,99.99,6.44,0.0,0.0,1
20250609,180808,25.912025,-80.13733,-1.3,0.5,84.0,0.0,52.6,0.01,-0.08,-1.04,4.03,[b'Waypoint'],22.0,2.0,60925.0,180808.0,30.878,44698.41,28.72,14.76,10.209,99.98,6.37,0.0,0.0,1
20250609,180809,25.912027,-80.137314,-1.1,0.8,83.6,0.0,52.6,-0.07,-0.02,-1.04,0.61,[b'Waypoint'],23.0,0.8,60925.0,180810.0,30.875,44540.44,28.61,14.76,10.209,99.95,6.36,0.0,0.0,1
20250609,180811,25.912033,-80.1373,-1.3,0.2,91.6,0.0,52.6,0.0,0.01,-1.03,0.57,[b'Waypoint'],19.0,19.0,60925.0,180811.0,30.875,44343.02,28.46,14.76,10.21,99.93,6.37,0.0,0.0,1
20250609,180812,25.912035,-80.13729,-0.9,-1.4,86.3,0.0,52.6,-0.02,-0.01,-1.0,0.17,[b'Waypoint'],26.3,7.2,60925.0,180812.0,30.878,43897.82,28.14,14.76,10.206,100.0,6.37,0.0,0.0,1
20250609,180813,25.912039,-80.13728,-0.9,-1.7,84.8,0.0,52.6,-0.05,0.06,-0.97,1.34,[b'Waypoint'],26.0,-3.4,60925.0,180813.0,30.884,43576.4,27.91,14.76,10.206,100.17,6.36,0.0,0.0,1
20250609,180814,25.91204,-80.137276,-0.8,-1.6,81.2,0.0,52.6,0.03,-0.03,-1.02,0.89,[b'Waypoint'],25.8,-8.0,60925.0,180814.0,30.894,45358.87,29.19,14.76,10.204,104.38,6.62,0.0,0.0,1
20250609,180815,25.912043,-80.13727,-0.8,-1.1,72.3,0.0,52.6,0.01,0.07,-0.97,0.22,[b'Waypoint'],20.6,-17.4,60925.0,180815.0,30.905,44613.8,28.66,14.76,10.219,105.31,6.69,0.0,0.0,1
20250609,180816,25.912045,-80.13726,-0.9,-0.5,76.0,0.0,52.6,-0.02,-0.05,-1.0,0.06,[b'Waypoint'],22.0,-22.0,60925.0,180817.0,30.919,45027.6,28.95,14.76,10.218,106.29,6.74,0.0,0.0,1
20250609,180817,25.912046,-80.13725,-0.7,0.5,78.0,0.0,52.6,0.01,0.08,-0.96,-0.35,[b'Waypoint'],22.0,-11.6,60925.0,180818.0,30.931,44427.55,28.52,14.76,10.208,106.77,6.77,0.0,0.0,1
20250609,180818,25.912048,-80.137245,-0.7,0.5,82.1,0.0,52.6,-0.01,0.02,-1.02,0.67,[b'Waypoint'],24.0,-2.9,60925.0,180819.0,30.947,44652.52,28.68,14.76,10.209,107.24,6.82,0.0,0.0,1
20250609,180819,25.91205,-80.13724,-0.7,1.2,87.2,0.0,52.6,-0.02,-0.03,-1.04,0.9,[b'Waypoint'],22.0,-0.7,60925.0,180820.0,30.961,42866.22,27.4,14.76,10.209,107.7,6.84,0.0,0.0,1
20250609,180821,25.912054,-80.13722,-1.2,0.9,77.6,0.0,52.6,0.08,-0.07,-1.14,-0.37,[b'Waypoint'],22.0,-1.9,60925.0,180821.0,30.978,44937.46,28.89,14.76,10.206,107.95,6.85,0.0,0.0,1
20250609,180822,25.912056,-80.13721,-1.1,0.4,83.7,0.0,52.6,0.02,-0.0,-1.04,0.7,[b'Waypoint'],23.9,5.8,60925.0,180822.0,30.992,44092.08,28.28,14.76,10.225,108.0,6.9,0.0,0.0,1
20250609,180823,25.91206,-80.1372,-1.0,0.0,81.6,0.0,52.6,-0.18,-0.01,-1.02,-0.27,[b'Waypoint'],24.0,0.4,60925.0,180823.0,31.009,44784.56,28.78,14.76,10.209,107.87,6.85,0.0,0.0,1
20250609,180824,25.912062,-80.13719,-0.8,0.3,81.8,0.0,52.6,-0.02,-0.05,-1.05,0.11,[b'Waypoint'],24.0,0.7,60925.0,180825.0,31.021,44871.79,28.84,14.76,10.208,107.66,6.83,0.0,0.0,1
20250609,180825,25.912064,-80.137184,-0.8,0.4,82.9,0.0,52.6,-0.05,0.01,-1.03,-0.5,[b'Waypoint'],25.4,-1.7,60925.0,180826.0,31.031,44915.41,28.87,14.76,10.208,107.36,6.81,0.0,0.0,1
20250609,180826,25.912066,-80.13718,-1.0,0.2,82.3,0.0,52.6,-0.09,0.06,-0.96,-0.22,[b'Waypoint'],23.0,3.9,60925.0,180827.0,31.037,44238.14,28.38,14.76,10.208,103.66,6.58,0.0,0.0,1
20250609,180827,25.912067,-80.13717,-1.0,0.0,78.9,0.0,52.6,-0.02,0.01,-1.02,-0.44,[b'Waypoint'],24.0,-4.1,60925.0,180828.0,31.043,44646.49,28.68,14.76,10.216,103.0,6.57,0.0,0.0,1
20250609,180828,25.91207,-80.13716,-1.0,-0.2,87.6,0.0,52.6,-0.01,0.02,-1.03,0.89,[b'Waypoint'],20.0,11.1,60925.0,180829.0,31.046,45200.86,29.07,14.76,10.207,102.09,6.47,0.0,0.0,1
20250609,180830,25.912075,-80.137146,-0.8,0.3,79.9,0.0,52.6,-0.03,0.01,-0.99,-0.54,[b'Station Ke'],4.9,-4.9,60925.0,180830.0,31.049,44512.86,28.58,14.76,10.207,101.45,6.43,0.0,0.0,1
20250609,180831,0.0,0.0,-0.7,-0.4,79.9,0.0,52.6,-0.02,0.01,-0.99,0.36,[b'Station Ke'],-0.6,-8.0,60925.0,180831.0,31.051,44284.64,28.42,14.76,10.211,101.08,6.43,0.0,0.0,1
20250609,180832,25.912077,-80.13713,-0.6,-0.3,0.0,0.0,52.6,-0.01,0.1,-1.01,-1.81,[b'Waypoint'],-0.6,-31.9,60925.0,180832.0,31.054,44437.07,28.53,14.76,10.211,100.55,6.39,0.0,0.0,1
20250609,180833,25.912079,-80.13713,-0.6,0.5,336.3,0.0,52.6,0.14,-0.13,-1.07,-8.1,[b'Waypoint'],-5.2,-75.2,60925.0,180834.0,31.055,44492.46,28.57,14.76,10.21,100.24,6.37,0.0,0.0,1
20250609,180834,25.912083,-80.13712,-1.1,1.3,336.0,0.0,52.6,0.03,-0.02,-1.09,-19.27,[b'Waypoint'],-5.2,-75.2,60925.0,180835.0,31.056,42123.4,26.87,14.76,10.206,99.83,6.33,0.0,0.0,1
20250609,180835,25.912086,-80.13712,-1.3,0.7,335.6,0.0,52.6,-0.18,0.05,-0.98,-19.17,[b'Waypoint'],-4.8,-47.4,60925.0,180836.0,31.057,44732.78,28.74,14.76,10.207,99.57,6.32,0.0,0.0,1
20250609,180836,25.91209,-80.137115,-1.3,-0.3,335.4,0.0,52.6,-0.11,0.0,-0.97,-14.66,[b'Waypoint'],-2.2,-31.4,60925.0,180837.0,31.058,45093.3,29.0,14.76,10.208,99.28,6.29,0.0,0.0,1
20250609,180837,25.912094,-80.137115,-0.9,-0.8,335.2,0.0,52.6,0.02,0.04,-1.0,-10.79,[b'Waypoint'],3.8,-22.3,60925.0,180838.0,31.058,45186.57,29.06,14.76,10.207,99.06,6.28,0.0,0.0,1
20250609,180839,25.9121,-80.13712,-1.0,-0.2,335.0,0.0,52.6,-0.03,0.02,-1.02,-6.52,[b'Waypoint'],14.0,-8.0,60925.0,180839.0,31.058,45216.28,29.09,14.76,10.207,98.82,6.26,0.0,0.0,1
20250609,180840,25.912102,-80.13712,-0.7,0.1,335.0,0.0,52.6,-0.02,0.03,-0.98,-3.86,[b'Waypoint'],17.0,-10.7,60925.0,180840.0,31.058,45215.92,29.08,14.76,10.207,98.63,6.25,0.0,0.0,1
20250609,180841,25.912106,-80.13712,-0.7,0.2,326.2,0.0,52.6,0.03,-0.03,-1.02,-3.21,[b'Waypoint'],15.1,-14.9,60925.0,180841.0,31.057,45224.52,29.09,14.76,10.206,98.44,6.24,0.0,0.0,1
20250609,180842,25.912111,-80.13712,-1.5,0.1,329.2,0.0,52.6,-0.03,-0.0,-1.0,-3.05,[b'Waypoint'],18.0,-14.7,60925.0,180843.0,31.057,45225.47,29.09,14.76,10.206,98.28,6.23,0.0,0.0,1
20250609,180843,25.912115,-80.13713,-1.0,-0.1,336.4,0.0,52.6,0.0,-0.07,-1.01,-1.79,[b'Waypoint'],24.0,0.8,60925.0,180844.0,31.056,45216.95,29.09,14.76,10.207,97.93,6.2,0.0,0.0,1
20250609,180844,25.91212,-80.13713,-1.1,-0.1,335.0,0.0,52.6,-0.01,0.07,-0.99,-2.0,[b'Waypoint'],24.0,0.1,60925.0,180845.0,31.055,45199.14,29.07,14.76,10.207,97.58,6.18,0.0,0.0,1
20250609,180845,25.912127,-80.13714,-0.6,-0.0,338.0,0.0,52.6,-0.02,-0.0,-0.98,-0.88,[b'Waypoint'],22.2,6.4,60925.0,180846.0,31.055,45177.76,29.06,14.76,10.207,97.24,6.16,0.0,0.0,1
20250609,180846,25.91213,-80.13714,-0.9,-0.1,335.6,0.0,52.6,0.07,-0.11,-1.08,-1.1,[b'Waypoint'],23.0,1.9,60925.0,180847.0,31.055,45161.99,29.05,14.76,10.207,97.0,6.15,0.0,0.0,1
20250609,180848,25.912144,-80.137146,-1.0,-0.2,330.8,0.0,52.6,-0.02,-0.02,-0.99,-0.71,[b'Waypoint'],24.0,-4.2,60925.0,180848.0,31.056,45157.3,29.04,14.76,10.207,96.69,6.13,0.0,0.0,1
20250609,180849,25.91215,-80.13715,-0.8,-0.3,331.8,0.0,52.6,-0.03,-0.01,-1.0,0.01,[b'Waypoint'],23.9,-2.0,60925.0,180849.0,31.056,45132.48,29.02,14.76,10.208,96.44,6.11,0.0,0.0,1
20250609,180850,25.912155,-80.13716,-1.1,-0.1,345.6,0.0,52.6,-0.02,0.02,-0.99,-0.75,[b'Waypoint'],17.9,14.1,60925.0,180851.0,31.058,45119.73,29.02,14.76,10.208,96.23,6.1,0.0,0.0,1
20250609,180851,25.91216,-80.13716,-0.7,-0.1,336.4,0.0,52.6,-0.03,0.03,-0.97,0.67,[b'Waypoint'],21.0,5.5,60925.0,180852.0,31.06,45098.71,29.0,14.76,10.208,96.01,6.08,0.0,0.0,1
20250609,180852,25.912169,-80.13717,-1.0,-0.2,336.9,0.0,52.6,0.0,0.03,-1.01,0.47,[b'Waypoint'],21.0,4.7,60925.0,180853.0,31.063,45034.85,28.95,14.76,10.208,95.82,6.07,0.0,0.0,1
20250609,180853,25.912174,-80.13717,-0.9,-0.0,326.2,0.0,52.6,0.01,-0.07,-0.99,-0.29,[b'Waypoint'],23.3,-8.4,60925.0,180854.0,31.067,45008.32,28.94,14.76,10.209,95.6,6.06,0.0,0.0,1
20250609,180854,25.91218,-80.13718,-1.1,-0.2,339.0,0.0,52.6,-0.02,0.04,-1.01,1.42,[b'Waypoint'],20.0,10.5,60925.0,180855.0,31.071,44976.51,28.91,14.76,10.209,95.38,6.05,0.0,0.0,1
20250609,180855,25.912188,-80.137184,-0.9,-0.2,334.5,0.0,52.6,-0.0,-0.03,-1.0,0.8,[b'Waypoint'],23.0,-3.5,60925.0,180856.0,31.076,44947.05,28.89,14.76,10.209,95.18,6.03,0.0,0.0,1
20250609,180857,25.912199,-80.13719,-0.8,0.0,332.8,0.0,52.6,-0.03,0.01,-1.02,0.92,[b'Waypoint'],24.0,-1.1,60925.0,180857.0,31.081,44860.77,28.83,14.76,10.21,94.96,6.02,0.0,0.0,1
20250609,180858,25.912205,-80.13719,-0.9,-0.0,0.0,0.0,52.6,-0.03,-0.02,-0.97,0.13,[b'Waypoint'],24.0,-1.1,60925.0,180859.0,31.084,44777.0,28.77,14.76,10.21,94.76,6.01,0.0,0.0,1
20250609,180859,25.912212,-80.1372,-0.9,0.0,329.1,0.0,52.6,0.03,0.0,-1.03,-0.8,[b'Waypoint'],23.0,-5.4,60925.0,180900.0,31.089,44661.52,28.69,14.76,10.211,94.55,6.0,0.0,0.0,1
20250609,180900,25.912218,-80.13721,-1.1,-0.1,335.1,0.0,52.6,-0.01,0.04,-1.03,0.33,[b'Waypoint'],22.0,6.3,60925.0,180901.0,31.094,44598.86,28.64,14.76,10.211,94.35,5.99,0.0,0.0,1
20250609,180901,25.912226,-80.13721,-1.1,-0.0,334.5,0.0,52.6,-0.02,0.04,-1.03,0.35,[b'Waypoint'],23.0,3.9,60925.0,180902.0,31.098,44566.82,28.62,14.76,10.211,94.19,5.98,0.0,0.0,1
20250609,180902,25.912231,-80.137215,-0.8,-0.3,330.6,0.0,52.6,-0.04,-0.04,-1.02,1.01,[b'Waypoint'],23.2,12.1,60925.0,180903.0,31.102,44506.45,28.57,14.76,10.212,94.01,5.97,0.0,0.0,1
20250609,180903,25.91224,-80.137215,-1.1,-0.2,324.1,0.0,52.6,-0.07,-0.01,-1.0,0.26,[b'Waypoint'],21.0,-18.8,60925.0,180904.0,31.105,44495.19,28.57,14.76,10.212,93.86,5.96,0.0,0.0,1
20250609,180905,25.91225,-80.13723,-1.0,-0.3,332.2,0.0,52.6,0.01,-0.07,-1.04,-0.41,[b'Waypoint'],24.0,0.2,60925.0,180905.0,31.109,44361.83,28.47,14.76,10.212,93.69,5.95,0.0,0.0,1
20250609,180906,25.912258,-80.13723,-0.7,-0.0,328.6,0.0,52.6,0.05,-0.01,-1.02,-0.26,[b'Waypoint'],23.0,-9.2,60925.0,180907.0,31.111,44421.83,28.51,14.76,10.212,93.56,5.94,0.0,0.0,1
20250609,180907,25.912266,-80.13724,-0.9,-0.3,337.9,0.0,52.6,-0.02,0.02,-1.02,-0.01,[b'Waypoint'],21.0,10.6,60925.0,180908.0,31.114,44359.49,28.47,14.77,10.213,93.41,5.93,0.0,0.0,1
20250609,180908,25.912271,-80.13724,-0.9,-0.1,332.5,0.0,52.6,-0.05,-0.07,-0.95,0.14,[b'Waypoint'],24.0,-0.8,60925.0,180909.0,31.116,44265.3,28.4,14.76,10.213,93.31,5.92,0.0,0.0,1
20250609,180910,25.91228,-80.137245,-0.9,-0.0,320.2,0.0,52.6,0.05,0.01,-1.11,-2.17,[b'Waypoint'],19.0,-18.2,60925.0,180910.0,31.118,44253.37,28.39,14.77,10.214,93.21,5.92,0.0,0.0,1
20250609,180911,25.912285,-80.13725,-0.8,-0.3,329.6,0.0,52.6,-0.02,-0.01,-0.98,1.23,[b'Waypoint'],23.9,9.0,60925.0,180911.0,31.121,44298.8,28.42,14.77,10.214,93.13,5.91,0.0,0.0,1
20250609,180912,25.912292,-80.13725,-0.9,-0.0,325.2,0.0,52.6,-0.02,0.11,-1.04,-1.88,[b'Waypoint'],22.0,-9.4,60925.0,180912.0,31.123,44359.0,28.47,14.77,10.214,93.09,5.91,0.0,0.0,1
20250609,180913,25.912298,-80.13726,-1.0,-0.2,331.1,0.0,52.6,-0.04,0.06,-0.97,0.73,[b'Waypoint'],25.2,6.3,60925.0,180913.0,31.125,44426.84,28.52,14.77,10.213,93.05,5.91,0.0,0.0,1
20250609,180915,25.912312,-80.13727,-1.2,-0.1,333.4,0.0,52.6,-0.01,-0.01,-1.04,0.96,[b'Waypoint'],23.9,-4.7,60925.0,180915.0,31.128,44462.62,28.54,14.77,10.213,93.02,5.9,0.0,0.0,1
20250609,180916,25.912317,-80.137276,-1.0,-0.1,332.8,0.0,52.6,-0.03,-0.01,-0.99,0.56,[b'Waypoint'],23.0,5.0,60925.0,180916.0,31.13,44482.41,28.56,14.77,10.213,93.0,5.9,0.0,0.0,1
20250609,180917,25.912325,-80.137276,-0.8,0.1,325.1,0.0,52.6,0.03,-0.05,-1.02,0.23,[b'Waypoint'],21.0,-14.7,60925.0,180917.0,31.131,44433.35,28.52,14.77,10.213,92.99,5.9,0.0,0.0,1
20250609,180918,25.91233,-80.13728,-1.2,-0.0,331.3,0.0,52.6,-0.02,0.03,-0.99,0.12,[b'Waypoint'],24.0,-0.2,60925.0,180918.0,31.132,44417.87,28.51,14.77,10.214,92.99,5.9,0.0,0.0,1
20250609,180919,25.912338,-80.13728,-0.9,-0.1,337.7,0.0,52.6,-0.08,0.01,-1.03,0.17,[b'Waypoint'],23.9,6.2,60925.0,180919.0,31.132,44482.2,28.56,14.77,10.213,93.01,5.9,0.0,0.0,1
20250609,180920,25.912344,-80.13729,-1.1,-0.2,331.3,0.0,52.6,-0.09,0.09,-0.97,0.02,[b'Waypoint'],24.0,-2.1,60925.0,180920.0,31.133,43719.21,28.01,14.77,10.211,93.04,5.89,0.0,0.0,1
20250609,180921,25.912352,-80.1373,-1.0,-0.2,334.1,0.0,52.6,-0.01,-0.02,-1.02,-1.37,[b'Waypoint'],23.0,13.7,60925.0,180921.0,31.133,44549.18,28.6,14.77,10.214,93.06,5.91,0.0,0.0,1
20250609,180922,25.912357,-80.1373,-1.0,-0.1,331.4,0.0,52.6,0.03,-0.05,-1.03,-0.51,[b'Waypoint'],24.0,3.5,60925.0,180922.0,31.133,44753.14,28.75,14.77,10.211,93.08,5.89,0.0,0.0,1
20250609,180924,25.912373,-80.13731,-1.0,-0.1,331.1,0.0,52.6,0.03,0.03,-1.02,-1.28,[b'Waypoint'],23.5,4.8,60925.0,180924.0,31.132,44197.29,28.35,14.77,10.215,93.08,5.9,0.0,0.0,1
20250609,180925,25.912378,-80.137314,-0.9,-0.2,330.2,0.0,52.6,-0.01,-0.02,-0.98,-0.02,[b'Waypoint'],24.0,4.9,60925.0,180925.0,31.131,44361.15,28.47,14.77,10.215,93.05,5.91,0.0,0.0,1
20250609,180926,25.912386,-80.13732,-0.9,-0.0,326.7,0.0,52.6,0.02,0.04,-1.04,-0.59,[b'Waypoint'],23.0,-3.2,60925.0,180926.0,31.13,44446.82,28.53,14.77,10.214,93.0,5.9,0.0,0.0,1
20250609,180927,25.912392,-80.13732,-0.9,-0.1,328.6,0.0,52.6,-0.0,0.03,-1.01,0.4,[b'Waypoint'],24.0,-2.9,60925.0,180927.0,31.128,44391.12,28.49,14.77,10.214,92.93,5.9,0.0,0.0,1
20250609,180928,25.9124,-80.13733,-1.0,-0.2,321.7,0.0,52.6,0.01,0.05,-1.0,0.32,[b'Waypoint'],21.0,-16.4,60925.0,180928.0,31.126,44149.38,28.32,14.77,10.214,92.82,5.89,0.0,0.0,1
20250609,180929,25.912405,-80.13734,-0.9,-0.2,330.9,0.0,52.6,-0.01,-0.04,-1.0,-1.55,[b'Waypoint'],23.0,9.9,60925.0,180929.0,31.125,45018.7,28.94,14.77,10.211,92.73,5.89,0.0,0.0,1
20250609,180930,25.912413,-80.13734,-1.1,-0.3,327.7,0.0,52.6,-0.02,-0.04,-1.0,0.71,[b'Waypoint'],22.7,6.4,60925.0,180930.0,31.123,44766.57,28.76,14.77,10.214,92.59,5.88,0.0,0.0,1
20250609,180931,25.912418,-80.137344,-0.8,-0.1,332.7,0.0,52.6,-0.04,-0.01,-1.01,0.44,[b'Waypoint'],22.0,4.5,60925.0,180932.0,31.122,44358.78,28.47,14.77,10.215,92.49,5.87,0.0,0.0,1
20250609,180932,25.912424,-80.137344,-1.0,-0.0,330.7,0.0,52.6,0.01,-0.0,-0.98,-0.53,[b'Waypoint'],24.0,4.5,60925.0,180933.0,31.12,44752.72,28.75,14.77,10.212,92.36,5.86,0.0,0.0,1
20250609,180934,25.91244,-80.13736,-1.0,-0.1,329.7,0.0,52.6,0.04,-0.04,-1.01,-0.23,[b'Waypoint'],23.9,-9.8,60925.0,180934.0,31.119,44817.07,28.8,14.77,10.212,92.26,5.85,0.0,0.0,1
20250609,180935,25.912445,-80.13736,-0.8,-0.1,323.9,0.0,52.6,-0.01,-0.01,-1.02,-1.14,[b'Waypoint'],22.0,-2.7,60925.0,180935.0,31.118,44722.87,28.73,14.77,10.212,92.21,5.84,0.0,0.0,1
20250609,180936,25.91245,-80.13737,-1.0,-0.2,339.0,0.0,52.6,-0.04,0.04,-1.02,0.53,[b'Waypoint'],18.6,18.6,60925.0,180936.0,31.118,44739.77,28.74,14.77,10.212,92.18,5.84,0.0,0.0,1
20250609,180937,25.912458,-80.137375,-1.0,-0.2,328.9,0.0,52.6,0.0,0.05,-0.99,0.22,[b'Waypoint'],24.0,-0.3,60925.0,180937.0,31.118,44612.71,28.65,14.77,10.212,92.18,5.85,0.0,0.0,1
20250609,180938,25.912464,-80.137375,-1.0,-0.0,328.6,0.0,52.6,-0.0,-0.04,-1.01,-0.65,[b'Waypoint'],24.0,3.0,60925.0,180938.0,31.118,44575.41,28.62,14.77,10.213,92.22,5.85,0.0,0.0,1
20250609,180939,25.912472,-80.13738,-0.8,-0.0,337.8,0.0,52.6,-0.0,-0.0,-0.99,-0.0,[b'Waypoint'],19.9,19.9,60925.0,180940.0,31.119,44568.2,28.62,14.77,10.213,92.28,5.85,0.0,0.0,1
20250609,180940,25.912477,-80.13738,-1.0,-0.1,327.0,0.0,52.6,-0.1,-0.01,-0.99,0.14,[b'Waypoint'],24.0,-3.1,60925.0,180941.0,31.119,44586.97,28.63,14.77,10.213,92.41,5.86,0.0,0.0,1
20250609,180942,25.91249,-80.1374,-0.9,-0.1,329.6,0.0,52.6,-0.08,0.06,-0.98,0.91,[b'Waypoint'],23.7,-0.9,60925.0,180942.0,31.12,44506.49,28.57,14.77,10.213,92.56,5.87,0.0,0.0,1
20250609,180943,25.912498,-80.1374,-0.8,-0.0,333.9,0.0,52.6,-0.05,0.03,-1.0,-1.26,[b'Waypoint'],24.2,10.9,60925.0,180943.0,31.121,44510.09,28.58,14.77,10.213,92.72,5.88,0.0,0.0,1
20250609,180944,25.912504,0.0,-0.7,-0.3,334.5,0.0,52.6,-0.01,-0.0,-0.98,1.21,[b'Waypoint'],21.0,7.8,60925.0,180944.0,31.122,44534.25,28.59,14.77,10.213,92.91,5.9,0.0,0.0,1
20250609,180945,25.91251,-80.13741,-1.2,-0.2,328.4,0.0,52.6,-0.02,-0.03,-1.0,0.33,[b'Waypoint'],24.0,-3.7,60925.0,180945.0,31.124,44493.53,28.56,14.77,10.213,93.06,5.9,0.0,0.0,1
20250609,180946,25.912518,-80.13741,-0.7,-0.2,326.3,0.0,52.6,-0.01,-0.0,-1.02,-0.41,[b'Waypoint'],25.3,2.2,60925.0,180946.0,31.126,44524.83,28.59,14.77,10.213,93.27,5.92,0.0,0.0,1
20250609,180947,25.912523,-80.13742,-1.1,-0.1,334.6,0.0,52.6,-0.03,0.01,-0.98,0.03,[b'Waypoint'],22.0,13.4,60925.0,180948.0,31.127,44506.04,28.57,14.77,10.213,93.4,5.93,0.0,0.0,1
20250609,180948,25.91253,-80.13742,-0.9,-0.2,327.6,0.0,52.6,-0.01,0.0,-1.01,0.92,[b'Waypoint'],24.0,-6.4,60925.0,180949.0,31.129,44520.67,28.58,14.77,10.213,93.58,5.94,0.0,0.0,1
20250609,180949,25.912537,-80.13743,-0.9,-0.1,340.1,0.0,52.6,0.01,-0.01,-1.03,-0.72,[b'Waypoint'],18.4,18.4,60925.0,180950.0,31.131,44526.57,28.59,14.77,10.213,93.7,5.94,0.0,0.0,1
20250609,180951,25.91255,-80.137436,-0.8,0.1,330.3,0.0,52.6,-0.0,0.0,-1.01,-0.58,[b'Waypoint'],24.3,0.6,60925.0,180951.0,31.133,44681.73,28.7,14.77,10.213,93.85,5.95,0.0,0.0,1
20250609,180952,25.912558,-80.13744,-1.0,0.0,330.5,0.0,52.6,-0.02,-0.06,-1.01,1.09,[b'Waypoint'],24.0,0.9,60925.0,180952.0,31.134,44296.94,28.42,14.77,10.211,93.98,5.96,0.0,0.0,1
20250609,180953,25.912563,-80.13744,-0.9,-0.1,339.5,0.0,52.6,-0.01,0.03,-1.02,0.83,[b'Waypoint'],20.0,16.1,60925.0,180953.0,31.137,44692.53,28.71,14.77,10.211,94.11,5.99,0.0,0.0,1
20250609,180954,25.91257,-80.13745,-1.0,-0.0,331.3,0.0,52.6,-0.01,-0.04,-1.01,-1.0,[b'Waypoint'],24.7,2.7,60925.0,180954.0,31.139,44818.89,28.8,14.77,10.21,94.22,5.97,0.0,0.0,1
20250609,180955,25.912579,-80.13745,-0.8,-0.0,323.5,0.0,52.6,-0.03,0.06,-0.97,-1.22,[b'Waypoint'],21.0,-6.8,60925.0,180956.0,31.141,44577.63,28.62,14.77,10.213,94.35,5.98,0.0,0.0,1
20250609,180956,25.912584,-80.13746,-1.0,-0.1,328.9,0.0,52.6,-0.02,-0.0,-0.99,-1.13,[b'Waypoint'],24.0,8.1,60925.0,180957.0,31.142,44713.32,28.72,14.77,10.212,94.46,5.99,0.0,0.0,1
20250609,180957,25.912592,-80.13746,-0.8,-0.1,335.1,0.0,52.6,-0.02,0.01,-0.97,0.87,[b'Waypoint'],25.0,3.5,60925.0,180958.0,31.144,44608.15,28.65,14.77,10.212,94.57,6.0,0.0,0.0,1
20250609,180958,25.912598,-80.13747,-1.0,-0.0,346.7,0.0,52.6,0.0,-0.02,-1.01,-1.93,[b'Waypoint'],23.0,7.0,60925.0,180959.0,31.145,44648.45,28.67,14.77,10.213,94.67,6.0,0.0,0.0,1
20250609,181000,25.912611,-80.137474,-0.8,-0.4,326.7,0.0,52.6,-0.07,0.07,-1.01,0.4,[b'Waypoint'],24.0,-2.4,60925.0,181000.0,31.147,44651.64,28.68,14.77,10.213,94.78,6.01,0.0,0.0,1
20250609,181001,25.912619,-80.13748,-1.0,-0.1,327.0,0.0,52.6,-0.06,0.0,-1.04,-0.69,[b'Waypoint'],24.0,-4.2,60925.0,181001.0,31.148,44649.45,28.67,14.77,10.212,94.88,6.01,0.0,0.0,1
20250609,181002,25.912626,-80.13748,-0.8,-0.2,315.4,0.0,52.6,-0.04,-0.0,-1.04,-2.25,[b'Waypoint'],18.0,-11.9,60925.0,181002.0,31.149,44672.99,28.69,14.77,10.212,94.98,6.02,0.0,0.0,1
20250609,181003,25.912632,-80.13749,-0.9,-0.2,329.7,0.0,52.6,-0.02,0.06,-1.02,-0.78,[b'Waypoint'],23.2,4.5,60925.0,181003.0,31.15,44670.25,28.69,14.77,10.212,95.05,6.02,0.0,0.0,1
20250609,181004,25.912638,-80.1375,-0.4,-0.2,329.3,0.0,52.6,-0.03,-0.01,-0.99,0.17,[b'Waypoint'],28.6,1.6,60925.0,181005.0,31.151,44665.22,28.69,14.77,10.212,95.15,6.03,0.0,0.0,1
20250609,181005,25.912645,-80.1375,-0.7,0.1,320.1,0.0,52.6,-0.09,-0.0,-0.97,0.02,[b'Waypoint'],22.0,-11.1,60925.0,181006.0,31.152,44629.76,28.66,14.77,10.212,95.23,6.04,0.0,0.0,1
20250609,181006,25.912651,-80.137505,-0.7,-0.2,319.8,0.0,52.6,0.0,0.04,-0.93,0.88,[b'Waypoint'],23.8,-14.4,60925.0,181007.0,31.153,44619.04,28.65,14.77,10.212,95.31,6.04,0.0,0.0,1
20250609,181007,25.912659,-80.13751,-1.1,-0.3,331.0,0.0,52.6,-0.04,0.04,-1.04,1.19,[b'Waypoint'],22.0,3.2,60925.0,181008.0,31.153,44605.57,28.64,14.77,10.212,95.39,6.05,0.0,0.0,1
20250609,181009,25.912672,-80.13752,-0.9,-0.3,319.5,0.0,52.6,0.01,-0.01,-1.0,-2.07,[b'Waypoint'],20.0,-8.9,60925.0,181009.0,31.154,44595.91,28.64,14.77,10.213,95.46,6.05,0.0,0.0,1
20250609,181010,25.912678,-80.13753,-0.7,-0.5,328.5,0.0,52.6,-0.02,0.06,-1.03,-0.19,[b'Waypoint'],23.0,7.1,60925.0,181010.0,31.155,44599.16,28.64,14.77,10.213,95.54,6.06,0.0,0.0,1
20250609,181011,25.912683,-80.13753,-0.7,-0.3,326.0,0.0,52.6,0.01,-0.04,-1.02,0.15,[b'Waypoint'],24.0,-7.2,60925.0,181011.0,31.156,44648.33,28.67,14.77,10.212,95.61,6.06,0.0,0.0,1
20250609,181012,25.912691,-80.137535,-0.7,-0.1,321.9,0.0,52.6,-0.0,-0.07,-1.05,-2.38,[b'Waypoint'],22.5,1.8,60925.0,181013.0,31.156,44635.5,28.66,14.77,10.213,95.69,6.07,0.0,0.0,1
20250609,181013,25.912697,-80.13754,-0.8,-0.3,325.8,0.0,52.6,-0.0,-0.03,-1.02,-0.45,[b'Waypoint'],24.0,7.8,60925.0,181014.0,31.156,44644.53,28.67,14.77,10.213,95.75,6.07,0.0,0.0,1
20250609,181014,25.912704,-80.13754,-0.8,-0.2,326.7,0.0,52.6,-0.02,0.02,-1.02,-0.43,[b'Waypoint'],23.0,4.9,60925.0,181015.0,31.156,44668.21,28.69,14.77,10.212,95.83,6.07,0.0,0.0,1
20250609,181015,25.91271,-80.13755,-0.7,-0.3,333.0,0.0,52.6,-0.02,0.03,-1.02,1.09,[b'Waypoint'],20.0,9.9,60925.0,181016.0,31.156,44649.24,28.67,14.77,10.212,95.9,6.08,0.0,0.0,1
20250609,181017,25.912724,-80.13756,-0.6,-0.1,328.8,0.0,52.6,-0.06,0.09,-0.98,0.51,[b'Waypoint'],25.2,0.2,60925.0,181017.0,31.157,44325.96,28.44,14.77,10.216,95.97,6.08,0.0,0.0,1
20250609,181018,25.91273,-80.137566,-0.8,-0.1,330.4,0.0,52.6,0.03,-0.03,-1.01,-1.01,[b'Waypoint'],22.0,12.1,60925.0,181018.0,31.158,43963.52,28.18,14.77,10.219,96.03,6.08,0.0,0.0,1
20250609,181019,25.912735,-80.137566,-0.9,-0.1,322.7,0.0,52.6,-0.0,-0.04,-1.0,-0.8,[b'Waypoint'],23.0,-1.2,60925.0,181019.0,31.158,44454.96,28.53,14.77,10.212,96.08,6.09,0.0,0.0,1
20250609,181020,25.912743,-80.13757,-0.9,-0.4,327.6,0.0,52.6,0.0,0.08,-1.02,0.71,[b'Waypoint'],23.0,2.5,60925.0,181021.0,31.16,44902.78,28.86,14.77,10.212,96.15,6.09,0.0,0.0,1
20250609,181021,25.912748,-80.13758,-0.9,-0.4,323.7,0.0,52.6,-0.08,0.06,-0.95,0.53,[b'Waypoint'],24.0,-4.9,60925.0,181022.0,31.16,44727.41,28.73,14.77,10.212,96.18,6.09,0.0,0.0,1
20250609,181022,25.912754,-80.13758,-0.9,-0.4,325.9,0.0,52.6,-0.03,-0.04,-1.01,-0.25,[b'Waypoint'],24.4,-0.8,60925.0,181023.0,31.161,44560.85,28.61,14.77,10.213,96.23,6.1,0.0,0.0,1
20250609,181023,25.912762,0.0,-1.2,-0.3,325.8,0.0,52.6,-0.04,-0.01,-1.0,0.09,[b'Station Ke'],0.4,-0.4,60925.0,181024.0,31.162,44598.17,28.64,14.77,10.213,96.28,6.1,0.0,0.0,1
20250609,181025,25.912773,-80.137596,-1.2,-0.3,3.0,0.0,52.6,-0.03,0.0,-1.01,-0.09,[b'File Downl'],-0.0,0.6,60925.0,181025.0,31.163,44686.6,28.7,14.77,10.212,96.31,6.1,0.0,0.0,1
20250609,181026,25.912779,-80.1376,-1.1,-0.6,326.6,0.0,52.6,-0.05,0.01,-1.05,7.36,[b'Station Ke'],0.0,0.0,60925.0,181026.0,31.164,44769.74,28.76,14.77,10.212,96.33,6.1,0.0,0.0,1
20250609,181027,25.912783,-80.1376,-1.2,-0.4,308.1,0.0,52.6,-0.03,0.01,-1.0,2.88,[b'Waypoint'],-0.8,-12.1,60925.0,181028.0,31.165,44819.65,28.8,14.77,10.212,96.35,6.1,0.0,0.0,1
20250609,181028,25.912788,-80.1376,-0.9,-0.3,311.7,0.0,52.6,-0.0,0.03,-1.01,-0.44,[b'Waypoint'],7.0,-53.5,60925.0,181029.0,31.166,44859.08,28.82,14.77,10.211,96.34,6.1,0.0,0.0,1
20250609,181029,25.912792,-80.13761,-0.9,-0.1,312.5,0.0,52.6,0.03,-0.02,-1.01,-5.73,[b'Waypoint'],11.5,-18.9,60925.0,181030.0,31.166,44888.36,28.85,14.77,10.211,96.3,6.1,0.0,0.0,1
20250609,181030,25.912796,-80.13761,-1.0,-0.1,317.3,0.0,52.6,-0.0,0.01,-1.03,-4.59,[b'Waypoint'],14.0,-14.0,60925.0,181031.0,31.165,44909.47,28.86,14.77,10.211,96.26,6.09,0.0,0.0,1
20250609,181031,25.912802,-80.13761,-0.8,-0.2,315.5,0.0,52.6,-0.01,-0.02,-1.01,-3.75,[b'Waypoint'],18.0,-7.8,60925.0,181032.0,31.164,44925.83,28.87,14.77,10.211,96.18,6.09,0.0,0.0,1
20250609,181032,25.912806,-80.13762,-1.0,-0.2,315.0,0.0,52.6,-0.03,0.07,-0.97,-2.33,[b'Waypoint'],26.5,-3.4,60925.0,181033.0,31.163,44928.47,28.87,14.77,10.21,96.1,6.08,0.0,0.0,1
20250609,181034,25.912817,-80.13763,-0.9,-0.2,322.4,0.0,52.6,0.01,-0.01,-1.01,-1.35,[b'Waypoint'],23.9,1.7,60925.0,181034.0,31.161,44951.58,28.89,14.77,10.21,95.95,6.07,0.0,0.0,1
20250609,181035,25.91282,-80.137634,-0.9,-0.2,320.0,0.0,52.6,-0.05,0.04,-0.97,-0.86,[b'Waypoint'],24.0,-1.7,60925.0,181035.0,31.16,44997.82,28.92,14.77,10.21,95.82,6.07,0.0,0.0,1
20250609,181036,25.912827,-80.13764,-0.9,-0.2,334.1,0.0,52.6,0.01,-0.07,-1.02,0.88,[b'Waypoint'],18.8,18.8,60925.0,181037.0,31.158,45040.7,28.96,14.77,10.21,95.62,6.05,0.0,0.0,1
20250609,181037,25.912832,-80.13764,-0.7,-0.2,314.8,0.0,52.6,-0.03,-0.07,-0.97,-0.41,[b'Waypoint'],24.2,-5.6,60925.0,181038.0,31.156,45053.91,28.97,14.77,10.21,95.45,6.04,0.0,0.0,1
20250609,181038,25.912838,-80.13765,-0.9,-0.3,318.4,0.0,52.6,-0.01,0.02,-1.01,-0.68,[b'Waypoint'],24.0,-3.6,60925.0,181039.0,31.153,45034.97,28.95,14.77,10.21,95.19,6.02,0.0,0.0,1
20250609,181039,25.912838,-80.13765,-0.8,-0.6,322.8,0.0,52.6,-0.05,0.04,-0.97,-0.18,[b'Waypoint'],23.0,4.9,60925.0,181040.0,31.151,45014.86,28.94,14.77,10.21,95.01,6.01,0.0,0.0,1
20250609,181040,25.91285,-80.137665,-0.8,-0.5,323.2,0.0,52.6,-0.02,0.01,-0.99,-0.18,[b'Waypoint'],22.0,5.9,60925.0,181041.0,31.148,44959.09,28.9,14.77,10.211,94.77,6.0,0.0,0.0,1
20250609,181041,25.912855,-80.137665,-1.0,-0.4,315.1,0.0,52.6,-0.03,0.04,-1.04,-0.72,[b'Waypoint'],23.0,-7.9,60925.0,181042.0,31.146,44907.62,28.86,14.77,10.211,94.55,5.99,0.0,0.0,1
20250609,181042,25.91286,-80.13767,-1.0,-0.4,320.5,0.0,52.6,-0.02,0.06,-0.99,0.01,[b'Waypoint'],24.7,0.3,60925.0,181043.0,31.143,44859.39,28.83,14.77,10.211,94.27,5.97,0.0,0.0,1
20250609,181044,25.912874,-80.13769,-1.0,-0.4,316.7,0.0,52.6,0.02,0.02,-1.0,0.13,[b'Waypoint'],24.0,-7.5,60925.0,181044.0,31.142,44840.07,28.81,14.77,10.211,93.97,5.95,0.0,0.0,1
20250609,181045,25.91288,-80.137695,-0.9,-0.5,317.5,0.0,52.6,0.03,0.02,-1.03,0.62,[b'Waypoint'],24.0,-4.3,60925.0,181046.0,31.139,44793.29,28.78,14.77,10.212,89.39,5.66,0.0,0.0,1
20250609,181046,25.912886,-80.137695,-1.0,-0.3,325.2,0.0,52.6,0.04,-0.04,-1.02,0.82,[b'Waypoint'],25.3,4.9,60925.0,181047.0,31.136,44742.73,28.74,14.77,10.212,87.67,5.56,0.0,0.0,1
20250609,181047,25.912891,-80.1377,-1.0,-0.3,320.3,0.0,52.6,0.01,0.0,-1.04,-0.24,[b'Waypoint'],24.3,1.6,60925.0,181048.0,31.129,44569.43,28.62,14.77,10.212,85.16,5.4,0.0,0.0,1
20250609,181048,25.912897,-80.13771,-0.9,-0.0,318.9,0.0,52.6,-0.03,-0.06,-1.01,-0.14,[b'Waypoint'],24.0,-1.7,60925.0,181049.0,31.118,44442.52,28.53,14.77,10.213,84.07,5.33,0.0,0.0,1
20250609,181049,25.912903,-80.13772,-0.9,0.1,320.2,0.0,52.6,-0.02,0.0,-0.97,-0.49,[b'Waypoint'],26.0,3.1,60925.0,181050.0,31.104,44313.92,28.44,14.77,10.214,82.54,5.24,0.0,0.0,1
20250609,181051,25.912909,-80.13772,-0.9,0.2,332.3,0.0,52.6,0.04,-0.02,-0.99,-0.25,[b'Waypoint'],17.0,17.0,60925.0,181051.0,31.087,44259.38,28.4,14.77,10.215,76.97,4.89,0.0,0.0,1
20250609,181052,25.912914,-80.137726,-0.9,0.0,319.4,0.0,52.6,-0.02,0.09,-0.99,1.25,[b'Waypoint'],23.9,12.1,60925.0,181052.0,31.069,44459.78,28.54,14.77,10.213,74.57,4.74,0.0,0.0,1
20250609,181054,25.912926,-80.13774,-1.1,-0.2,320.3,0.0,52.6,-0.03,0.03,-1.02,-0.45,[b'Waypoint'],23.0,7.0,60925.0,181054.0,31.048,44298.04,28.43,14.77,10.213,72.27,4.59,0.0,0.0,1
20250609,181055,25.912933,-80.13775,-0.9,-0.3,324.6,0.0,52.6,-0.01,-0.04,-1.01,0.06,[b'Waypoint'],23.5,9.0,60925.0,181055.0,31.029,44200.5,28.36,14.77,10.215,71.39,4.54,0.0,0.0,1
20250609,181056,25.91294,-80.13775,-0.9,-0.4,317.0,0.0,52.6,-0.04,0.0,-1.01,-0.9,[b'Waypoint'],23.9,-0.4,60925.0,181056.0,31.007,44152.2,28.32,14.77,10.215,70.12,4.46,0.0,0.0,1
20250609,181057,25.912945,-80.13776,-1.1,-0.7,317.3,0.0,52.6,0.05,-0.06,-1.01,1.66,[b'Waypoint'],24.0,1.5,60925.0,181057.0,30.988,44187.85,28.35,14.77,10.214,69.23,4.41,0.0,0.0,1
20250609,181058,25.91295,-80.137764,-0.8,-0.5,310.6,0.0,52.6,-0.01,-0.02,-0.99,-0.76,[b'Waypoint'],22.7,-8.0,60925.0,181058.0,30.966,44174.1,28.34,14.77,10.214,65.31,4.16,0.0,0.0,1
20250609,181059,25.912956,-80.13777,-1.2,-0.1,318.1,0.0,52.6,0.0,0.01,-1.0,0.45,[b'Waypoint'],24.0,-2.6,60925.0,181059.0,30.948,44182.38,28.35,14.77,10.214,64.4,4.1,0.0,0.0,1
20250609,181100,25.912962,-80.13777,-1.1,-0.1,317.7,0.0,52.6,-0.05,0.01,-1.0,-0.15,[b'Waypoint'],23.4,-1.0,60925.0,181100.0,30.931,44073.74,28.27,14.77,10.214,63.54,4.05,0.0,0.0,1
20250609,181101,25.912968,-80.13778,-1.0,-0.3,319.8,0.0,52.6,0.0,-0.03,-1.01,0.44,[b'Waypoint'],24.0,3.1,60925.0,181101.0,30.92,42948.71,27.46,14.77,10.214,63.13,4.03,0.0,0.0,1
20250609,181103,25.912981,-80.137794,-0.8,-0.2,315.2,0.0,52.6,0.01,0.02,-1.0,0.81,[b'Waypoint'],23.0,-7.9,60925.0,181103.0,30.913,44084.11,28.28,14.77,10.213,62.85,4.01,0.0,0.0,1
20250609,181104,25.912987,-80.137794,-0.9,-0.3,316.2,0.0,52.6,0.0,0.03,-0.98,-0.64,[b'Waypoint'],23.0,-0.7,60925.0,181104.0,30.91,39530.64,25.04,14.77,10.221,62.63,3.99,0.0,0.0,1
20250609,181105,25.912992,-80.1378,-1.0,-0.5,315.2,0.0,52.6,-0.01,0.08,-1.0,1.15,[b'Waypoint'],22.2,-9.9,60925.0,181105.0,30.909,44344.48,28.46,14.77,10.212,62.36,3.97,0.0,0.0,1
20250609,181106,25.912998,-80.13781,-1.1,-0.3,320.9,0.0,52.6,-0.15,0.16,-0.96,-1.07,[b'Waypoint'],24.0,4.0,60925.0,181106.0,30.911,42228.46,26.95,14.77,10.22,62.17,3.97,0.0,0.0,1
20250609,181107,25.913004,-80.13782,-0.8,-0.4,317.2,0.0,52.6,-0.03,0.04,-1.01,0.05,[b'Waypoint'],24.0,-1.0,60925.0,181107.0,30.913,43554.58,27.9,14.77,10.218,61.9,3.95,0.0,0.0,1
20250609,181108,25.91301,-80.137825,-1.0,-0.2,314.6,0.0,52.6,0.01,-0.04,-1.0,-0.07,[b'Waypoint'],22.0,-5.5,60925.0,181108.0,30.915,43894.76,28.14,14.77,10.217,61.71,3.94,0.0,0.0,1
20250609,181109,25.913015,-80.137825,-0.8,-0.3,314.8,0.0,52.6,-0.01,0.02,-1.01,-0.14,[b'Waypoint'],23.0,-4.3,60925.0,181109.0,30.919,44003.89,28.22,14.77,10.215,61.45,3.92,0.0,0.0,1
20250609,181110,25.913021,-80.13783,-1.0,-0.3,320.5,0.0,52.6,-0.02,0.02,-1.02,0.87,[b'Waypoint'],24.7,5.1,60925.0,181110.0,30.922,43722.15,28.02,14.77,10.217,61.23,3.91,0.0,0.0,1
20250609,181111,25.913029,-80.13784,-1.1,-0.2,315.6,0.0,52.6,-0.07,0.1,-0.96,0.45,[b'Waypoint'],23.0,-5.4,60925.0,181112.0,30.927,43747.89,28.04,14.77,10.217,61.0,3.89,0.0,0.0,1
20250609,181113,25.91304,-80.13785,-1.0,-0.2,0.0,0.0,52.6,0.03,-0.04,-0.99,-1.17,[b'Waypoint'],24.0,2.8,60925.0,181113.0,30.931,44379.41,28.49,14.77,10.217,60.8,3.88,0.0,0.0,1
20250609,181114,25.913046,-80.137856,-1.1,-0.2,321.3,0.0,52.6,-0.03,0.01,-1.0,0.12,[b'Waypoint'],23.0,7.8,60925.0,181114.0,30.935,43315.68,27.73,14.77,10.217,60.58,3.87,0.0,0.0,1
20250609,181115,25.913052,-80.13786,-0.9,-0.3,320.5,0.0,52.6,-0.05,0.0,-1.0,0.47,[b'Waypoint'],24.7,7.9,60925.0,181115.0,30.939,44370.63,28.48,14.77,10.213,60.3,3.85,0.0,0.0,1
20250609,181116,25.913057,-80.13787,-1.0,-0.1,326.9,0.0,52.6,-0.0,0.0,-1.02,0.53,[b'Waypoint'],20.0,16.2,60925.0,181116.0,30.943,44158.93,28.33,14.77,10.215,59.88,3.82,0.0,0.0,1
20250609,181117,25.913065,-80.13788,-0.8,-0.2,319.3,0.0,52.6,-0.01,0.02,-1.0,1.04,[b'Waypoint'],24.0,0.1,60925.0,181117.0,30.947,44121.57,28.3,14.77,10.215,59.5,3.79,0.0,0.0,1
20250609,181118,25.91307,-80.13788,-1.1,-0.2,318.1,0.0,52.6,0.01,-0.06,-1.04,0.64,[b'Waypoint'],23.0,-3.3,60925.0,181118.0,30.95,43820.24,28.09,14.77,10.216,59.18,3.77,0.0,0.0,1
20250609,181119,0.0,0.0,-0.9,-0.4,319.2,0.0,52.6,0.01,0.0,-1.03,0.46,[b'Waypoint'],24.0,-0.0,60925.0,181120.0,30.954,43800.18,28.07,14.77,10.217,58.85,3.76,0.0,0.0,1
20250609,181120,25.913082,-80.13789,-1.1,-0.4,319.2,0.0,52.6,-0.03,0.01,-1.01,0.85,[b'Waypoint'],24.0,-3.4,60925.0,181121.0,30.958,43867.31,28.12,14.77,10.216,58.59,3.74,0.0,0.0,1
20250609,181122,25.913095,-80.1379,-1.2,-0.3,319.9,0.0,52.6,0.01,-0.0,-1.0,-0.38,[b'Waypoint'],23.0,0.8,60925.0,181122.0,30.963,43799.12,28.07,14.77,10.216,58.33,3.72,0.0,0.0,1
20250609,181123,25.913101,-80.13791,-0.8,-0.5,324.4,0.0,52.6,0.01,0.01,-1.01,0.57,[b'Waypoint'],23.9,1.7,60925.0,181123.0,30.967,43796.05,28.07,14.77,10.216,58.13,3.71,0.0,0.0,1
20250609,181124,25.913107,-80.13792,-1.4,-0.3,321.6,0.0,52.6,-0.03,0.0,-1.0,0.08,[b'Station Ke'],0.1,-0.1,60925.0,181124.0,30.973,43840.4,28.1,14.77,10.216,57.93,3.69,0.0,0.0,1
20250609,181125,25.913113,-80.13792,-1.2,-0.3,321.6,0.0,52.6,-0.03,0.01,-1.0,-0.16,[b'Station Ke'],-0.3,3.7,60925.0,181125.0,30.978,43885.32,28.13,14.77,10.216,57.78,3.68,0.0,0.0,1
20250609,181126,25.913116,-80.137924,-1.2,-0.4,0.0,0.0,52.6,-0.02,0.0,-1.01,-0.03,[b'Waypoint'],-1.0,13.9,60925.0,181126.0,30.985,43953.43,28.18,14.77,10.215,57.62,3.67,0.0,0.0,1
20250609,181127,25.913122,-80.13793,-1.4,-0.3,322.4,0.0,52.6,-0.03,0.01,-1.01,0.15,[b'Station Ke'],-0.2,2.8,60925.0,181127.0,30.99,44000.87,28.21,14.77,10.215,57.51,3.66,0.0,0.0,1
20250609,181128,25.913126,-80.13793,-1.4,-0.3,0.0,0.0,52.6,-0.04,0.01,-1.02,-0.01,[b'Waypoint'],-0.9,-18.1,60925.0,181129.0,30.997,44046.36,28.25,14.77,10.215,57.37,3.65,0.0,0.0,1
20250609,181129,25.91313,-80.13793,-0.8,-0.2,260.9,0.0,52.6,0.01,-0.07,-1.02,-2.0,[b'Waypoint'],-0.3,-62.1,60925.0,181130.0,31.002,44076.63,28.27,14.77,10.214,57.27,3.65,0.0,0.0,1
20250609,181130,25.913132,-80.13794,-1.4,0.6,257.1,0.0,52.7,0.03,-0.03,-1.1,-14.82,[b'Waypoint'],-5.8,-68.3,60925.0,181131.0,31.01,44111.81,28.29,14.77,10.214,57.15,3.64,0.0,0.0,1
20250609,181132,25.913136,-80.13795,-0.9,-0.2,251.3,0.0,52.7,-0.0,-0.03,-1.01,-9.74,[b'Waypoint'],2.8,-21.7,60925.0,181132.0,31.015,44214.09,28.37,14.77,10.214,57.08,3.63,0.0,0.0,1
20250609,181133,25.913136,-80.13795,-1.1,0.1,249.1,0.0,52.7,-0.02,0.03,-1.03,-7.86,[b'Waypoint'],7.3,-17.7,60925.0,181133.0,31.023,44253.27,28.39,14.77,10.213,56.98,3.62,0.0,0.0,1
20250609,181134,25.913136,-80.137955,-1.2,0.1,247.0,0.0,52.7,0.01,-0.0,-0.98,-6.31,[b'Waypoint'],10.6,-16.5,60925.0,181134.0,31.028,44295.57,28.42,14.77,10.213,56.91,3.62,0.0,0.0,1
20250609,181135,25.913134,-80.13796,-1.2,-0.5,244.8,0.0,52.6,0.01,0.09,-1.0,-6.31,[b'Waypoint'],13.0,-12.4,60925.0,181135.0,31.034,44383.03,28.49,14.76,10.212,56.83,3.61,0.0,0.0,1
20250609,181136,25.913134,-80.13796,-1.0,0.4,242.9,0.0,52.6,0.16,-0.13,-1.1,-3.28,[b'Waypoint'],14.0,-13.9,60925.0,181136.0,31.038,44418.12,28.51,14.76,10.212,56.75,3.61,0.0,0.0,1
20250609,181137,25.913134,-80.13797,-0.9,1.0,240.3,0.0,52.6,0.03,0.01,-1.02,-6.21,[b'Waypoint'],14.6,-20.1,60925.0,181138.0,31.042,44451.52,28.54,14.76,10.212,56.64,3.6,0.0,0.0,1
20250609,181138,25.913132,-80.13798,-1.0,-0.1,237.3,0.0,52.6,-0.02,0.06,-1.0,-2.82,[b'Waypoint'],16.0,-7.2,60925.0,181139.0,31.042,44451.44,28.54,14.76,10.212,56.53,3.59,0.0,0.0,1
20250609,181139,25.91313,-80.13798,-0.9,0.4,233.8,0.0,52.6,-0.09,0.0,-0.91,-4.91,[b'Waypoint'],16.0,-16.0,60925.0,181140.0,31.04,44437.63,28.53,14.76,10.212,56.37,3.58,0.0,0.0,1
20250609,181141,25.913124,-80.13799,-1.2,-0.2,245.0,0.0,52.6,-0.02,0.01,-1.01,-2.63,[b'Station Ke'],3.5,3.5,60925.0,181141.0,31.038,44428.15,28.52,14.76,10.212,56.17,3.57,0.0,0.0,1
20250609,181142,25.91312,-80.138,-1.4,-0.8,160.1,0.0,52.7,-0.03,0.01,-0.98,0.66,[b'Waypoint'],-0.6,25.9,60925.0,181142.0,31.034,44432.19,28.52,14.76,10.212,55.85,3.55,0.0,0.0,1
20250609,181143,25.913118,-80.138,-1.0,-0.0,158.6,0.0,52.7,-0.04,-0.01,-0.97,3.8,[b'Waypoint'],-0.3,22.4,60925.0,181143.0,31.029,44438.24,28.53,14.76,10.212,52.04,3.31,0.0,0.0,1
20250609,181144,25.913118,-80.13801,-1.2,0.4,157.5,0.0,52.7,-0.05,0.0,-1.01,3.54,[b'Waypoint'],0.0,0.0,60925.0,181144.0,31.023,44444.34,28.53,14.76,10.211,51.2,3.25,0.0,0.0,1
20250609,181145,25.913116,-80.13801,-0.9,0.8,156.2,0.0,52.7,-0.05,-0.01,-1.02,-4.47,[b'Waypoint'],-0.4,-67.7,60925.0,181145.0,31.017,44447.9,28.53,14.76,10.212,50.53,3.21,0.0,0.0,1
20250609,181146,25.913113,-80.138016,-1.3,0.7,0.0,0.0,52.7,-0.02,0.15,-1.12,-15.94,[b'Waypoint'],-0.4,-67.7,60925.0,181147.0,31.011,44078.57,28.27,14.76,10.211,49.96,3.18,0.0,0.0,1
20250609,181147,25.91311,-80.138016,-0.9,0.9,153.6,0.0,52.7,-0.21,0.09,-1.05,-21.08,[b'Waypoint'],-5.7,-61.4,60925.0,181148.0,31.006,44368.88,28.48,14.76,10.213,49.5,3.16,0.0,0.0,1
20250609,181148,25.913107,-80.138016,-0.6,1.1,152.7,0.0,52.7,-0.04,-0.04,-1.01,-16.63,[b'Waypoint'],-1.7,-33.3,60925.0,181149.0,31.001,44420.12,28.51,14.76,10.212,48.93,3.11,0.0,0.0,1
20250609,181149,25.913103,-80.138016,-0.5,0.4,151.9,0.0,52.7,0.0,-0.04,-0.97,-10.44,[b'Waypoint'],1.5,-23.8,60925.0,181150.0,30.996,44436.47,28.53,14.76,10.212,48.59,3.09,0.0,0.0,1
20250609,181151,25.913097,-80.138016,-0.9,0.2,150.9,0.0,52.7,-0.06,-0.09,-1.0,-6.59,[b'Waypoint'],12.5,-12.5,60925.0,181151.0,30.993,44437.81,28.53,14.76,10.212,48.15,3.06,0.0,0.0,1
20250609,181152,25.913097,-80.138016,-0.7,0.1,150.6,0.0,52.6,-0.0,-0.03,-1.0,-6.41,[b'Waypoint'],16.0,-13.0,60925.0,181152.0,30.991,44454.89,28.54,14.76,10.211,47.81,3.04,0.0,0.0,1
20250609,181153,25.913092,-80.13801,-0.6,0.1,150.3,0.0,52.6,0.08,-0.1,-0.97,-5.17,[b'Waypoint'],19.0,-6.6,60925.0,181153.0,30.991,44455.19,28.54,14.76,10.211,47.58,3.03,0.0,0.0,1
20250609,181154,25.913088,-80.13801,-0.9,0.2,147.4,0.0,52.6,-0.03,0.0,-1.0,-4.37,[b'Waypoint'],21.0,-4.2,60925.0,181155.0,30.991,44441.6,28.53,14.76,10.211,47.28,3.01,0.0,0.0,1
20250609,181155,25.913082,-80.13801,-0.6,0.0,148.9,0.0,52.6,-0.01,0.13,-0.96,-2.83,[b'Waypoint'],24.0,-2.0,60925.0,181156.0,30.991,44428.61,28.52,14.76,10.211,47.09,2.99,0.0,0.0,1
20250609,181156,25.913078,-80.138,-0.6,0.1,144.2,0.0,52.7,-0.09,0.04,-0.98,-1.97,[b'Waypoint'],22.0,-10.3,60925.0,181157.0,30.99,44409.03,28.51,14.76,10.211,46.82,2.98,0.0,0.0,1
20250609,181157,25.913073,-80.138,-0.7,0.1,152.4,0.0,52.7,-0.01,-0.04,-1.01,-1.63,[b'Waypoint'],21.0,6.0,60925.0,181158.0,30.988,44391.48,28.49,14.76,10.211,46.64,2.97,0.0,0.0,1
20250609,181158,25.913067,-80.13799,-1.1,-0.1,144.0,0.0,52.7,-0.01,-0.01,-1.03,0.59,[b'Waypoint'],21.3,-15.5,60925.0,181159.0,30.982,44366.91,28.48,14.76,10.211,46.21,2.94,0.0,0.0,1
20250609,181200,25.913057,-80.137985,-1.5,-0.2,149.2,0.0,52.7,-0.04,0.01,-1.06,0.01,[b'Waypoint'],23.0,-4.3,60925.0,181200.0,30.975,44362.66,28.47,14.76,10.211,45.82,2.92,0.0,0.0,1
20250609,181201,25.913052,-80.13798,-1.7,-0.2,154.3,0.0,52.7,0.06,0.03,-1.01,0.11,[b'Waypoint'],23.6,0.9,60925.0,181201.0,30.965,44352.99,28.47,14.76,10.211,45.38,2.89,0.0,0.0,1
20250609,181202,25.913046,-80.13797,-0.6,-0.1,145.8,0.0,52.7,-0.12,0.02,-0.99,-0.22,[b'Waypoint'],24.0,-9.4,60925.0,181203.0,30.955,44340.13,28.46,14.76,10.211,45.05,2.87,0.0,0.0,1
20250609,181203,25.91304,-80.13797,-0.5,-0.1,145.9,0.0,52.7,-0.04,-0.03,-0.9,-0.78,[b'Waypoint'],24.0,-6.2,60925.0,181204.0,30.943,44318.68,28.44,14.76,10.211,44.73,2.85,0.0,0.0,1
20250609,181204,25.913034,-80.13796,-0.8,-0.2,154.0,0.0,52.7,-0.03,0.01,-1.0,0.52,[b'Waypoint'],20.0,6.8,60925.0,181205.0,30.932,44274.52,28.41,14.76,10.212,44.49,2.83,0.0,0.0,1
20250609,181205,25.913029,-80.137955,-0.7,-0.1,153.4,0.0,52.7,-0.01,0.01,-1.01,0.79,[b'Waypoint'],21.0,1.8,60925.0,181206.0,30.92,44238.42,28.39,14.76,10.212,44.28,2.82,0.0,0.0,1
20250609,181206,25.913023,-80.137955,-0.8,0.0,145.0,0.0,52.7,0.01,0.0,-0.99,-0.34,[b'Waypoint'],22.8,-6.3,60925.0,181207.0,30.909,44225.41,28.38,14.76,10.212,44.12,2.81,0.0,0.0,1
20250609,181207,25.913017,-80.13795,-1.1,-0.2,154.7,0.0,52.7,-0.03,0.0,-1.0,0.41,[b'Waypoint'],20.0,7.5,60925.0,181208.0,30.898,44193.57,28.36,14.76,10.212,43.98,2.8,0.0,0.0,1
20250609,181209,25.913006,-80.13794,-1.4,-0.0,146.6,0.0,52.7,0.06,-0.04,-1.08,-0.2,[b'Waypoint'],24.0,-6.7,60925.0,181209.0,30.889,44166.52,28.34,14.76,10.212,43.92,2.8,0.0,0.0,1
20250609,181210,25.913,-80.13793,-0.6,-0.1,144.8,0.0,52.6,-0.03,0.08,-0.99,1.07,[b'Waypoint'],23.5,4.0,60925.0,181210.0,30.882,44157.57,28.33,14.76,10.212,43.9,2.8,0.0,0.0,1
20250609,181211,25.912992,-80.137924,-0.6,-0.1,148.1,0.0,52.7,0.05,-0.02,-0.97,0.16,[b'Waypoint'],24.0,-5.4,60925.0,181212.0,30.877,44144.32,28.32,14.76,10.212,43.91,2.8,0.0,0.0,1
20250609,181212,25.912987,-80.137924,-0.9,-0.2,151.7,0.0,52.7,-0.03,-0.01,-1.01,0.37,[b'Waypoint'],22.0,0.4,60925.0,181213.0,30.874,44149.18,28.32,14.76,10.212,44.0,2.81,0.0,0.0,1
20250609,181213,25.912981,-80.13792,-0.7,-0.1,152.4,0.0,52.7,-0.03,0.04,-1.02,-0.75,[b'Waypoint'],23.4,1.9,60925.0,181214.0,30.871,44112.07,28.3,14.76,10.213,44.09,2.81,0.0,0.0,1
20250609,181214,25.912975,-80.13791,-0.7,-0.1,148.1,0.0,52.7,-0.02,0.0,-1.02,-0.75,[b'Station Ke'],14.9,-3.7,60925.0,181215.0,30.868,44102.07,28.29,14.76,10.213,44.26,2.82,0.0,0.0,1
20250609,181216,25.91297,-80.13791,-0.7,-0.1,148.1,0.0,52.7,-0.02,0.01,-0.96,-0.16,[b'Station Ke'],1.5,-1.5,60925.0,181216.0,30.866,44097.37,28.29,14.76,10.213,44.4,2.83,0.0,0.0,1
20250609,181216,25.912964,-80.1379,-1.6,-0.2,0.0,0.0,52.7,0.0,0.01,-1.01,0.02,[b'Waypoint'],-0.4,-42.5,60925.0,181217.0,30.863,44070.34,28.27,14.76,10.213,44.61,2.85,0.0,0.0,1
20250609,181217,25.91296,-80.1379,-1.6,-0.1,121.4,0.0,52.7,-0.13,-0.13,-1.0,-4.64,[b'Waypoint'],9.4,-33.4,60925.0,181218.0,30.861,44098.82,28.29,14.76,10.213,44.77,2.86,0.0,0.0,1
20250609,181219,25.91295,-80.137886,-1.3,-0.1,117.5,0.0,52.7,-0.19,0.09,-1.05,-4.25,[b'Waypoint'],12.4,-20.9,60925.0,181219.0,30.859,44089.58,28.28,14.76,10.213,44.99,2.87,0.0,0.0,1
20250609,181220,25.912947,-80.13788,-0.6,-0.0,115.1,0.0,52.7,-0.01,-0.13,-0.98,-4.25,[b'Waypoint'],14.7,-18.8,60925.0,181221.0,30.859,44060.93,28.26,14.76,10.213,45.21,2.89,0.0,0.0,1
20250609,181221,25.912943,-80.13788,-0.0,0.0,112.5,0.0,52.7,0.04,-0.0,-0.95,-4.27,[b'Waypoint'],14.8,-18.0,60925.0,181222.0,30.859,44066.74,28.27,14.76,10.213,45.47,2.9,0.0,0.0,1
20250609,181222,25.91294,-80.13787,-0.3,-0.0,109.4,0.0,52.7,0.04,0.05,-0.99,-4.83,[b'Waypoint'],15.5,-23.0,60925.0,181223.0,30.859,44096.9,28.29,14.76,10.213,45.7,2.92,0.0,0.0,1
20250609,181224,25.912935,-80.13786,-1.2,-0.2,124.6,0.0,52.7,-0.03,0.01,-1.0,-1.29,[b'Station Ke'],0.0,0.0,60925.0,181224.0,30.859,44112.59,28.3,14.76,10.213,45.98,2.93,0.0,0.0,1
20250609,181224,25.912933,-80.137856,-1.3,-0.1,0.0,0.0,52.7,-0.05,0.01,-1.01,-0.71,[b'Waypoint'],5.1,-5.1,60925.0,181225.0,30.859,44119.3,28.3,14.76,10.213,46.24,2.95,0.0,0.0,1
20250609,181226,0.0,0.0,-0.8,-0.4,121.4,0.0,52.7,-0.02,0.0,-0.98,-1.55,[b'Station Ke'],0.0,0.0,60925.0,181226.0,30.86,44131.11,28.31,14.76,10.212,46.54,2.97,0.0,0.0,1
20250609,181226,25.91293,-80.13784,-0.9,-0.1,0.0,0.0,52.7,-0.03,0.0,-0.99,-0.67,[b'Waypoint'],0.0,0.0,60925.0,181227.0,30.863,44189.61,28.35,14.76,10.212,46.83,2.99,0.0,0.0,1
20250609,181228,25.912926,-80.13783,-1.3,-0.0,0.0,0.0,52.7,-0.03,-0.01,-1.02,-0.5,[b'Waypoint'],-0.8,-27.1,60925.0,181229.0,30.867,44221.86,28.38,14.76,10.212,47.17,3.01,0.0,0.0,1
20250609,181230,25.912924,-80.137825,-1.1,0.0,168.3,0.0,52.7,-0.01,-0.01,-1.02,-1.4,[b'Waypoint'],0.0,0.0,60925.0,181230.0,30.872,44293.31,28.43,14.76,10.212,47.53,3.03,0.0,0.0,1
20250609,181231,25.912924,-80.13782,-1.2,-0.1,169.5,0.0,52.7,-0.0,-0.03,-0.99,-0.78,[b'Waypoint'],-0.3,32.3,60925.0,181231.0,30.876,44307.08,28.44,14.76,10.211,47.87,3.05,0.0,0.0,1
20250609,181231,25.912922,-80.13782,-0.9,-0.6,170.4,0.0,52.7,-0.09,0.19,-0.91,5.56,[b'Waypoint'],-4.3,74.3,60925.0,181232.0,30.88,44348.54,28.47,14.76,10.211,48.26,3.08,0.0,0.0,1
20250609,181233,25.91292,-80.13781,-1.2,-1.2,171.5,0.0,52.7,-0.07,0.02,-1.0,15.29,[b'Waypoint'],-7.9,49.3,60925.0,181233.0,30.884,44402.92,28.51,14.76,10.211,48.62,3.1,0.0,0.0,1
20250609,181234,25.912918,-80.13781,-0.7,-0.7,172.2,0.0,52.7,-0.01,0.04,-0.98,10.65,[b'Waypoint'],5.6,11.9,60925.0,181234.0,30.886,44439.23,28.53,14.76,10.21,49.03,3.12,0.0,0.0,1
20250609,181235,25.912914,-80.13781,-0.3,-0.5,172.7,0.0,52.7,-0.0,0.02,-0.98,7.89,[b'Waypoint'],9.7,9.7,60925.0,181235.0,30.888,44469.33,28.55,14.76,10.21,49.4,3.15,0.0,0.0,1
20250609,181236,25.912912,-80.13781,-0.7,-0.6,173.1,0.0,52.7,-0.01,-0.01,-1.01,4.98,[b'Waypoint'],15.0,4.5,60925.0,181236.0,30.89,44486.11,28.57,14.76,10.21,49.8,3.17,0.0,0.0,1
20250609,181238,25.912907,-80.1378,-0.9,-0.3,180.7,0.0,52.7,-0.01,0.02,-1.02,3.63,[b'Waypoint'],18.0,18.0,60925.0,181238.0,30.891,44511.61,28.58,14.76,10.209,50.11,3.19,0.0,0.0,1
20250609,181239,25.912903,-80.1378,-0.6,-0.2,179.7,0.0,52.7,-0.01,0.03,-0.98,3.83,[b'Waypoint'],18.6,12.4,60925.0,181239.0,30.892,44518.49,28.59,14.76,10.209,50.57,3.22,0.0,0.0,1
20250609,181240,25.912899,-80.1378,-0.4,-0.4,175.7,0.0,52.7,-0.01,0.0,-0.96,2.65,[b'Waypoint'],22.0,1.9,60925.0,181240.0,30.893,44524.61,28.59,14.76,10.208,50.88,3.24,0.0,0.0,1
20250609,181241,25.912893,-80.1378,-0.7,-0.5,178.7,0.0,52.7,0.0,0.02,-0.96,1.49,[b'Waypoint'],22.0,9.8,60925.0,181241.0,30.893,44510.46,28.58,14.76,10.208,51.31,3.27,0.0,0.0,1
20250609,181242,25.912888,-80.1378,-0.7,-0.5,176.9,0.0,52.7,0.0,0.02,-0.96,1.49,[b'Waypoint'],24.0,2.4,60925.0,181242.0,30.893,44505.93,28.58,14.76,10.208,51.6,3.29,0.0,0.0,1
20250609,181243,25.912882,-80.137794,-0.9,-0.4,172.7,0.0,52.7,-0.0,0.03,-1.01,0.0,[b'Waypoint'],23.0,-2.5,60925.0,181243.0,30.893,44490.18,28.57,14.76,10.208,51.98,3.31,0.0,0.0,1
20250609,181244,25.912876,-80.137794,-1.1,-0.3,169.6,0.0,52.7,0.03,-0.05,-1.02,0.07,[b'Waypoint'],21.0,-6.9,60925.0,181244.0,30.892,44483.91,28.56,14.76,10.208,52.23,3.33,0.0,0.0,1
20250609,181245,25.912868,-80.137794,-0.9,-0.5,178.0,0.0,52.7,-0.03,0.04,-0.96,0.5,[b'Waypoint'],24.0,7.0,60925.0,181245.0,30.89,44473.42,28.56,14.76,10.208,52.52,3.35,0.0,0.0,1
20250609,181246,25.912863,-80.137794,-1.5,-0.6,172.5,0.0,52.7,-0.04,-0.04,-1.03,-0.44,[b'Waypoint'],22.0,-1.1,60925.0,181247.0,30.888,44449.43,28.54,14.76,10.208,52.74,3.36,0.0,0.0,1
20250609,181248,25.912848,-80.13779,-1.1,-0.2,167.7,0.0,52.7,0.03,-0.0,-1.07,0.4,[b'Waypoint'],20.0,-12.7,60925.0,181248.0,30.885,44415.14,28.51,14.76,10.208,52.96,3.37,0.0,0.0,1
20250609,181249,25.912842,-80.13779,-1.0,-0.1,174.2,0.0,52.7,-0.02,-0.02,-1.04,-0.35,[b'Waypoint'],24.0,2.9,60925.0,181249.0,30.882,44352.75,28.47,14.76,10.209,53.12,3.39,0.0,0.0,1
20250609,181250,25.912834,-80.13779,-0.6,-0.2,169.8,0.0,52.7,-0.04,-0.01,-1.08,0.18,[b'Waypoint'],22.0,-7.2,60925.0,181250.0,30.878,44333.5,28.46,14.76,10.209,53.28,3.4,0.0,0.0,1
20250609,181251,25.912828,-80.13779,-0.7,-0.4,179.0,0.0,52.7,0.05,0.03,-1.01,0.68,[b'Waypoint'],23.0,7.2,60925.0,181251.0,30.874,44308.03,28.44,14.76,10.209,53.38,3.4,0.0,0.0,1
20250609,181252,25.91282,-80.13779,-0.6,-0.2,173.2,0.0,52.7,-0.01,-0.02,-1.01,-0.78,[b'Waypoint'],23.0,2.2,60925.0,181252.0,30.867,44271.51,28.41,14.76,10.209,53.45,3.41,0.0,0.0,1
20250609,181253,25.912813,-80.13778,-0.6,0.0,164.5,0.0,52.7,-0.03,-0.01,-1.03,0.84,[b'Waypoint'],23.1,-9.2,60925.0,181253.0,30.86,44248.25,28.4,14.76,10.209,53.47,3.41,0.0,0.0,1
20250609,181254,25.912807,-80.13778,-0.7,-0.1,168.3,0.0,52.7,0.05,-0.04,-1.03,-0.63,[b'Waypoint'],21.0,-4.9,60925.0,181254.0,30.85,44251.96,28.4,14.76,10.209,53.48,3.41,0.0,0.0,1
20250609,181255,25.9128,-80.13778,-0.6,-0.4,171.8,0.0,52.7,-0.03,-0.01,-0.98,0.83,[b'Waypoint'],24.0,-1.5,60925.0,181256.0,30.84,44238.01,28.39,14.76,10.209,53.47,3.41,0.0,0.0,1
20250609,181256,25.912792,-80.13778,-0.9,-0.3,173.5,0.0,52.7,-0.05,-0.01,-1.02,1.19,[b'Waypoint'],24.0,-4.2,60925.0,181257.0,30.828,44222.23,28.38,14.76,10.209,53.43,3.41,0.0,0.0,1
20250609,181258,25.912779,-80.13777,-1.3,-0.5,174.4,0.0,52.7,-0.03,0.01,-0.98,-0.64,[b'Station Ke'],2.0,2.0,60925.0,181258.0,30.817,44214.14,28.37,14.76,10.209,53.41,3.41,0.0,0.0,1
20250609,181259,25.912771,-80.13777,-1.7,-0.6,0.0,0.0,52.7,-0.04,0.01,-1.03,0.18,[b'Waypoint'],-6.8,-6.8,60925.0,181259.0,30.805,44220.9,28.38,14.76,10.209,53.39,3.41,0.0,0.0,1
20250609,181300,25.912767,-80.13777,-1.6,-0.4,173.9,0.0,52.7,-0.03,0.01,-1.03,-0.43,[b'Station Ke'],0.0,0.0,60925.0,181300.0,30.796,44241.53,28.39,14.76,10.209,53.41,3.41,0.0,0.0,1
20250609,181301,25.912762,-80.13777,-1.2,-0.2,0.0,0.0,52.7,-0.02,-0.01,-1.01,0.34,[b'Waypoint'],-0.8,23.5,60925.0,181301.0,30.787,44299.7,28.44,14.76,10.209,53.5,3.42,0.0,0.0,1
20250609,181302,25.912758,-80.13777,-1.1,-0.1,236.0,0.0,52.7,-0.03,-0.01,-1.01,1.4,[b'Waypoint'],-0.3,57.8,60925.0,181302.0,30.78,44348.16,28.47,14.76,10.208,53.62,3.42,0.0,0.0,1
20250609,181303,25.912754,-80.137764,-1.2,-0.5,237.9,0.0,52.7,-0.04,0.1,-0.96,11.41,[b'Waypoint'],-5.2,75.2,60925.0,181303.0,30.773,44369.67,28.49,14.76,10.208,53.87,3.44,0.0,0.0,1
20250609,181304,25.912754,-80.137764,-1.0,-0.5,240.3,0.0,52.7,-0.02,-0.09,-1.05,15.34,[b'Waypoint'],-7.4,33.6,60925.0,181305.0,30.769,44417.21,28.52,14.76,10.208,57.93,3.7,0.0,0.0,1
20250609,181305,25.912746,-80.13777,-0.7,-0.5,241.9,0.0,52.7,-0.0,0.02,-0.97,9.17,[b'Waypoint'],3.6,24.9,60925.0,181306.0,30.766,44449.53,28.54,14.76,10.208,58.71,3.75,0.0,0.0,1
20250609,181307,25.91274,-80.13778,-0.7,-0.3,244.0,0.0,52.7,-0.01,0.0,-1.01,6.23,[b'Waypoint'],10.8,13.4,60925.0,181307.0,30.764,44482.63,28.57,14.76,10.207,59.67,3.81,0.0,0.0,1
20250609,181308,25.912737,-80.13778,-0.3,-0.4,245.1,0.0,52.7,0.01,-0.01,-0.97,3.73,[b'Waypoint'],13.9,15.7,60925.0,181308.0,30.763,44505.94,28.58,14.76,10.207,60.02,3.83,0.0,0.0,1
20250609,181309,25.912733,-80.13779,-0.8,-0.5,246.1,0.0,52.7,-0.0,-0.0,-0.99,3.52,[b'Waypoint'],15.2,27.0,60925.0,181309.0,30.764,44526.41,28.6,14.76,10.207,60.53,3.86,0.0,0.0,1
20250609,181310,25.91273,-80.13779,-1.1,-2.4,247.2,0.0,52.7,-0.02,0.06,-0.98,1.9,[b'Waypoint'],16.4,25.5,60925.0,181310.0,30.765,44541.73,28.61,14.76,10.207,60.81,3.88,0.0,0.0,1
20250609,181311,25.912725,-80.137794,-0.8,-2.4,248.0,0.0,52.7,-0.01,0.05,-0.96,1.47,[b'Waypoint'],14.5,14.5,60925.0,181311.0,30.765,44553.15,28.62,14.76,10.207,61.14,3.9,0.0,0.0,1
20250609,181312,25.912722,-80.1378,-0.8,-1.7,249.1,0.0,52.7,-0.02,0.1,-0.99,2.36,[b'Waypoint'],15.7,15.7,60925.0,181313.0,30.764,44531.52,28.6,14.76,10.207,61.41,3.92,0.0,0.0,1
20250609,181313,25.91272,-80.1378,-0.6,-0.5,257.4,0.0,52.7,0.0,-0.04,-0.96,3.32,[b'Waypoint'],15.9,17.2,60925.0,181314.0,30.762,44521.75,28.6,14.76,10.207,61.68,3.94,0.0,0.0,1
20250609,181315,25.912716,-80.13781,-1.1,0.3,246.0,0.0,52.7,-0.04,-0.0,-1.04,1.4,[b'Station Ke'],-0.1,1.6,60925.0,181315.0,30.759,44498.5,28.58,14.76,10.208,61.9,3.95,0.0,0.0,1
20250609,181316,25.91271,-80.137825,-0.9,-0.7,248.1,0.0,52.7,0.01,0.0,-1.02,7.25,[b'Station Ke'],-0.6,34.3,60925.0,181316.0,30.755,44471.79,28.56,14.76,10.208,62.12,3.97,0.0,0.0,1
20250609,181317,25.912708,-80.13783,-0.9,0.4,0.0,0.0,52.7,-0.05,-0.01,-1.01,4.27,[b'Waypoint'],-1.4,20.6,60925.0,181317.0,30.751,44472.33,28.56,14.76,10.208,62.33,3.98,0.0,0.0,1
20250609,181318,25.912706,-80.13784,-0.7,0.2,160.3,0.0,52.8,-0.0,0.03,-0.98,5.9,[b'Waypoint'],-0.9,25.5,60925.0,181318.0,30.747,44482.31,28.57,14.76,10.208,62.45,3.99,0.0,0.0,1
20250609,181319,25.912706,-80.13784,-1.1,-0.2,159.9,0.0,52.7,-0.02,-0.02,-1.0,2.16,[b'Waypoint'],0.0,0.0,60925.0,181319.0,30.743,44500.62,28.58,14.76,10.208,62.57,3.99,0.0,0.0,1
20250609,181320,25.912706,-80.13785,-0.7,-1.4,159.7,0.0,52.7,0.13,-0.13,-1.03,-2.0,[b'Waypoint'],-0.2,-66.2,60925.0,181321.0,30.741,44497.72,28.58,14.76,10.208,62.75,4.01,0.0,0.0,1
20250609,181321,25.912704,-80.137856,-1.1,0.4,159.3,0.0,52.7,0.04,-0.03,-1.03,-14.22,[b'Waypoint'],-5.2,-75.2,60925.0,181322.0,30.736,44416.06,28.52,14.76,10.208,62.98,4.02,0.0,0.0,1
20250609,181322,25.912703,-80.137856,-1.1,1.5,159.1,0.0,52.7,-0.06,-0.12,-0.99,-21.49,[b'Waypoint'],-5.2,-73.8,60925.0,181323.0,30.734,43930.7,28.17,14.76,10.212,63.09,4.06,0.0,0.0,1
20250609,181324,25.912695,-80.137856,-1.2,-0.3,158.6,0.0,52.8,0.01,-0.02,-1.04,-14.05,[b'Waypoint'],-2.4,-34.6,60925.0,181324.0,30.73,44622.91,28.67,14.76,10.208,63.09,4.02,0.0,0.0,1
20250609,181325,25.912693,-80.137856,-1.4,-0.3,158.5,0.0,52.7,-0.05,0.06,-1.06,-11.07,[b'Waypoint'],4.0,-19.6,60925.0,181325.0,30.728,44565.4,28.63,14.76,10.208,62.97,4.02,0.0,0.0,1
20250609,181326,25.912691,-80.137856,-1.3,0.1,158.4,0.0,52.7,-0.02,0.03,-1.01,-5.69,[b'Waypoint'],9.8,-13.3,60925.0,181327.0,30.726,44741.56,28.75,14.76,10.207,62.82,4.01,0.0,0.0,1
20250609,181327,25.912687,-80.137856,-1.6,-0.2,158.3,0.0,52.7,-0.08,0.05,-1.04,-5.21,[b'Waypoint'],10.8,-10.8,60925.0,181328.0,30.724,44620.46,28.67,14.76,10.207,62.59,3.99,0.0,0.0,1
20250609,181328,25.912683,-80.137856,-1.2,-0.1,158.2,0.0,52.7,0.12,0.06,-0.98,-2.81,[b'Waypoint'],16.0,-1.4,60925.0,181329.0,30.722,44573.82,28.63,14.76,10.208,62.35,3.98,0.0,0.0,1
20250609,181329,25.91268,-80.137856,-0.3,-0.2,158.2,0.0,52.7,0.01,-0.01,-0.94,-2.54,[b'Waypoint'],19.0,-12.5,60925.0,181330.0,30.719,44526.07,28.6,14.76,10.208,62.05,3.96,0.0,0.0,1
20250609,181331,25.912672,-80.13785,-1.5,-0.0,156.2,0.0,52.7,0.0,0.02,-1.05,-2.47,[b'Waypoint'],21.0,-1.4,60925.0,181331.0,30.716,44561.37,28.63,14.76,10.208,61.78,3.94,0.0,0.0,1
20250609,181332,25.912666,-80.13785,-0.8,-0.0,156.1,0.0,52.7,-0.03,-0.02,-1.0,-2.46,[b'Waypoint'],23.0,-1.7,60925.0,181332.0,30.713,44570.98,28.63,14.76,10.208,61.49,3.93,0.0,0.0,1
20250609,181333,25.912663,-80.13784,-0.2,-0.1,159.1,0.0,52.7,-0.0,-0.06,-0.95,-0.57,[b'Waypoint'],23.0,3.7,60925.0,181333.0,30.71,44571.04,28.63,14.76,10.208,61.25,3.91,0.0,0.0,1
20250609,181334,25.912657,-80.13784,-0.0,-0.0,152.6,0.0,52.7,0.01,0.02,-0.94,0.19,[b'Waypoint'],22.8,-13.6,60925.0,181335.0,30.705,44557.01,28.62,14.76,10.208,61.03,3.9,0.0,0.0,1
20250609,181335,25.912651,-80.13783,-0.8,-0.1,160.9,0.0,52.7,-0.03,-0.0,-1.01,0.42,[b'Waypoint'],22.8,-0.3,60925.0,181336.0,30.699,44555.24,28.62,14.76,10.207,60.89,3.89,0.0,0.0,1
20250609,181336,25.912645,-80.13783,-2.2,-0.2,170.8,0.0,52.7,-0.07,0.0,-1.15,-0.13,[b'Waypoint'],22.2,9.9,60925.0,181337.0,30.695,44533.72,28.61,14.76,10.208,60.87,3.89,0.0,0.0,1
20250609,181337,25.912638,-80.137825,-2.0,-0.2,154.4,0.0,52.7,-0.02,-0.01,-1.14,-0.68,[b'Waypoint'],24.0,-8.8,60925.0,181338.0,30.689,44546.79,28.62,14.76,10.208,60.9,3.89,0.0,0.0,1
20250609,181338,25.912632,-80.137825,-1.4,-0.1,154.6,0.0,52.7,-0.02,-0.0,-1.03,-0.12,[b'Waypoint'],24.0,-5.7,60925.0,181339.0,30.685,44530.0,28.6,14.76,10.208,61.0,3.9,0.0,0.0,1
20250609,181340,25.912619,-80.13782,-0.4,0.2,158.9,0.0,52.7,-0.01,0.0,-0.97,-1.2,[b'Waypoint'],23.0,4.4,60925.0,181340.0,30.678,44486.13,28.57,14.76,10.208,61.17,3.91,0.0,0.0,1
20250609,181341,25.912613,-80.13781,-0.6,-0.1,162.5,0.0,52.7,-0.04,-0.0,-0.98,0.31,[b'Waypoint'],23.3,4.3,60925.0,181341.0,30.672,44490.57,28.58,14.76,10.207,61.39,3.92,0.0,0.0,1
20250609,181342,25.912607,-80.13781,-1.0,-0.1,159.6,0.0,52.7,-0.02,0.04,-1.02,0.9,[b'Waypoint'],22.0,-0.6,60925.0,181342.0,30.665,44075.82,28.28,14.76,10.209,61.7,3.95,0.0,0.0,1
20250609,181343,25.9126,-80.1378,-0.2,-0.1,158.4,0.0,52.7,-0.0,0.03,-0.98,0.24,[b'Waypoint'],23.0,-0.7,60925.0,181344.0,30.661,44523.7,28.6,14.76,10.208,65.06,4.15,0.0,0.0,1
20250609,181344,25.912594,-80.137794,-0.1,-0.1,161.8,0.0,52.7,-0.01,0.04,-0.89,0.59,[b'Waypoint'],22.0,5.8,60925.0,181345.0,30.655,44556.3,28.62,14.76,10.208,66.24,4.23,0.0,0.0,1
20250609,181345,25.912586,-80.137794,-0.7,-0.0,156.5,0.0,52.7,-0.0,-0.07,-0.98,-0.3,[b'Waypoint'],24.0,-3.1,60925.0,181346.0,30.652,44622.31,28.67,14.76,10.208,67.07,4.29,0.0,0.0,1
20250609,181346,25.91258,-80.13779,-1.4,-0.1,161.3,0.0,52.7,-0.08,0.03,-1.01,-0.79,[b'Waypoint'],22.0,9.5,60925.0,181347.0,30.649,44534.64,28.61,14.76,10.208,67.95,4.34,0.0,0.0,1
20250609,181347,25.912573,-80.13779,-1.5,-0.2,160.0,0.0,52.7,-0.02,0.08,-1.01,0.51,[b'Waypoint'],22.0,2.0,60925.0,181348.0,30.648,44525.44,28.6,14.76,10.208,68.63,4.39,0.0,0.0,1
20250609,181349,25.912561,-80.13778,-1.0,-0.1,158.0,0.0,52.7,-0.04,0.0,-1.0,-0.16,[b'Waypoint'],24.3,1.9,60925.0,181349.0,30.648,44552.02,28.62,14.76,10.208,69.57,4.45,0.0,0.0,1
20250609,181350,25.912554,-80.13777,-0.5,-0.2,157.1,0.0,52.7,-0.03,-0.02,-0.97,0.52,[b'Waypoint'],24.0,-6.7,60925.0,181350.0,30.648,44518.99,28.6,14.76,10.208,70.19,4.49,0.0,0.0,1
20250609,181351,25.912548,-80.13777,-0.9,-0.2,158.3,0.0,52.7,0.0,-0.05,-1.04,-0.1,[b'Waypoint'],24.0,-2.5,60925.0,181352.0,30.649,44533.59,28.61,14.76,10.208,74.32,4.75,0.0,0.0,1
20250609,181352,25.91254,-80.137764,-0.5,-0.2,157.0,0.0,52.7,-0.01,-0.03,-0.96,-0.24,[b'Waypoint'],24.0,-2.4,60925.0,181353.0,30.65,44571.56,28.63,14.76,10.208,75.21,4.81,0.0,0.0,1
20250609,181353,25.912535,-80.137764,-0.8,-0.1,162.0,0.0,52.7,0.0,0.09,-1.03,0.66,[b'Waypoint'],22.0,4.4,60925.0,181354.0,30.653,44582.87,28.64,14.76,10.208,76.3,4.88,0.0,0.0,1
20250609,181354,25.912527,-80.13776,-0.6,-0.0,158.8,0.0,52.7,0.04,-0.05,-1.0,0.36,[b'Waypoint'],24.0,-3.6,60925.0,181355.0,30.656,44592.39,28.65,14.76,10.208,76.6,4.9,0.0,0.0,1
20250609,181355,25.91252,-80.13776,-1.1,0.0,149.8,0.0,52.7,-0.15,0.02,-0.99,-2.09,[b'Waypoint'],20.0,-13.2,60925.0,181356.0,30.66,44600.02,28.65,14.76,10.208,77.07,4.93,0.0,0.0,1
20250609,181356,25.912514,-80.13775,-1.1,-0.3,162.3,0.0,52.8,-0.02,0.08,-1.02,0.27,[b'Waypoint'],22.0,8.0,60925.0,181357.0,30.663,44574.49,28.64,14.76,10.208,77.39,4.95,0.0,0.0,1
20250609,181357,25.912506,-80.13774,-0.4,-0.1,157.4,0.0,52.8,-0.01,-0.06,-1.0,0.23,[b'Waypoint'],24.0,-4.1,60925.0,181358.0,30.665,44562.46,28.63,14.76,10.208,77.68,4.96,0.0,0.0,1
20250609,181359,25.912493,-80.13773,-0.5,-0.2,156.9,0.0,52.8,0.01,-0.04,-0.94,0.1,[b'Waypoint'],24.0,-2.8,60925.0,181359.0,30.667,44580.53,28.64,14.76,10.208,77.93,4.98,0.0,0.0,1
20250609,181400,25.912487,-80.13773,-1.5,-0.3,160.4,0.0,52.8,-0.02,0.01,-1.02,-0.57,[b'Waypoint'],22.0,8.7,60925.0,181401.0,30.668,44588.66,28.65,14.76,10.208,78.11,4.99,0.0,0.0,1
20250609,181401,25.91248,-80.137726,-1.5,-0.4,163.7,0.0,52.8,-0.05,0.03,-1.09,1.22,[b'Waypoint'],21.0,5.0,60925.0,181402.0,30.669,44632.83,28.68,14.76,10.208,78.3,5.0,0.0,0.0,1
20250609,181402,25.912474,-80.137726,-1.2,-0.3,159.5,0.0,52.8,0.11,-0.04,-1.02,0.53,[b'Waypoint'],23.1,-1.8,60925.0,181403.0,30.669,44664.82,28.7,14.76,10.208,78.44,5.01,0.0,0.0,1
20250609,181403,25.912466,-80.13772,-1.3,-0.0,155.1,0.0,52.7,-0.02,0.13,-1.01,-0.83,[b'Waypoint'],23.3,-1.4,60925.0,181404.0,30.668,44703.06,28.73,14.76,10.207,78.54,5.02,0.0,0.0,1
20250609,181404,25.91246,-80.13772,-1.6,-0.1,155.1,0.0,52.8,0.04,-0.08,-1.08,-0.68,[b'Waypoint'],23.0,-5.3,60925.0,181405.0,30.666,44704.62,28.73,14.76,10.207,78.66,5.02,0.0,0.0,1
20250609,181405,25.912455,-80.13771,-0.8,-0.2,161.7,0.0,52.8,0.01,-0.04,-1.02,0.7,[b'Waypoint'],22.0,7.5,60925.0,181406.0,30.663,44712.95,28.74,14.76,10.207,78.72,5.03,0.0,0.0,1
20250609,181406,25.912447,-80.13771,0.1,-0.2,157.1,0.0,52.8,0.03,0.03,-0.94,-0.24,[b'Waypoint'],24.0,0.3,60925.0,181407.0,30.659,44691.36,28.72,14.76,10.207,78.79,5.03,0.0,0.0,1
20250609,181408,25.912434,-80.1377,-0.7,-0.2,153.7,0.0,52.8,-0.01,0.01,-0.98,-0.42,[b'Waypoint'],23.0,-6.9,60925.0,181408.0,30.654,44090.08,28.29,14.76,10.206,79.0,5.04,0.0,0.0,1
20250609,181409,25.912426,-80.137695,-0.6,-0.3,157.7,0.0,52.8,-0.02,0.03,-0.98,-0.33,[b'Waypoint'],24.0,-1.7,60925.0,181410.0,30.65,43789.38,28.07,14.76,10.208,79.14,5.05,0.0,0.0,1
20250609,181411,25.91242,-80.13769,-0.4,-0.3,154.0,0.0,52.8,-0.09,0.09,-0.93,-0.33,[b'Waypoint'],23.3,-8.5,60925.0,181411.0,30.649,44837.44,28.83,14.76,10.21,79.29,5.07,0.0,0.0,1
20250609,181411,25.912413,-80.13769,-0.7,-0.3,157.4,0.0,52.8,-0.0,-0.01,-1.01,-0.58,[b'Waypoint'],24.0,-0.1,60925.0,181412.0,30.65,44805.05,28.8,14.76,10.207,79.43,5.07,0.0,0.0,1
20250609,181412,25.912407,-80.13768,-1.0,-0.3,161.0,0.0,52.7,-0.0,-0.01,-1.04,0.0,[b'Waypoint'],22.0,10.2,60925.0,181413.0,30.655,44828.85,28.82,14.76,10.207,79.66,5.09,0.0,0.0,1
20250609,181414,25.9124,-80.13768,-1.1,-0.3,163.4,0.0,52.7,0.0,0.01,-1.05,0.62,[b'Waypoint'],21.0,9.8,60925.0,181414.0,30.661,44782.23,28.79,14.76,10.207,79.87,5.1,0.0,0.0,1
20250609,181415,25.912394,-80.13767,-0.5,-0.2,156.0,0.0,52.8,0.04,-0.0,-0.96,0.13,[b'Waypoint'],24.0,-6.0,60925.0,181415.0,30.667,44798.75,28.8,14.76,10.207,83.54,5.33,0.0,0.0,1
20250609,181416,25.912388,-80.13767,-0.4,-0.2,158.8,0.0,52.7,0.0,0.01,-0.94,-0.95,[b'Waypoint'],24.0,7.7,60925.0,181416.0,30.673,44803.08,28.8,14.76,10.207,84.15,5.37,0.0,0.0,1
20250609,181417,25.91238,-80.137665,-1.1,-0.3,161.0,0.0,52.8,0.02,-0.02,-1.02,0.19,[b'Waypoint'],22.0,7.7,60925.0,181418.0,30.679,44638.69,28.68,14.76,10.208,84.55,5.4,0.0,0.0,1
20250609,181419,25.912367,-80.13766,-1.9,-0.3,154.6,0.0,52.8,-0.06,0.01,-1.08,0.43,[b'Waypoint'],24.3,-4.3,60925.0,181419.0,30.684,44594.55,28.65,14.76,10.208,84.69,5.41,0.0,0.0,1
20250609,181420,25.91236,-80.13765,-1.2,-0.3,161.5,0.0,52.8,-0.05,0.0,-1.07,0.26,[b'Waypoint'],24.6,2.4,60925.0,181420.0,30.689,44565.42,28.63,14.76,10.209,84.84,5.42,0.0,0.0,1
20250609,181421,25.912354,-80.13765,-0.6,-0.4,158.9,0.0,52.8,-0.06,0.03,-0.96,0.56,[b'Waypoint'],24.0,-1.6,60925.0,181421.0,30.693,44553.4,28.62,14.76,10.208,84.9,5.42,0.0,0.0,1
20250609,181422,25.912348,-80.13764,-0.3,-0.2,158.2,0.0,52.7,0.01,-0.02,-0.96,0.53,[b'Waypoint'],24.0,-1.8,60925.0,181422.0,30.699,44554.22,28.62,14.76,10.208,84.92,5.42,0.0,0.0,1
20250609,181423,25.91234,-80.13764,-0.6,-0.2,152.2,0.0,52.7,-0.03,-0.01,-0.95,-0.74,[b'Waypoint'],21.4,-10.2,60925.0,181423.0,30.701,44527.45,28.6,14.76,10.209,84.92,5.42,0.0,0.0,1
20250609,181424,25.912334,-80.137634,-1.4,-0.3,160.0,0.0,52.7,-0.01,0.02,-1.04,0.21,[b'Waypoint'],23.1,4.8,60925.0,181424.0,30.702,44526.48,28.6,14.76,10.209,84.92,5.42,0.0,0.0,1
20250609,181425,25.912327,-80.137634,-1.0,-0.1,167.4,0.0,52.7,-0.05,0.0,-1.05,0.02,[b'Waypoint'],22.8,8.7,60925.0,181425.0,30.699,44509.2,28.59,14.76,10.209,84.94,5.43,0.0,0.0,1
20250609,181426,25.912321,-80.13763,-0.7,-0.3,157.5,0.0,52.7,-0.01,0.07,-0.98,0.89,[b'Waypoint'],24.0,-4.0,60925.0,181427.0,30.696,44493.05,28.58,14.76,10.209,84.99,5.43,0.0,0.0,1
20250609,181428,25.912308,-80.13762,-0.2,-0.0,166.7,0.0,52.7,0.01,-0.12,-1.01,-0.29,[b'Waypoint'],22.5,11.7,60925.0,181428.0,30.695,44523.64,28.6,14.76,10.209,85.07,5.44,0.0,0.0,1
20250609,181429,25.9123,-80.13762,-0.6,0.1,168.6,0.0,52.7,-0.01,0.09,-1.01,-0.03,[b'Waypoint'],26.1,-0.8,60925.0,181430.0,30.7,44580.45,28.64,14.76,10.209,85.38,5.45,0.0,0.0,1
20250609,181431,25.912287,-80.13761,-1.2,-0.3,152.9,0.0,52.7,-0.01,-0.03,-1.04,0.23,[b'Waypoint'],22.0,-9.5,60925.0,181431.0,30.706,44617.54,28.67,14.76,10.209,88.62,5.66,0.0,0.0,1
20250609,181432,25.912281,-80.1376,-1.2,-0.1,161.7,0.0,52.7,-0.0,0.01,-1.08,-0.1,[b'Waypoint'],22.0,8.0,60925.0,181432.0,30.717,44648.9,28.69,14.76,10.209,89.45,5.71,0.0,0.0,1
20250609,181433,25.912273,-80.1376,-0.5,0.0,156.6,0.0,52.7,0.03,-0.05,-1.03,-0.79,[b'Waypoint'],24.0,0.8,60925.0,181433.0,30.729,44715.89,28.74,14.76,10.208,90.34,5.77,0.0,0.0,1
20250609,181434,25.912268,-80.137596,-0.2,-0.3,154.7,0.0,52.7,-0.02,0.05,-0.98,0.4,[b'Waypoint'],23.0,-7.1,60925.0,181434.0,30.745,44757.13,28.76,14.76,10.208,90.92,5.8,0.0,0.0,1
20250609,181435,25.912262,-80.137596,-0.2,-0.2,151.9,0.0,52.7,-0.05,-0.01,-0.97,-0.77,[b'Waypoint'],22.2,-6.0,60925.0,181435.0,30.759,44789.45,28.79,14.76,10.208,91.36,5.82,0.0,0.0,1
20250609,181436,25.912254,-80.13759,-0.4,-0.2,164.9,0.0,52.7,-0.0,0.0,-1.01,0.99,[b'Waypoint'],20.0,14.9,60925.0,181437.0,30.776,44825.11,28.81,14.76,10.208,91.78,5.85,0.0,0.0,1
20250609,181438,25.912243,-80.13758,-0.2,-0.3,154.7,0.0,52.7,-0.0,-0.02,-0.94,-0.86,[b'Waypoint'],23.6,-2.8,60925.0,181438.0,30.796,44840.7,28.82,14.76,10.208,92.09,5.87,0.0,0.0,1
20250609,181439,25.912235,-80.13758,-1.7,-0.4,152.8,0.0,52.7,0.03,-0.07,-1.0,0.08,[b'Waypoint'],22.0,-12.4,60925.0,181439.0,30.809,44854.44,28.83,14.76,10.208,92.4,5.88,0.0,0.0,1
20250609,181440,25.91223,-80.13757,-1.9,-0.3,154.9,0.0,52.7,-0.07,0.05,-1.06,-0.57,[b'Waypoint'],23.0,-3.5,60925.0,181440.0,30.825,44867.77,28.84,14.76,10.208,92.62,5.9,0.0,0.0,1
20250609,181441,25.912222,-80.13757,-1.6,-0.4,162.8,0.0,52.7,-0.04,0.03,-1.05,-0.59,[b'Waypoint'],23.7,6.7,60925.0,181441.0,30.834,44846.28,28.83,14.76,10.208,92.87,5.91,0.0,0.0,1
20250609,181442,25.912216,-80.137566,-0.9,-0.2,151.6,0.0,52.7,-0.1,0.1,-0.94,-1.31,[b'Waypoint'],21.0,-8.9,60925.0,181442.0,30.839,44834.25,28.82,14.76,10.208,92.99,5.92,0.0,0.0,1
20250609,181443,25.91221,-80.137566,-1.0,-0.2,150.6,0.0,52.7,0.01,-0.02,-1.02,-0.88,[b'Waypoint'],21.0,-8.7,60925.0,181443.0,30.84,44832.43,28.82,14.76,10.208,93.07,5.92,0.0,0.0,1
20250609,181444,25.912205,-80.13756,-1.0,-0.4,155.8,0.0,52.7,-0.06,0.0,-0.99,-0.31,[b'Waypoint'],24.0,-1.4,60925.0,181444.0,30.835,44877.3,28.85,14.76,10.208,93.05,5.92,0.0,0.0,1
20250609,181445,25.912199,-80.13756,-0.2,-0.3,146.8,0.0,52.7,0.11,-0.03,-1.1,-0.95,[b'Waypoint'],19.6,-19.6,60925.0,181446.0,30.823,44890.14,28.86,14.76,10.208,92.91,5.91,0.0,0.0,1
20250609,181446,25.912191,-80.13755,0.2,-0.4,159.0,0.0,52.7,-0.01,-0.12,-0.93,0.02,[b'Waypoint'],23.0,5.8,60925.0,181447.0,30.804,44842.97,28.82,14.76,10.208,92.7,5.9,0.0,0.0,1
20250609,181448,25.91218,-80.13754,-1.2,-0.3,158.4,0.0,52.7,0.03,0.01,-1.06,0.06,[b'Waypoint'],23.0,2.3,60925.0,181448.0,30.789,44833.4,28.82,14.76,10.208,88.8,5.66,0.0,0.0,1
20250609,181449,25.912174,-80.13754,-0.6,-0.3,154.0,0.0,52.7,-0.03,0.01,-1.05,1.07,[b'Waypoint'],24.0,-3.8,60925.0,181449.0,30.767,44848.28,28.83,14.76,10.208,87.71,5.59,0.0,0.0,1
20250609,181450,25.912169,-80.137535,-0.6,-0.2,157.5,0.0,52.7,-0.1,0.02,-0.97,-0.3,[b'Waypoint'],24.0,1.5,60925.0,181450.0,30.746,44866.06,28.84,14.76,10.208,86.87,5.54,0.0,0.0,1
20250609,181451,25.91216,-80.137535,-0.5,-0.2,158.1,0.0,52.7,-0.01,0.01,-0.96,-0.09,[b'Waypoint'],24.0,6.3,60925.0,181451.0,30.721,44870.3,28.85,14.76,10.208,86.46,5.51,0.0,0.0,1
20250609,181452,25.912155,-80.13753,0.2,-0.4,163.1,0.0,52.7,0.03,-0.04,-0.92,0.71,[b'Waypoint'],21.0,8.2,60925.0,181452.0,30.699,44847.97,28.83,14.76,10.208,86.09,5.49,0.0,0.0,1
20250609,181453,25.91215,-80.13753,-0.0,-0.2,153.4,0.0,52.7,0.01,-0.02,-0.92,-0.62,[b'Waypoint'],23.0,-6.7,60925.0,181453.0,30.675,44687.23,28.72,14.76,10.208,85.76,5.47,0.0,0.0,1
20250609,181454,25.912144,-80.13752,-1.0,-0.3,157.6,0.0,52.7,-0.06,0.01,-1.04,0.11,[b'Waypoint'],24.0,3.7,60925.0,181455.0,30.655,44717.13,28.74,14.76,10.208,85.46,5.45,0.0,0.0,1
20250609,181455,25.912136,-80.13752,-0.9,-0.4,159.0,0.0,52.7,0.0,-0.03,-1.06,0.68,[b'Waypoint'],23.2,4.3,60925.0,181456.0,30.635,44832.99,28.82,14.76,10.208,85.26,5.45,0.0,0.0,1
20250609,181457,25.912125,-80.13751,-0.4,-0.4,150.3,0.0,52.8,-0.01,0.02,-0.92,1.01,[b'Waypoint'],24.4,-7.9,60925.0,181457.0,30.623,44550.4,28.62,14.76,10.209,85.14,5.44,0.0,0.0,1
20250609,181458,25.912119,-80.137505,-1.6,-0.6,152.3,0.0,52.8,-0.06,0.03,-1.04,-0.24,[b'Waypoint'],22.2,-7.7,60925.0,181458.0,30.615,44560.11,28.63,14.76,10.21,85.07,5.44,0.0,0.0,1
20250609,181459,25.912111,-80.137505,-2.3,-0.4,155.8,0.0,52.7,-0.06,0.01,-1.15,-1.03,[b'Waypoint'],24.2,-2.6,60925.0,181459.0,30.612,44503.33,28.59,14.76,10.21,85.06,5.44,0.0,0.0,1
20250609,181500,25.912106,-80.1375,-1.6,-0.3,158.3,0.0,52.7,-0.04,0.02,-1.09,-0.05,[b'Waypoint'],23.0,4.9,60925.0,181500.0,30.612,44585.55,28.65,14.76,10.209,85.13,5.44,0.0,0.0,1
20250609,181501,25.912098,-80.13749,-1.0,-0.2,162.3,0.0,52.7,-0.01,0.03,-0.98,0.66,[b'Waypoint'],21.0,12.7,60925.0,181501.0,30.616,44665.79,28.7,14.76,10.209,85.24,5.45,0.0,0.0,1
20250609,181502,25.912092,-80.13749,-0.9,-0.3,154.5,0.0,52.8,-0.03,0.0,-0.95,0.21,[b'Waypoint'],24.0,-0.4,60925.0,181503.0,30.622,44725.54,28.75,14.76,10.209,85.4,5.46,0.0,0.0,1
20250609,181503,25.912086,-80.13748,-1.4,-0.5,153.7,0.0,52.8,-0.03,-0.02,-1.04,-0.47,[b'Waypoint'],23.0,-7.0,60925.0,181504.0,30.632,44750.17,28.76,14.76,10.208,85.57,5.47,0.0,0.0,1
20250609,181504,25.912079,-80.13748,-1.9,-0.6,161.2,0.0,52.8,0.02,-0.05,-1.08,1.02,[b'Waypoint'],22.0,7.2,60925.0,181505.0,30.646,44736.03,28.75,14.76,10.208,89.33,5.71,0.0,0.0,1
20250609,181506,25.912067,-80.137474,-0.2,-0.5,156.3,0.0,52.8,-0.02,0.05,-0.99,0.56,[b'Waypoint'],24.0,2.4,60925.0,181506.0,30.66,44757.25,28.77,14.76,10.208,90.37,5.77,0.0,0.0,1
20250609,181507,25.91206,-80.13747,-0.7,-0.5,160.6,0.0,52.7,0.07,-0.02,-1.0,-0.46,[b'Waypoint'],22.0,4.6,60925.0,181507.0,30.677,44756.57,28.77,14.76,10.208,91.51,5.84,0.0,0.0,1
20250609,181508,25.912054,-80.13747,-1.6,-0.5,157.1,0.0,52.7,-0.0,-0.01,-1.04,0.29,[b'Waypoint'],24.6,-0.4,60925.0,181508.0,30.693,44751.19,28.76,14.76,10.208,91.7,5.85,0.0,0.0,1
20250609,181509,25.912046,-80.13746,-2.0,-0.4,155.4,0.0,52.7,0.01,0.02,-1.14,0.48,[b'Waypoint'],24.0,-5.2,60925.0,181509.0,30.71,44747.81,28.76,14.76,10.208,92.18,5.88,0.0,0.0,1
20250609,181510,25.91204,-80.13746,-1.1,-0.3,154.3,0.0,52.7,-0.01,0.01,-1.05,-0.48,[b'Waypoint'],23.0,-3.0,60925.0,181510.0,30.724,44748.97,28.76,14.76,10.208,92.48,5.9,0.0,0.0,1
20250609,181511,25.912033,-80.13745,-0.5,-0.4,156.8,0.0,52.7,0.01,0.05,-1.03,0.19,[b'Waypoint'],24.0,-4.1,60925.0,181512.0,30.744,42898.86,27.43,14.76,10.209,92.93,5.93,0.0,0.0,1
20250609,181512,25.912027,-80.13744,-0.5,-0.4,152.6,0.0,52.7,-0.05,0.06,-0.96,-0.96,[b'Waypoint'],22.0,-9.1,60925.0,181513.0,30.761,45013.23,28.95,14.76,10.211,93.3,5.97,0.0,0.0,1
20250609,181513,25.912022,-80.13744,-0.8,-0.4,155.4,0.0,52.7,-0.02,-0.04,-1.0,-0.24,[b'Waypoint'],24.0,0.1,60925.0,181514.0,30.775,45091.4,29.0,14.76,10.208,93.59,5.97,0.0,0.0,1
20250609,181515,25.91201,-80.137436,-0.5,-0.3,156.8,0.0,52.7,-0.02,0.01,-0.97,0.58,[b'Station Ke'],-0.2,-2.8,60925.0,181515.0,30.79,45111.38,29.02,14.76,10.207,93.95,5.98,0.0,0.0,1
20250609,181516,25.912004,-80.137436,-0.4,-0.3,157.3,0.0,52.7,-0.03,-0.03,-0.93,-0.5,[b'Waypoint'],-0.2,-49.4,60925.0,181516.0,30.805,45167.66,29.06,14.76,10.207,94.26,6.0,0.0,0.0,1
20250609,181517,25.912,-80.13743,0.0,-0.3,157.3,0.0,52.8,-0.02,0.02,-0.95,-3.88,[b'Station Ke'],0.0,0.0,60925.0,181517.0,30.813,45209.07,29.09,14.76,10.206,94.51,6.01,0.0,0.0,1
20250609,181518,25.911997,-80.13743,-0.1,-0.4,80.8,0.0,52.8,-0.01,-0.0,-0.97,-2.61,[b'Waypoint'],-0.5,-48.0,60925.0,181519.0,30.822,45234.82,29.11,14.76,10.206,94.77,6.03,0.0,0.0,1
20250609,181519,25.911993,-80.13742,0.1,-0.1,80.2,0.0,52.8,0.03,0.01,-1.01,-6.8,[b'Waypoint'],-5.2,-75.2,60925.0,181520.0,30.828,45203.32,29.08,14.76,10.206,94.99,6.04,0.0,0.0,1
20250609,181520,25.911991,-80.13742,0.1,0.8,79.5,0.0,52.8,-0.01,-0.05,-0.95,-16.87,[b'Waypoint'],-6.9,-56.4,60925.0,181521.0,30.836,45136.26,29.03,14.76,10.207,95.46,6.07,0.0,0.0,1
20250609,181521,25.91199,-80.13741,-0.6,0.3,78.8,0.0,52.8,-0.08,-0.04,-0.92,-15.78,[b'Waypoint'],1.5,-9.9,60925.0,181522.0,30.841,45149.46,29.04,14.76,10.206,95.92,6.1,0.0,0.0,1
20250609,181522,25.911991,-80.13741,-0.3,0.1,78.5,0.0,52.8,-0.05,0.03,-0.99,-8.93,[b'Waypoint'],8.6,-15.4,60925.0,181523.0,30.848,45124.51,29.03,14.76,10.206,96.38,6.13,0.0,0.0,1
20250609,181524,25.911991,-80.137405,-1.2,0.6,78.1,0.0,52.7,-0.01,-0.03,-1.07,-6.44,[b'Waypoint'],16.1,-3.4,60925.0,181524.0,30.853,45063.32,28.98,14.76,10.206,96.79,6.15,0.0,0.0,1
20250609,181525,25.911993,-80.137405,-1.2,0.3,78.0,0.0,52.7,-0.01,-0.05,-1.05,-2.45,[b'Waypoint'],19.0,-15.4,60925.0,181525.0,30.857,45035.63,28.96,14.76,10.206,97.1,6.17,0.0,0.0,1
20250609,181526,25.911993,-80.1374,-1.3,0.3,78.0,0.0,52.7,-0.02,-0.04,-1.07,-1.22,[b'Waypoint'],21.0,-7.3,60925.0,181527.0,30.861,45054.23,28.97,14.76,10.206,97.41,6.19,0.0,0.0,1
20250609,181527,25.911995,-80.13739,-1.2,-0.7,77.4,0.0,52.7,-0.1,0.03,-1.0,-2.64,[b'Waypoint'],22.0,-3.9,60925.0,181528.0,30.863,45076.25,28.99,14.76,10.206,97.66,6.21,0.0,0.0,1
20250609,181528,25.911997,-80.13739,-1.3,0.4,85.3,0.0,52.7,-0.01,-0.01,-1.02,-2.96,[b'Waypoint'],22.0,14.6,60925.0,181529.0,30.866,45046.51,28.97,14.76,10.206,97.9,6.22,0.0,0.0,1
20250609,181529,25.911999,-80.13738,-1.0,0.2,81.2,0.0,52.7,-0.05,0.06,-0.98,-1.22,[b'Waypoint'],23.0,9.1,60925.0,181530.0,30.867,45012.84,28.94,14.76,10.206,98.07,6.24,0.0,0.0,1
20250609,181530,25.912,-80.137375,-1.0,-0.6,82.2,0.0,52.7,-0.07,-0.0,-1.03,0.04,[b'Waypoint'],22.0,5.4,60925.0,181531.0,30.869,45010.89,28.94,14.76,10.206,98.27,6.25,0.0,0.0,1
20250609,181532,25.912006,-80.13736,-1.1,-1.3,81.3,0.0,52.8,0.04,0.04,-1.02,-0.06,[b'Waypoint'],23.5,-7.9,60925.0,181532.0,30.869,44961.7,28.91,14.76,10.206,98.44,6.26,0.0,0.0,1
20250609,181533,25.912008,-80.13735,-0.9,0.3,80.3,0.0,52.8,-0.06,0.08,-1.0,-0.84,[b'Waypoint'],25.7,-3.5,60925.0,181533.0,30.869,45010.63,28.94,14.76,10.206,98.58,6.27,0.0,0.0,1
20250609,181534,25.912012,-80.137344,-1.2,0.8,78.6,0.0,52.8,-0.05,0.02,-1.01,1.73,[b'Waypoint'],24.0,-6.4,60925.0,181535.0,30.869,44960.78,28.91,14.76,10.206,98.72,6.28,0.0,0.0,1
20250609,181535,25.912014,-80.13734,-1.2,0.6,72.8,0.0,52.8,-0.03,0.03,-0.98,0.22,[b'Waypoint'],22.0,-19.1,60925.0,181536.0,30.868,44935.28,28.89,14.76,10.206,98.84,6.29,0.0,0.0,1
20250609,181536,25.912016,-80.13733,-1.2,0.4,83.2,0.0,52.7,0.01,0.0,-1.05,0.7,[b'Waypoint'],22.0,3.1,60925.0,181537.0,30.867,44958.95,28.91,14.76,10.206,98.97,6.3,0.0,0.0,1
20250609,181537,25.91202,-80.13732,-1.1,1.1,80.6,0.0,52.7,-0.01,-0.01,-1.05,3.14,[b'Waypoint'],23.0,2.4,60925.0,181538.0,30.866,44948.48,28.9,14.76,10.206,99.07,6.3,0.0,0.0,1
20250609,181538,25.912022,-80.137314,-1.2,-0.4,86.7,0.0,52.7,-0.03,0.01,-1.0,1.43,[b'Waypoint'],24.5,6.8,60925.0,181539.0,30.866,44907.6,28.87,14.76,10.206,99.25,6.31,0.0,0.0,1
20250609,181540,0.0,0.0,-1.0,-0.6,83.4,0.0,52.7,0.01,0.06,-1.0,-1.31,[b'Waypoint'],26.0,-2.2,60925.0,181540.0,30.866,44877.77,28.85,14.76,10.206,99.42,6.32,0.0,0.0,1
20250609,181541,25.91203,-80.13729,-0.6,-0.3,84.0,0.0,52.7,0.02,0.09,-0.99,-1.49,[b'Waypoint'],27.4,5.2,60925.0,181541.0,30.87,44864.85,28.84,14.76,10.207,99.61,6.34,0.0,0.0,1
20250609,181542,25.912031,-80.13728,-1.0,-0.6,84.9,0.0,52.7,-0.06,0.05,-1.02,0.5,[b'Waypoint'],21.0,12.6,60925.0,181543.0,30.878,44810.8,28.8,14.76,10.207,99.83,6.35,0.0,0.0,1
20250609,181543,25.912033,-80.137276,-1.1,-0.7,84.4,0.0,52.7,-0.01,0.01,-0.99,-2.08,[b'Waypoint'],21.0,-0.5,60925.0,181544.0,30.887,44772.02,28.77,14.76,10.207,100.03,6.36,0.0,0.0,1
20250609,181544,25.912035,-80.13727,-0.5,-0.9,86.6,0.0,52.7,0.0,0.08,-1.01,-1.64,[b'Waypoint'],33.9,-1.6,60925.0,181545.0,30.899,44695.46,28.72,14.76,10.208,100.21,6.38,0.0,0.0,1
20250609,181545,25.912039,-80.13726,-1.4,-0.9,81.5,0.0,52.7,-0.03,-0.02,-1.03,-1.08,[b'Waypoint'],23.1,3.5,60925.0,181546.0,30.911,44666.77,28.69,14.76,10.208,100.33,6.38,0.0,0.0,1
20250609,181546,25.91204,-80.13725,-1.0,0.0,81.0,0.0,52.7,-0.03,0.03,-1.03,-1.67,[b'Waypoint'],23.0,-1.1,60925.0,181547.0,30.926,44681.05,28.7,14.76,10.208,100.44,6.39,0.0,0.0,1
20250609,181547,25.912043,-80.137245,-1.0,0.2,82.2,0.0,52.7,-0.02,-0.0,-1.0,-0.35,[b'Waypoint'],22.5,6.4,60925.0,181548.0,30.94,44701.02,28.72,14.76,10.208,100.5,6.39,0.0,0.0,1
20250609,181548,25.912045,-80.13724,-1.2,0.2,82.3,0.0,52.7,0.01,0.01,-1.05,-0.29,[b'Waypoint'],22.0,4.2,60925.0,181549.0,30.955,44661.24,28.69,14.76,10.208,100.51,6.39,0.0,0.0,1
20250609,181550,25.91205,-80.13722,-1.0,-2.0,79.6,0.0,52.7,0.0,0.03,-0.97,-0.79,[b'Waypoint'],24.0,1.7,60925.0,181551.0,30.969,44673.34,28.7,14.76,10.208,100.49,6.39,0.0,0.0,1
20250609,181552,25.912052,-80.137215,-0.6,-1.0,78.0,0.0,52.7,0.01,0.02,-1.0,-0.29,[b'Waypoint'],26.3,-4.8,60925.0,181552.0,30.984,44694.26,28.71,14.76,10.208,100.38,6.38,0.0,0.0,1
20250609,181552,25.912054,-80.13721,-0.9,-0.8,72.5,0.0,52.7,-0.01,0.09,-0.94,-1.16,[b'Waypoint'],22.0,-10.2,60925.0,181553.0,30.996,44675.78,28.7,14.76,10.208,100.24,6.37,0.0,0.0,1
20250609,181553,25.912058,-80.1372,-0.9,-1.1,74.8,0.0,52.7,-0.03,-0.04,-1.02,0.32,[b'Waypoint'],23.0,-10.7,60925.0,181554.0,31.007,44664.66,28.69,14.76,10.209,100.0,6.35,0.0,0.0,1
20250609,181554,25.91206,-80.13719,-1.1,0.0,80.2,0.0,52.7,0.01,-0.01,-1.01,-0.73,[b'Waypoint'],23.0,-6.5,60925.0,181555.0,31.012,44709.82,28.72,14.76,10.209,99.72,6.33,0.0,0.0,1
20250609,181555,25.912062,-80.137184,-1.1,-0.1,80.3,0.0,52.7,-0.11,0.05,-0.98,0.99,[b'Waypoint'],23.0,2.3,60925.0,181556.0,31.018,44747.99,28.75,14.76,10.208,99.34,6.31,0.0,0.0,1
20250609,181557,25.912064,-80.13718,-1.3,-0.5,81.0,0.0,52.7,-0.01,-0.03,-1.06,-0.21,[b'Waypoint'],23.0,6.2,60925.0,181557.0,31.021,44818.43,28.8,14.76,10.208,98.91,6.28,0.0,0.0,1
20250609,181559,25.912067,-80.13716,-0.5,-1.4,70.6,0.0,52.7,-0.14,0.2,-0.94,-1.68,[b'Waypoint'],21.4,-21.4,60925.0,181559.0,31.024,44840.13,28.82,14.76,10.208,98.62,6.26,0.0,0.0,1
20250609,181600,25.91207,-80.13715,-0.7,-1.2,71.9,0.0,52.7,-0.04,0.05,-0.97,-1.44,[b'Waypoint'],21.0,-12.2,60925.0,181600.0,31.027,44794.04,28.78,14.76,10.208,98.21,6.23,0.0,0.0,1
20250609,181601,25.912073,-80.137146,-1.4,0.2,77.8,0.0,52.7,-0.03,0.01,-1.02,0.09,[b'Station Ke'],0.7,0.7,60925.0,181601.0,31.029,44741.77,28.74,14.76,10.208,97.93,6.22,0.0,0.0,1
20250609,181602,25.912075,-80.13714,-1.1,-1.6,77.8,0.0,52.7,-0.03,0.05,-0.97,-0.75,[b'Station Ke'],-0.6,-7.9,60925.0,181602.0,31.032,44696.67,28.71,14.76,10.209,97.59,6.2,0.0,0.0,1
20250609,181603,25.912077,-80.13714,-0.8,-2.2,0.0,0.0,52.7,-0.02,0.08,-0.96,-0.94,[b'Waypoint'],-0.7,-30.7,60925.0,181603.0,31.034,44692.55,28.71,14.76,10.209,97.32,6.18,0.0,0.0,1
20250609,181604,25.912077,-80.13713,-0.7,-2.2,77.8,0.0,52.7,-0.02,0.07,-0.93,0.38,[b'Station Ke'],-0.6,-9.3,60925.0,181604.0,31.037,44705.22,28.72,14.76,10.209,97.04,6.16,0.0,0.0,1
20250609,181605,25.912079,-80.13712,-0.8,-2.4,0.0,0.0,52.7,-0.01,0.03,-0.93,0.15,[b'Waypoint'],-0.8,-11.0,60925.0,181605.0,31.04,44679.76,28.7,14.76,10.209,96.81,6.15,0.0,0.0,1
20250609,181606,25.91208,-80.13712,-0.7,-2.9,336.0,0.0,52.7,0.08,0.03,-0.88,-6.41,[b'Waypoint'],-1.8,-71.8,60925.0,181606.0,31.043,44667.59,28.69,14.76,10.21,96.58,6.13,0.0,0.0,1
20250609,181607,25.912083,-80.137115,-0.5,-1.4,335.7,0.0,52.7,-0.02,0.02,-0.91,-20.66,[b'Waypoint'],-5.2,-75.2,60925.0,181608.0,31.046,37519.64,23.63,14.76,10.218,96.41,6.12,0.0,0.0,1
20250609,181609,25.91209,-80.137115,-1.2,-0.1,335.1,0.0,52.7,0.24,-0.1,-1.16,-15.07,[b'Waypoint'],-3.4,-35.0,60925.0,181609.0,31.048,45262.22,29.12,14.76,10.207,96.24,6.11,0.0,0.0,1
20250609,181610,25.912094,-80.137115,-1.0,-0.2,334.9,0.0,52.7,0.01,0.02,-1.03,-10.07,[b'Waypoint'],2.3,-28.5,60925.0,181610.0,31.05,45346.19,29.18,14.76,10.206,96.1,6.09,0.0,0.0,1
20250609,181611,25.912098,-80.137115,-0.7,-0.1,334.8,0.0,52.7,0.0,-0.0,-0.99,-7.96,[b'Waypoint'],9.4,-18.7,60925.0,181611.0,31.051,45308.09,29.15,14.76,10.207,95.99,6.08,0.0,0.0,1
20250609,181612,25.912102,-80.137115,-0.9,0.2,334.7,0.0,52.7,0.13,-0.01,-1.02,-6.26,[b'Waypoint'],12.7,-12.7,60925.0,181612.0,31.051,45263.04,29.12,14.76,10.207,95.86,6.07,0.0,0.0,1
20250609,181613,25.912104,-80.137115,-0.8,0.4,334.6,0.0,52.7,0.03,-0.01,-1.04,-4.51,[b'Waypoint'],16.0,-13.2,60925.0,181613.0,31.05,45266.43,29.12,14.76,10.207,95.76,6.07,0.0,0.0,1
20250609,181614,25.91211,-80.137115,-1.2,0.6,334.5,0.0,52.7,0.03,0.0,-1.06,-2.78,[b'Waypoint'],18.0,-14.3,60925.0,181614.0,31.049,45257.09,29.11,14.76,10.207,95.64,6.06,0.0,0.0,1
20250609,181615,25.912113,-80.13712,-0.7,0.3,328.6,0.0,52.7,-0.1,0.04,-1.01,-3.16,[b'Waypoint'],15.7,-15.7,60925.0,181616.0,31.047,45239.5,29.1,14.76,10.207,95.54,6.05,0.0,0.0,1
20250609,181616,25.912117,-80.13712,-0.7,0.2,326.1,0.0,52.7,0.02,0.02,-1.03,-3.81,[b'Waypoint'],17.1,-17.1,60925.0,181617.0,31.045,45234.26,29.1,14.76,10.207,95.42,6.04,0.0,0.0,1
20250609,181618,25.912128,-80.13713,-0.6,0.1,332.1,0.0,52.7,0.03,-0.03,-0.98,-1.33,[b'Waypoint'],23.0,-5.0,60925.0,181618.0,31.044,45220.99,29.09,14.76,10.207,95.3,6.04,0.0,0.0,1
20250609,181619,25.912134,-80.13713,-1.2,-0.1,336.8,0.0,52.7,0.04,-0.05,-1.0,-1.15,[b'Waypoint'],25.8,-1.8,60925.0,181619.0,31.042,45207.91,29.08,14.76,10.207,95.16,6.03,0.0,0.0,1
20250609,181620,25.91214,-80.13714,-0.4,-0.3,340.1,0.0,52.7,-0.03,0.01,-0.97,0.02,[b'Waypoint'],20.0,10.6,60925.0,181620.0,31.041,45196.19,29.07,14.76,10.207,95.05,6.02,0.0,0.0,1
20250609,181621,25.912146,-80.13714,-1.0,-0.2,332.6,0.0,52.7,0.01,-0.03,-1.01,-0.56,[b'Waypoint'],24.0,-4.6,60925.0,181621.0,31.04,45166.73,29.05,14.76,10.208,94.88,6.01,0.0,0.0,1
20250609,181622,25.912153,-80.137146,-0.5,-0.3,335.2,0.0,52.7,-0.03,0.05,-0.98,-0.39,[b'Waypoint'],22.0,4.7,60925.0,181622.0,31.04,45139.87,29.03,14.76,10.208,94.76,6.01,0.0,0.0,1
20250609,181623,25.912159,-80.13715,-0.8,-0.2,330.5,0.0,52.7,0.05,-0.03,-0.97,-0.19,[b'Waypoint'],24.0,-7.1,60925.0,181623.0,31.04,45108.64,29.01,14.76,10.208,94.59,6.0,0.0,0.0,1
20250609,181624,25.912165,-80.13715,-0.8,-0.1,339.5,0.0,52.7,-0.01,-0.01,-1.02,-1.39,[b'Waypoint'],20.0,18.5,60925.0,181625.0,31.042,45030.39,28.95,14.76,10.208,94.46,5.99,0.0,0.0,1
20250609,181625,25.91217,-80.13716,-0.8,-0.2,325.3,0.0,52.7,0.01,-0.03,-1.02,0.56,[b'Waypoint'],20.8,-17.8,60925.0,181626.0,31.043,44768.14,28.76,14.76,10.21,94.35,6.0,0.0,0.0,1
20250609,181627,25.912184,-80.13717,-1.0,-0.4,334.6,0.0,52.7,-0.04,-0.01,-0.97,0.24,[b'Waypoint'],28.0,-9.1,60925.0,181627.0,31.046,45060.97,28.97,14.76,10.21,94.24,5.99,0.0,0.0,1
20250609,181628,25.91219,-80.13718,-1.1,-0.2,335.9,0.0,52.7,-0.05,-0.02,-1.01,-1.02,[b'Waypoint'],21.0,13.6,60925.0,181628.0,31.049,44680.12,28.7,14.76,10.21,94.17,5.97,0.0,0.0,1
20250609,181629,25.912195,-80.13718,-0.9,-0.3,328.9,0.0,52.7,-0.09,0.01,-1.01,1.48,[b'Waypoint'],24.0,-11.4,60925.0,181629.0,31.052,44567.5,28.62,14.76,10.211,94.07,5.98,0.0,0.0,1
20250609,181630,25.9122,-80.137184,-1.0,-0.2,335.1,0.0,52.7,-0.01,0.01,-1.01,-0.03,[b'Waypoint'],22.0,5.8,60925.0,181630.0,31.057,44521.5,28.59,14.76,10.21,94.01,5.97,0.0,0.0,1
20250609,181631,25.912209,-80.13719,-0.5,-0.3,337.9,0.0,52.7,-0.02,-0.02,-0.99,1.13,[b'Waypoint'],24.4,0.9,60925.0,181631.0,31.061,44514.54,28.58,14.76,10.211,93.96,5.97,0.0,0.0,1
20250609,181632,25.912214,-80.13719,-1.2,-0.1,330.6,0.0,52.7,-0.01,-0.04,-1.03,-0.7,[b'Waypoint'],23.6,1.0,60925.0,181633.0,31.066,44594.92,28.64,14.76,10.211,93.93,5.96,0.0,0.0,1
20250609,181633,25.912222,-80.1372,-0.4,-0.2,336.3,0.0,52.7,-0.01,-0.05,-0.96,1.1,[b'Waypoint'],22.0,2.6,60925.0,181634.0,31.07,44637.8,28.67,14.76,10.211,93.92,5.96,0.0,0.0,1
20250609,181635,25.912233,-80.13721,-0.4,-0.4,331.8,0.0,52.7,-0.01,0.04,-0.98,1.23,[b'Waypoint'],25.8,2.3,60925.0,181635.0,31.075,44591.7,28.64,14.76,10.211,93.91,5.96,0.0,0.0,1
20250609,181636,25.91224,-80.137215,-1.3,-0.2,329.4,0.0,52.7,-0.05,-0.02,-1.0,-1.27,[b'Waypoint'],24.0,-0.5,60925.0,181636.0,31.078,44625.26,28.66,14.76,10.211,93.91,5.96,0.0,0.0,1
20250609,181637,25.912247,-80.137215,-0.7,-0.5,335.8,0.0,52.7,-0.02,0.03,-0.99,1.12,[b'Waypoint'],21.0,9.3,60925.0,181637.0,31.083,44660.71,28.68,14.76,10.211,93.91,5.96,0.0,0.0,1
20250609,181638,25.912252,-80.13722,-1.0,-0.2,332.2,0.0,52.7,0.02,-0.02,-1.01,-0.57,[b'Waypoint'],23.0,3.0,60925.0,181638.0,31.086,44679.02,28.7,14.76,10.211,93.9,5.96,0.0,0.0,1
20250609,181639,25.912258,-80.13722,-0.7,-0.2,335.2,0.0,52.7,-0.03,-0.03,-0.99,0.63,[b'Waypoint'],22.4,9.2,60925.0,181639.0,31.09,44666.9,28.69,14.77,10.211,93.89,5.96,0.0,0.0,1
20250609,181640,25.912266,-80.13723,-0.7,-0.1,329.2,0.0,52.7,-0.02,-0.02,-1.0,-0.84,[b'Waypoint'],24.8,2.4,60925.0,181641.0,31.093,44636.66,28.67,14.77,10.211,93.89,5.96,0.0,0.0,1
20250609,181641,25.912271,-80.13724,-0.8,-0.3,338.5,0.0,52.7,-0.02,0.03,-0.98,0.76,[b'Waypoint'],19.0,14.9,60925.0,181642.0,31.095,44666.8,28.69,14.77,10.211,93.87,5.96,0.0,0.0,1
20250609,181642,25.91228,-80.13724,-0.8,-0.4,324.0,0.0,52.7,-0.0,-0.01,-1.05,1.51,[b'Waypoint'],28.4,0.8,60925.0,181643.0,31.098,44634.92,28.67,14.77,10.211,93.86,5.95,0.0,0.0,1
20250609,181644,25.91229,-80.137245,-0.8,-0.2,331.6,0.0,52.7,-0.03,0.02,-1.01,0.07,[b'Waypoint'],23.0,8.5,60925.0,181644.0,31.099,44655.88,28.68,14.77,10.212,93.85,5.95,0.0,0.0,1
20250609,181645,25.912298,-80.13725,-0.8,-0.2,332.3,0.0,52.7,0.07,-0.04,-1.02,1.08,[b'Waypoint'],23.0,-2.3,60925.0,181645.0,31.101,44627.03,28.66,14.77,10.212,93.84,5.95,0.0,0.0,1
20250609,181646,25.912304,-80.13726,-0.9,-0.2,331.6,0.0,52.7,0.04,-0.03,-1.03,-0.42,[b'Waypoint'],24.0,-3.8,60925.0,181646.0,31.102,44641.47,28.67,14.76,10.211,93.84,5.95,0.0,0.0,1
20250609,181647,25.91231,-80.13726,-0.8,-0.4,332.1,0.0,52.7,-0.03,0.01,-1.01,0.05,[b'Waypoint'],24.0,4.0,60925.0,181647.0,31.103,44648.38,28.68,14.76,10.211,93.82,5.95,0.0,0.0,1
20250609,181648,25.912317,-80.13727,-0.8,-0.4,326.7,0.0,52.7,-0.03,-0.02,-0.98,-1.17,[b'Waypoint'],23.5,-5.1,60925.0,181649.0,31.104,44652.33,28.68,14.77,10.212,93.81,5.95,0.0,0.0,1
20250609,181649,25.912323,-80.13727,-0.7,-0.3,323.4,0.0,52.7,-0.02,-0.02,-1.0,-0.01,[b'Waypoint'],21.0,-12.5,60925.0,181650.0,31.105,44658.96,28.68,14.77,10.212,93.78,5.95,0.0,0.0,1
20250609,181650,25.91233,-80.137276,-0.9,-0.2,329.3,0.0,52.7,0.02,-0.04,-0.96,0.11,[b'Waypoint'],24.0,-7.6,60925.0,181651.0,31.105,44664.28,28.69,14.77,10.212,93.75,5.95,0.0,0.0,1
20250609,181651,25.912336,-80.137276,-0.8,-0.3,320.0,0.0,52.7,0.01,0.0,-1.03,-2.15,[b'Waypoint'],19.0,-14.3,60925.0,181652.0,31.105,44705.01,28.72,14.77,10.211,93.72,5.95,0.0,0.0,1
20250609,181653,25.91235,-80.13729,-1.1,-0.4,322.6,0.0,52.7,-0.01,0.04,-1.02,-0.82,[b'Waypoint'],24.3,-3.9,60925.0,181653.0,31.104,44686.97,28.7,14.77,10.211,93.68,5.94,0.0,0.0,1
20250609,181654,25.912357,-80.13729,-0.8,-0.5,335.2,0.0,52.7,-0.01,0.0,-1.0,1.46,[b'Waypoint'],21.0,12.0,60925.0,181654.0,31.104,44734.14,28.74,14.77,10.211,93.64,5.94,0.0,0.0,1
20250609,181655,25.912363,-80.1373,-1.1,-0.2,325.8,0.0,52.7,-0.02,0.03,-1.02,-1.78,[b'Waypoint'],22.0,-7.5,60925.0,181655.0,31.104,44669.59,28.69,14.77,10.212,93.6,5.94,0.0,0.0,1
20250609,181656,25.912369,-80.1373,-0.9,-0.2,335.7,0.0,52.7,-0.07,0.02,-1.01,-1.0,[b'Waypoint'],27.4,0.5,60925.0,181657.0,31.104,44758.11,28.75,14.77,10.211,93.57,5.93,0.0,0.0,1
20250609,181657,25.912376,-80.13731,-1.0,-0.3,331.9,0.0,52.7,0.02,-0.05,-1.01,-1.43,[b'Waypoint'],22.0,13.6,60925.0,181658.0,31.103,44783.82,28.77,14.77,10.211,93.53,5.93,0.0,0.0,1
20250609,181658,25.912382,-80.137314,-1.0,-0.6,330.4,0.0,52.7,-0.03,-0.06,-1.01,0.41,[b'Waypoint'],24.9,8.5,60925.0,181659.0,31.102,44842.4,28.81,14.77,10.211,93.49,5.93,0.0,0.0,1
20250609,181659,25.912388,-80.137314,-0.9,-0.5,336.7,0.0,52.7,-0.04,-0.0,-0.98,0.99,[b'Waypoint'],20.0,11.7,60925.0,181700.0,31.101,44842.01,28.81,14.76,10.21,93.46,5.92,0.0,0.0,1
20250609,181701,25.912401,-80.13732,-1.3,-0.2,323.4,0.0,52.7,-0.04,-0.01,-1.0,-1.73,[b'Waypoint'],24.6,0.7,60925.0,181701.0,31.101,44880.63,28.84,14.77,10.21,93.43,5.92,0.0,0.0,1
20250609,181702,25.912407,-80.13733,-0.5,-0.2,327.6,0.0,52.7,-0.0,-0.01,-0.96,0.75,[b'Waypoint'],24.0,-1.7,60925.0,181702.0,31.1,44868.33,28.83,14.77,10.21,93.43,5.92,0.0,0.0,1
20250609,181703,25.912415,-80.13734,-0.7,-0.0,323.7,0.0,52.7,-0.01,-0.05,-0.95,0.07,[b'Waypoint'],23.0,-6.7,60925.0,181703.0,31.099,44821.23,28.8,14.77,10.21,93.42,5.92,0.0,0.0,1
20250609,181704,25.91242,-80.13734,-0.9,-0.3,320.2,0.0,52.7,0.0,0.01,-1.03,3.26,[b'Waypoint'],28.5,-5.0,60925.0,181705.0,31.099,44828.9,28.81,14.77,10.211,93.43,5.92,0.0,0.0,1
20250609,181705,25.912426,-80.137344,-0.8,0.2,321.1,0.0,52.7,-0.01,0.02,-1.01,-0.06,[b'Waypoint'],21.0,-11.5,60925.0,181706.0,31.098,44777.26,28.77,14.77,10.211,93.44,5.92,0.0,0.0,1
20250609,181706,25.912434,-80.13735,-0.6,-0.3,323.8,0.0,52.7,-0.0,0.01,-1.0,1.47,[b'Waypoint'],24.5,-7.0,60925.0,181707.0,31.098,44783.22,28.77,14.76,10.211,93.46,5.93,0.0,0.0,1
20250609,181707,25.91244,-80.13735,-1.4,-0.2,332.6,0.0,52.7,0.06,-0.13,-1.09,-0.67,[b'Waypoint'],22.0,16.6,60925.0,181708.0,31.098,44808.71,28.79,14.77,10.211,93.49,5.93,0.0,0.0,1
20250609,181708,25.912445,-80.13736,-1.1,-0.4,330.2,0.0,52.7,-0.0,0.0,-1.04,0.56,[b'Waypoint'],23.0,5.2,60925.0,181709.0,31.098,44809.1,28.79,14.77,10.211,93.54,5.93,0.0,0.0,1
20250609,181710,25.912458,-80.13737,-0.7,-0.2,328.4,0.0,52.7,-0.01,0.05,-0.96,-1.51,[b'Waypoint'],24.0,9.2,60925.0,181710.0,31.099,44785.98,28.77,14.76,10.211,93.59,5.93,0.0,0.0,1
20250609,181711,25.912464,-80.137375,-1.5,-0.1,325.2,0.0,52.7,-0.03,-0.0,-1.0,0.33,[b'Waypoint'],23.7,6.5,60925.0,181711.0,31.1,45248.72,29.11,14.76,10.213,93.67,5.95,0.0,0.0,1
20250609,181712,25.912472,-80.137375,-0.9,-0.2,327.7,0.0,52.7,0.01,-0.01,-1.0,-0.68,[b'Waypoint'],24.0,4.7,60925.0,181713.0,31.1,43497.37,27.85,14.76,10.221,93.74,5.98,0.0,0.0,1
20250609,181713,25.912477,-80.13738,-0.8,-0.1,330.2,0.0,52.7,-0.0,0.03,-1.0,0.44,[b'Waypoint'],23.0,4.8,60925.0,181714.0,31.101,45143.45,29.03,14.76,10.209,93.84,5.94,0.0,0.0,1
20250609,181714,25.912483,-80.13738,-0.5,-0.3,328.1,0.0,52.7,-0.01,0.0,-0.97,-0.48,[b'Waypoint'],24.0,2.5,60925.0,181715.0,31.102,44684.12,28.7,14.76,10.21,93.95,5.95,0.0,0.0,1
20250609,181715,25.91249,-80.13739,-0.8,-0.5,328.8,0.0,52.7,-0.02,-0.01,-0.97,0.39,[b'Waypoint'],25.4,-7.9,60925.0,181716.0,31.103,44604.41,28.64,14.77,10.212,94.06,5.97,0.0,0.0,1
20250609,181716,25.912497,-80.1374,-1.3,-0.6,334.4,0.0,52.7,0.01,-0.0,-1.02,-0.78,[b'Waypoint'],21.0,14.2,60925.0,181717.0,31.104,44534.6,28.59,14.76,10.212,94.19,5.98,0.0,0.0,1
20250609,181717,25.912502,-80.1374,-1.0,-0.3,330.7,0.0,52.7,-0.01,-0.01,-1.01,-0.34,[b'Waypoint'],25.5,4.0,60925.0,181718.0,31.105,44524.74,28.59,14.77,10.212,94.35,5.99,0.0,0.0,1
20250609,181719,25.912516,-80.137405,-0.6,-0.4,322.1,0.0,52.7,-0.03,-0.03,-0.98,0.68,[b'Waypoint'],23.3,-4.4,60925.0,181719.0,31.106,44433.07,28.52,14.77,10.212,94.5,6.0,0.0,0.0,1
20250609,181720,25.912521,-80.13741,-1.1,-0.5,330.4,0.0,52.7,-0.01,-0.03,-0.99,0.47,[b'Waypoint'],23.0,7.1,60925.0,181720.0,31.107,44378.94,28.48,14.76,10.213,94.66,6.01,0.0,0.0,1
20250609,181721,25.912529,-80.13742,-0.7,-0.4,320.6,0.0,52.7,0.04,0.02,-1.05,0.25,[b'Waypoint'],21.0,-15.4,60925.0,181722.0,31.108,44412.8,28.51,14.77,10.213,94.82,6.02,0.0,0.0,1
20250609,181722,25.912535,-80.13742,-1.2,-0.3,332.6,0.0,52.7,-0.02,0.0,-1.0,0.59,[b'Waypoint'],21.0,8.8,60925.0,181723.0,31.108,44499.87,28.57,14.77,10.213,94.95,6.03,0.0,0.0,1
20250609,181723,25.91254,-80.13743,-0.7,-0.3,328.9,0.0,52.7,0.08,-0.01,-1.05,0.05,[b'Waypoint'],30.1,-7.7,60925.0,181724.0,31.109,44498.38,28.57,14.77,10.212,95.14,6.04,0.0,0.0,1
20250609,181724,25.912546,-80.137436,-0.9,-0.3,332.9,0.0,52.7,0.01,-0.01,-1.02,0.15,[b'Waypoint'],24.7,2.0,60925.0,181725.0,31.109,44549.17,28.6,14.77,10.212,95.3,6.05,0.0,0.0,1
20250609,181725,25.912554,-80.137436,-0.7,-0.1,324.3,0.0,52.7,-0.0,-0.01,-1.0,-0.71,[b'Waypoint'],23.0,1.6,60925.0,181726.0,31.11,44540.43,28.6,14.77,10.212,95.43,6.06,0.0,0.0,1
20250609,181726,25.91256,-80.13744,-1.0,-0.0,330.1,0.0,52.7,0.0,-0.03,-1.01,1.01,[b'Waypoint'],23.0,-0.8,60925.0,181727.0,31.111,44530.67,28.59,14.77,10.212,95.52,6.06,0.0,0.0,1
20250609,181727,25.912565,-80.13744,-1.3,-0.2,342.8,0.0,52.7,-0.05,0.0,-1.01,-1.1,[b'Waypoint'],18.8,18.8,60925.0,181728.0,31.112,44605.56,28.64,14.76,10.212,95.65,6.07,0.0,0.0,1
20250609,181729,25.912579,-80.13745,-1.3,-0.4,336.5,0.0,52.7,-0.01,-0.01,-1.03,-0.57,[b'Waypoint'],20.7,20.7,60925.0,181729.0,31.114,44749.8,28.75,14.77,10.213,95.74,6.08,0.0,0.0,1
20250609,181730,25.912586,-80.13746,-0.9,-0.4,328.3,0.0,52.7,-0.13,0.07,-0.97,1.31,[b'Waypoint'],24.0,-3.3,60925.0,181731.0,31.115,45082.32,28.99,14.77,10.211,95.8,6.09,0.0,0.0,1
20250609,181731,25.912594,-80.13746,-1.0,-0.2,334.5,0.0,52.7,0.0,0.05,-1.02,0.16,[b'Waypoint'],20.5,13.6,60925.0,181732.0,31.116,45083.98,28.99,14.77,10.211,95.86,6.09,0.0,0.0,1
20250609,181732,25.9126,-80.13747,-0.8,-0.2,328.5,0.0,52.7,-0.01,0.0,-0.99,0.84,[b'Waypoint'],24.1,1.4,60925.0,181733.0,31.118,44442.69,28.53,14.77,10.212,95.93,6.08,0.0,0.0,1
20250609,181733,25.912607,-80.137474,-0.8,-0.1,331.4,0.0,52.7,-0.04,-0.01,-0.97,-0.17,[b'Waypoint'],23.0,4.9,60925.0,181734.0,31.119,44398.19,28.5,14.77,10.213,95.99,6.09,0.0,0.0,1
20250609,181734,25.912613,-80.137474,-0.8,-0.0,318.4,0.0,52.7,-0.0,0.17,-0.93,-1.72,[b'Waypoint'],19.0,-14.9,60925.0,181735.0,31.121,44557.94,28.61,14.77,10.213,96.03,6.1,0.0,0.0,1
20250609,181735,25.91262,-80.13748,-1.0,-0.3,325.0,0.0,52.7,0.01,-0.0,-1.02,-1.46,[b'Waypoint'],23.0,3.5,60925.0,181736.0,31.123,44401.97,28.5,14.77,10.213,96.07,6.1,0.0,0.0,1
20250609,181736,25.912626,-80.13748,-0.9,-0.4,330.2,0.0,52.7,-0.01,0.08,-1.01,0.98,[b'Waypoint'],17.4,17.4,60925.0,181737.0,31.124,44392.24,28.49,14.77,10.213,96.11,6.1,0.0,0.0,1
20250609,181739,25.91264,-80.1375,-1.1,-0.4,329.2,0.0,52.7,-0.06,0.0,-1.01,0.35,[b'Waypoint'],24.0,3.4,60925.0,181738.0,31.126,44362.79,28.47,14.77,10.214,96.16,6.1,0.0,0.0,1
20250609,181740,25.912645,-80.1375,-0.6,-0.1,321.3,0.0,52.7,-0.01,-0.0,-0.96,-0.68,[b'Waypoint'],21.0,-7.8,60925.0,181740.0,31.127,44333.36,28.45,14.77,10.214,96.2,6.11,0.0,0.0,1
20250609,181741,25.912653,-80.137505,-0.8,0.0,319.9,0.0,52.7,0.02,-0.01,-1.05,-2.53,[b'Waypoint'],24.8,-13.7,60925.0,181741.0,31.128,44371.47,28.48,14.77,10.214,96.26,6.11,0.0,0.0,1
20250609,181742,25.912659,-80.13751,-0.6,-0.4,332.0,0.0,52.7,-0.01,-0.02,-0.98,1.02,[b'Waypoint'],21.0,16.2,60925.0,181742.0,31.13,42994.58,27.49,14.77,10.213,96.32,6.11,0.0,0.0,1
20250609,181743,25.912666,-80.13751,-0.6,-0.3,320.6,0.0,52.6,0.03,0.04,-0.99,0.31,[b'Waypoint'],22.0,-17.1,60925.0,181743.0,31.131,44979.88,28.91,14.77,10.218,96.39,6.14,0.0,0.0,1
20250609,181744,25.912672,-80.13752,-0.9,-0.4,324.6,0.0,52.6,-0.07,0.02,-0.97,-0.84,[b'Waypoint'],24.0,2.2,60925.0,181744.0,31.133,44490.64,28.56,14.77,10.21,96.45,6.1,0.0,0.0,1
20250609,181745,25.912678,-80.13753,-1.0,-0.4,333.0,0.0,52.6,-0.04,0.02,-1.02,1.32,[b'Waypoint'],20.0,7.5,60925.0,181745.0,31.135,45012.27,28.94,14.77,10.21,96.52,6.11,0.0,0.0,1
20250609,181746,25.912683,-80.13753,-1.3,0.0,326.8,0.0,52.6,-0.01,0.04,-1.04,0.12,[b'Waypoint'],24.0,1.1,60925.0,181746.0,31.136,44701.46,28.71,14.77,10.211,96.58,6.12,0.0,0.0,1
20250609,181747,25.912691,-80.137535,-0.5,-0.3,328.5,0.0,52.6,-0.03,0.04,-0.99,-0.75,[b'Waypoint'],23.0,3.4,60925.0,181747.0,31.139,44815.79,28.79,14.77,10.212,96.65,6.13,0.0,0.0,1
20250609,181749,25.912703,-80.13754,-0.7,-0.3,325.6,0.0,52.6,-0.09,0.12,-0.96,-2.28,[b'Waypoint'],25.2,4.5,60925.0,181749.0,31.14,44673.38,28.69,14.77,10.212,96.7,6.13,0.0,0.0,1
20250609,181750,25.91271,-80.13755,-1.1,-0.4,329.6,0.0,52.6,-0.01,-0.04,-1.05,-0.78,[b'Waypoint'],21.0,13.3,60925.0,181750.0,31.143,44673.43,28.69,14.77,10.213,96.76,6.13,0.0,0.0,1
20250609,181751,25.912716,-80.13756,-1.1,-0.5,322.9,0.0,52.6,-0.01,0.01,-1.04,1.07,[b'Waypoint'],23.3,-7.3,60925.0,181751.0,31.145,44682.48,28.7,14.77,10.213,96.79,6.14,0.0,0.0,1
20250609,181752,25.912722,-80.13756,-0.9,-0.4,325.4,0.0,52.6,0.03,-0.01,-1.05,-0.07,[b'Waypoint'],24.0,1.0,60925.0,181752.0,31.147,44695.97,28.71,14.77,10.212,96.83,6.14,0.0,0.0,1
20250609,181753,25.912727,-80.137566,-1.1,-0.4,326.3,0.0,52.6,0.04,-0.06,-1.05,0.3,[b'Waypoint'],23.0,0.7,60925.0,181753.0,31.149,44647.55,28.67,14.77,10.212,96.84,6.14,0.0,0.0,1
20250609,181754,25.912735,-80.13757,-1.1,-0.3,331.1,0.0,52.6,-0.01,-0.0,-1.03,0.33,[b'Waypoint'],21.0,10.1,60925.0,181754.0,31.15,44587.09,28.63,14.77,10.213,96.85,6.14,0.0,0.0,1
20250609,181755,25.91274,-80.13757,-1.2,-0.1,328.0,0.0,52.6,0.01,-0.02,-1.0,0.57,[b'Waypoint'],24.4,1.1,60925.0,181755.0,31.151,42766.37,27.33,14.77,10.213,96.86,6.14,0.0,0.0,1
20250609,181756,25.912746,-80.13758,-1.0,-0.2,326.5,0.0,52.6,-0.06,-0.02,-1.02,0.35,[b'Waypoint'],24.5,-0.2,60925.0,181757.0,31.152,44585.64,28.63,14.77,10.21,96.83,6.13,0.0,0.0,1
20250609,181758,25.91276,-80.13759,-1.2,-0.5,324.4,0.0,52.6,-0.01,0.03,-1.02,0.36,[b'Station Ke'],5.6,5.6,60925.0,181758.0,31.152,44184.13,28.34,14.77,10.211,96.78,6.16,0.0,0.0,1
20250609,181759,25.912766,-80.137596,-1.6,-0.2,0.0,0.0,52.6,-0.03,0.01,-1.02,-1.15,[b'Waypoint'],-1.0,21.4,60925.0,181759.0,31.152,44978.64,28.91,14.77,10.211,96.69,6.12,0.0,0.0,1
20250609,181800,25.912771,-80.137596,-1.3,-0.2,324.1,0.0,52.6,-0.03,0.03,-1.01,1.06,[b'Station Ke'],0.0,0.0,60925.0,181800.0,31.151,44911.2,28.86,14.77,10.211,96.57,6.11,0.0,0.0,1
20250609,181801,25.912775,-80.1376,-1.1,-0.3,0.0,0.0,52.7,-0.03,0.01,-1.01,0.05,[b'Waypoint'],-0.6,31.8,60925.0,181801.0,31.15,45005.2,28.93,14.77,10.211,96.4,6.1,0.0,0.0,1
20250609,181802,25.91278,-80.1376,-1.0,-0.3,316.7,0.0,52.7,-0.03,0.01,-0.98,0.48,[b'Waypoint'],0.0,0.0,60925.0,181802.0,31.148,45049.12,28.96,14.77,10.21,96.19,6.09,0.0,0.0,1
20250609,181803,25.912785,-80.13761,-1.0,-0.3,318.6,0.0,52.6,0.0,-0.01,-1.01,0.98,[b'Waypoint'],20.7,-15.5,60925.0,181803.0,31.147,45074.84,28.98,14.77,10.21,96.02,6.08,0.0,0.0,1
20250609,181804,25.912788,-80.13761,-0.8,-0.1,328.5,0.0,52.6,-0.02,0.02,-0.98,-0.91,[b'Waypoint'],24.0,5.3,60925.0,181805.0,31.144,45072.79,28.98,14.77,10.21,95.78,6.06,0.0,0.0,1
20250609,181805,25.912792,-80.13762,-1.0,-0.3,317.7,0.0,52.6,0.03,-0.03,-1.01,-1.6,[b'Waypoint'],21.0,-9.4,60925.0,181806.0,31.142,45062.7,28.97,14.77,10.209,95.56,6.05,0.0,0.0,1
20250609,181807,25.912804,-80.13763,-1.2,-0.3,332.0,0.0,52.7,-0.02,0.04,-1.04,0.57,[b'Waypoint'],20.0,12.4,60925.0,181807.0,31.139,45060.57,28.97,14.77,10.209,95.29,6.03,0.0,0.0,1
20250609,181808,25.912807,-80.13763,-1.0,-0.2,323.1,0.0,52.7,-0.0,0.02,-1.01,-0.16,[b'Waypoint'],24.0,-3.8,60925.0,181808.0,31.136,45047.54,28.96,14.77,10.209,95.02,6.02,0.0,0.0,1
20250609,181809,25.912813,-80.137634,-1.1,-0.2,325.9,0.0,52.7,-0.03,-0.01,-1.0,-2.2,[b'Waypoint'],23.0,13.2,60925.0,181809.0,31.134,45032.54,28.95,14.76,10.209,94.69,6.0,0.0,0.0,1
20250609,181810,25.912819,-80.13764,-1.2,-0.3,318.9,0.0,52.7,-0.0,0.02,-1.02,0.22,[b'Waypoint'],24.9,-6.5,60925.0,181810.0,31.131,44977.98,28.91,14.76,10.209,94.36,5.98,0.0,0.0,1
20250609,181811,25.912825,-80.13764,-1.1,-0.4,321.4,0.0,52.7,0.0,-0.05,-1.01,-0.44,[b'Waypoint'],24.0,-0.4,60925.0,181811.0,31.129,44963.19,28.9,14.76,10.209,90.53,5.73,0.0,0.0,1
20250609,181812,25.91283,-80.13765,-1.3,-0.2,322.1,0.0,52.7,-0.11,0.05,-1.04,0.67,[b'Waypoint'],24.4,-6.5,60925.0,181812.0,31.127,44911.98,28.86,14.76,10.21,89.36,5.66,0.0,0.0,1
20250609,181813,25.912838,-80.13766,-1.0,-0.3,313.3,0.0,52.7,-0.09,-0.04,-1.01,-1.22,[b'Waypoint'],20.0,-14.9,60925.0,181814.0,31.124,44905.68,28.86,14.76,10.21,88.23,5.59,0.0,0.0,1
20250609,181814,25.912844,-80.13766,-0.8,-0.3,321.2,0.0,52.7,-0.02,0.03,-0.97,0.22,[b'Waypoint'],24.0,-3.1,60925.0,181815.0,31.119,44865.78,28.83,14.76,10.21,87.76,5.56,0.0,0.0,1
20250609,181815,25.91285,-80.137665,-0.8,-0.4,323.1,0.0,52.6,0.01,0.07,-0.96,-0.38,[b'Waypoint'],24.0,4.3,60925.0,181816.0,31.112,44824.94,28.8,14.76,10.21,86.74,5.5,0.0,0.0,1
20250609,181817,25.91286,-80.13768,-1.3,-0.4,320.4,0.0,52.7,-0.05,-0.02,-1.05,-0.05,[b'Waypoint'],24.0,3.4,60925.0,181817.0,31.102,44749.75,28.75,14.76,10.21,86.02,5.45,0.0,0.0,1
20250609,181818,25.912867,-80.13768,-0.8,-0.4,321.4,0.0,52.7,-0.08,0.05,-0.95,-0.36,[b'Waypoint'],24.0,1.1,60925.0,181818.0,31.092,44728.13,28.73,14.76,10.211,81.76,5.19,0.0,0.0,1
20250609,181819,25.912872,-80.13769,-1.3,-0.3,322.0,0.0,52.7,-0.0,-0.03,-1.03,-0.4,[b'Waypoint'],24.0,-0.3,60925.0,181819.0,31.075,44689.04,28.71,14.76,10.211,80.08,5.08,0.0,0.0,1
20250609,181820,25.912878,-80.137695,-0.7,-0.4,310.0,0.0,52.7,-0.0,0.05,-1.03,-0.21,[b'Waypoint'],19.0,-19.0,60925.0,181820.0,31.062,44624.37,28.66,14.76,10.211,77.54,4.92,0.0,0.0,1
20250609,181821,25.912884,-80.137695,-1.1,-0.3,318.2,0.0,52.7,0.01,0.02,-1.02,-0.37,[b'Waypoint'],24.4,-4.5,60925.0,181821.0,31.044,44559.57,28.61,14.76,10.211,76.45,4.85,0.0,0.0,1
20250609,181822,25.912891,-80.1377,-0.9,-0.4,321.5,0.0,52.6,-0.03,0.02,-0.98,0.89,[b'Waypoint'],24.0,-3.9,60925.0,181823.0,31.025,44530.59,28.59,14.76,10.211,75.35,4.79,0.0,0.0,1
20250609,181823,25.912897,-80.13771,-1.2,-0.1,322.9,0.0,52.6,-0.06,-0.0,-1.01,-0.52,[b'Waypoint'],23.0,9.0,60925.0,181824.0,31.003,44435.27,28.53,14.76,10.211,73.97,4.7,0.0,0.0,1
20250609,181824,25.912903,-80.13772,-0.9,-0.2,317.4,0.0,52.6,-0.0,-0.0,-1.0,1.07,[b'Waypoint'],22.7,-6.1,60925.0,181825.0,30.984,44388.64,28.49,14.76,10.212,73.17,4.65,0.0,0.0,1
20250609,181826,25.912914,-80.137726,-1.1,0.0,317.6,0.0,52.6,-0.02,-0.05,-1.02,-1.21,[b'Waypoint'],23.0,-1.5,60925.0,181826.0,30.963,44388.46,28.49,14.76,10.212,68.87,4.38,0.0,0.0,1
20250609,181827,25.91292,-80.13773,-1.1,0.0,323.1,0.0,52.6,-0.01,-0.02,-1.02,0.23,[b'Waypoint'],23.0,3.6,60925.0,181827.0,30.947,44331.47,28.45,14.76,10.212,67.64,4.31,0.0,0.0,1
20250609,181828,25.912926,-80.13774,-0.8,0.1,319.4,0.0,52.6,0.07,0.04,-1.0,-0.78,[b'Waypoint'],23.0,3.6,60925.0,181828.0,30.932,44280.96,28.42,14.76,10.212,66.92,4.26,0.0,0.0,1
20250609,181829,25.912931,-80.13774,-1.0,-0.1,313.9,0.0,52.7,0.01,0.02,-1.01,-1.07,[b'Waypoint'],24.9,-1.2,60925.0,181829.0,30.921,44281.56,28.42,14.76,10.212,66.52,4.24,0.0,0.0,1
20250609,181830,25.912937,-80.13775,-1.0,-0.3,316.4,0.0,52.7,-0.05,0.09,-1.0,-0.51,[b'Waypoint'],23.0,1.4,60925.0,181831.0,30.907,44166.78,28.34,14.76,10.212,65.77,4.19,0.0,0.0,1
20250609,181832,25.912949,-80.137764,-0.9,-0.4,319.8,0.0,52.7,0.03,-0.07,-1.01,0.82,[b'Waypoint'],24.1,5.9,60925.0,181833.0,30.904,44122.3,28.3,14.76,10.213,65.55,4.18,0.0,0.0,1
20250609,181833,25.912954,-80.137764,-0.9,-0.2,319.1,0.0,52.6,-0.02,0.01,-0.99,-0.05,[b'Waypoint'],24.0,3.2,60925.0,181834.0,30.903,44113.6,28.3,14.76,10.213,65.26,4.16,0.0,0.0,1
20250609,181834,25.91296,-80.13777,-1.1,-0.2,319.4,0.0,52.6,0.0,0.03,-1.01,0.88,[b'Waypoint'],24.0,-3.4,60925.0,181835.0,30.903,44126.0,28.31,14.76,10.213,65.05,4.15,0.0,0.0,1
20250609,181835,25.912966,-80.13778,-0.9,-0.3,322.4,0.0,52.6,-0.05,0.01,-0.97,0.03,[b'Waypoint'],22.0,5.6,60925.0,181836.0,30.906,44130.36,28.31,14.76,10.213,64.8,4.13,0.0,0.0,1
20250609,181837,25.912977,-80.137794,-0.9,-0.3,315.1,0.0,52.6,-0.03,0.01,-0.98,0.93,[b'Waypoint'],23.7,-8.8,60925.0,181837.0,30.909,44204.0,28.36,14.76,10.212,64.51,4.11,0.0,0.0,1
20250609,181838,25.912983,-80.137794,-1.0,-0.1,325.0,0.0,52.7,0.01,-0.02,-1.01,-1.19,[b'Waypoint'],24.3,3.7,60925.0,181838.0,30.912,44206.73,28.36,14.76,10.212,64.18,4.09,0.0,0.0,1
20250609,181839,25.912989,-80.1378,-0.8,-0.2,327.2,0.0,52.7,-0.01,-0.0,-0.98,0.24,[b'Waypoint'],20.0,20.0,60925.0,181839.0,30.914,44199.66,28.36,14.76,10.212,63.94,4.08,0.0,0.0,1
20250609,181840,25.912994,-80.13781,-1.0,-0.3,325.2,0.0,52.7,0.0,0.02,-1.0,0.02,[b'Waypoint'],21.0,13.8,60925.0,181841.0,30.917,44185.2,28.35,14.76,10.212,63.66,4.06,0.0,0.0,1
20250609,181841,25.913002,-80.13782,-1.1,-0.2,318.5,0.0,52.6,0.02,0.01,-1.04,-0.4,[b'Waypoint'],24.0,2.5,60925.0,181842.0,30.92,42321.45,27.02,14.76,10.212,60.37,3.85,0.0,0.0,1
20250609,181842,25.913008,-80.13782,-0.8,-0.3,320.8,0.0,52.6,0.03,0.03,-1.0,-0.24,[b'Waypoint'],23.0,7.0,60925.0,181843.0,30.923,43165.63,27.62,14.76,10.219,59.89,3.83,0.0,0.0,1
20250609,181844,25.91302,-80.13783,-1.0,-0.2,319.9,0.0,52.6,-0.03,-0.04,-1.03,-0.07,[b'Waypoint'],24.0,4.3,60925.0,181844.0,30.926,43521.25,27.87,14.76,10.217,59.85,3.82,0.0,0.0,1
20250609,181845,25.91302,-80.13783,-1.2,-0.1,319.6,0.0,52.6,0.05,0.0,-1.03,-0.46,[b'Waypoint'],24.0,5.1,60925.0,181845.0,30.929,42952.84,27.47,14.76,10.22,59.65,3.82,0.0,0.0,1
20250609,181846,25.91303,-80.13784,-0.9,-0.2,326.3,0.0,52.6,-0.0,0.02,-1.01,0.44,[b'Waypoint'],21.0,13.2,60925.0,181846.0,30.932,43098.36,27.57,14.77,10.219,59.6,3.81,0.0,0.0,1
20250609,181847,25.913036,-80.13785,-1.1,-0.1,316.5,0.0,52.6,0.0,-0.02,-0.99,-0.44,[b'Waypoint'],23.0,-2.7,60925.0,181848.0,30.936,43200.89,27.64,14.76,10.218,59.58,3.81,0.0,0.0,1
20250609,181848,25.913042,-80.137856,-0.9,-0.4,321.0,0.0,52.6,-0.03,-0.02,-1.0,0.53,[b'Waypoint'],24.0,1.5,60925.0,181849.0,30.94,43316.25,27.73,14.76,10.218,59.56,3.81,0.0,0.0,1
20250609,181849,25.913048,-80.13786,-1.0,-0.3,317.9,0.0,52.6,0.02,0.03,-1.02,-0.21,[b'Waypoint'],23.0,-0.7,60925.0,181850.0,30.945,43526.14,27.88,14.77,10.217,59.54,3.8,0.0,0.0,1
20250609,181850,25.913054,-80.13786,-1.1,-0.1,320.6,0.0,52.6,-0.04,-0.04,-1.03,-1.37,[b'Waypoint'],24.0,8.2,60925.0,181851.0,30.95,43554.11,27.9,14.77,10.217,59.52,3.8,0.0,0.0,1
20250609,181851,25.91306,-80.13787,-0.9,-0.4,320.0,0.0,52.6,0.0,0.01,-1.0,1.59,[b'Waypoint'],26.2,3.8,60925.0,181852.0,30.956,43660.7,27.97,14.77,10.217,59.49,3.8,0.0,0.0,1
20250609,181852,25.913065,-80.13788,-1.0,-0.2,326.0,0.0,52.6,-0.02,-0.01,-1.03,0.6,[b'Waypoint'],24.9,1.2,60925.0,181853.0,30.961,43731.58,28.02,14.77,10.216,59.48,3.8,0.0,0.0,1
20250609,181854,25.913078,-80.137886,-1.1,-0.2,317.7,0.0,52.7,-0.07,0.04,-0.97,-0.68,[b'Waypoint'],23.0,-1.1,60925.0,181854.0,30.967,43820.82,28.09,14.76,10.215,59.48,3.79,0.0,0.0,1
20250609,181855,25.913084,-80.13789,-1.0,-0.2,320.7,0.0,52.7,0.07,-0.07,-1.06,0.39,[b'Waypoint'],24.0,-1.1,60925.0,181855.0,30.973,43856.16,28.11,14.77,10.215,59.49,3.79,0.0,0.0,1
20250609,181856,25.91309,-80.1379,-1.1,-0.3,328.5,0.0,52.7,-0.03,0.0,-0.99,-0.24,[b'Waypoint'],21.0,16.0,60925.0,181857.0,30.979,43888.08,28.13,14.76,10.215,59.5,3.79,0.0,0.0,1
20250609,181857,25.913095,-80.13791,-1.0,-0.1,320.5,0.0,52.7,-0.01,-0.02,-0.97,0.3,[b'Waypoint'],24.0,-3.9,60925.0,181858.0,30.985,43850.51,28.11,14.77,10.215,59.5,3.79,0.0,0.0,1
20250609,181858,25.913101,-80.13791,-1.2,-0.2,328.2,0.0,52.7,-0.02,0.0,-1.01,0.49,[b'Waypoint'],21.0,13.4,60925.0,181859.0,30.99,43920.91,28.16,14.76,10.215,59.48,3.79,0.0,0.0,1
20250609,181859,25.913107,-80.13792,-1.1,-0.3,322.4,0.0,52.7,-0.03,0.01,-0.99,0.59,[b'Station Ke'],0.9,-0.9,60925.0,181900.0,30.995,44052.68,28.25,14.77,10.215,59.46,3.79,0.0,0.0,1
20250609,181901,25.913113,-80.137924,-1.3,-0.3,322.4,0.0,52.7,-0.03,0.0,-1.0,-0.27,[b'Station Ke'],-0.1,1.1,60925.0,181901.0,30.999,44122.95,28.3,14.77,10.214,59.43,3.78,0.0,0.0,1
20250609,181901,25.913116,-80.137924,-1.1,-0.3,0.0,0.0,52.7,-0.03,0.02,-1.01,0.06,[b'Waypoint'],-0.2,32.8,60925.0,181902.0,31.004,44196.6,28.35,14.76,10.213,59.41,3.78,0.0,0.0,1
20250609,181903,25.913126,-80.13793,-1.3,-0.3,0.0,0.0,52.7,-0.02,-0.01,-1.04,0.13,[b'Waypoint'],-0.7,-28.3,60925.0,181903.0,31.009,44226.24,28.38,14.76,10.213,59.4,3.78,0.0,0.0,1
20250609,181904,25.91313,-80.13794,-1.1,0.0,260.7,0.0,52.7,-0.04,-0.01,-0.97,-6.62,[b'Waypoint'],-0.7,-70.5,60925.0,181905.0,31.013,44282.14,28.42,14.76,10.213,59.39,3.78,0.0,0.0,1
20250609,181905,25.913134,-80.13794,-1.5,1.0,257.3,0.0,52.7,-0.04,-0.19,-1.1,-16.19,[b'Waypoint'],-7.2,-54.1,60925.0,181906.0,31.017,44307.05,28.43,14.76,10.213,59.39,3.78,0.0,0.0,1
20250609,181906,25.913134,-80.13795,-1.4,0.5,253.6,0.0,52.7,0.0,-0.05,-1.01,-13.02,[b'Waypoint'],-1.7,-24.5,60925.0,181907.0,31.019,44333.73,28.45,14.76,10.213,59.38,3.78,0.0,0.0,1
20250609,181907,25.913134,-80.13795,-1.1,0.5,250.8,0.0,52.7,-0.09,0.09,-1.0,-9.92,[b'Waypoint'],3.8,-22.3,60925.0,181908.0,31.021,44352.22,28.47,14.76,10.212,59.34,3.77,0.0,0.0,1
20250609,181908,25.913136,-80.137955,-0.7,-0.0,248.4,0.0,52.7,-0.0,-0.04,-1.08,-5.72,[b'Waypoint'],8.3,-19.2,60925.0,181909.0,31.023,44403.78,28.5,14.76,10.212,59.25,3.77,0.0,0.0,1
20250609,181909,25.913136,-80.137955,-0.7,0.3,246.1,0.0,52.7,-0.06,0.08,-0.98,-4.97,[b'Waypoint'],11.8,-15.3,60925.0,181910.0,31.023,44440.88,28.53,14.76,10.212,59.15,3.76,0.0,0.0,1
20250609,181910,25.913134,-80.13796,-0.7,0.6,244.3,0.0,52.7,0.02,-0.07,-0.96,-4.76,[b'Waypoint'],12.7,-16.9,60925.0,181911.0,31.024,44511.34,28.58,14.76,10.211,59.04,3.75,0.0,0.0,1
20250609,181912,25.913132,-80.13797,-1.2,0.8,239.3,0.0,52.7,-0.0,-0.01,-1.02,-4.12,[b'Waypoint'],16.0,-9.5,60925.0,181913.0,31.023,44532.5,28.59,14.76,10.211,58.92,3.74,0.0,0.0,1
20250609,181913,25.91313,-80.13798,-1.0,0.5,236.4,0.0,52.7,-0.15,-0.03,-1.05,-2.85,[b'Waypoint'],17.0,-10.9,60925.0,181914.0,31.023,44537.41,28.6,14.76,10.211,58.77,3.73,0.0,0.0,1
20250609,181914,25.913126,-80.137985,-0.7,0.3,234.0,0.0,52.7,0.01,-0.04,-0.99,-4.39,[b'Waypoint'],18.8,-18.8,60925.0,181915.0,31.022,44540.48,28.6,14.76,10.212,58.52,3.72,0.0,0.0,1
20250609,181916,25.913124,-80.137985,-0.9,1.0,244.5,0.0,52.7,-0.0,-0.03,-1.11,-4.77,[b'Station Ke'],17.3,-17.3,60925.0,181916.0,31.02,44516.45,28.58,14.76,10.211,58.24,3.7,0.0,0.0,1
20250609,181916,25.91312,-80.13799,-1.1,1.1,0.0,0.0,52.7,-0.05,0.01,-1.02,-0.12,[b'Waypoint'],5.0,5.0,60925.0,181917.0,31.017,44500.5,28.57,14.76,10.212,54.33,3.45,0.0,0.0,1
20250609,181918,25.913118,-80.138,-0.8,1.9,159.2,0.0,52.7,-0.01,-0.05,-1.05,-0.21,[b'Waypoint'],5.1,-5.1,60925.0,181918.0,31.014,44518.61,28.59,14.77,10.212,53.25,3.38,0.0,0.0,1
20250609,181919,25.913115,0.0,-0.7,1.0,157.8,0.0,52.7,-0.03,-0.07,-1.07,-1.98,[b'Waypoint'],-0.4,-48.1,60925.0,181919.0,31.012,44452.1,28.54,14.76,10.212,52.37,3.33,0.0,0.0,1
20250609,181920,25.91311,-80.13801,-0.7,-0.2,156.2,0.0,52.7,-0.05,-0.17,-0.99,-10.69,[b'Waypoint'],-5.2,-75.2,60925.0,181920.0,31.011,42409.6,27.08,14.76,10.223,51.91,3.3,0.0,0.0,1
20250609,181922,25.913101,-80.138016,-0.7,0.2,152.9,0.0,52.7,0.04,0.02,-0.96,-16.1,[b'Waypoint'],-2.9,-41.0,60925.0,181922.0,31.01,44252.21,28.39,14.76,10.212,51.11,3.25,0.0,0.0,1
20250609,181923,25.913097,-80.138016,-0.9,0.4,152.1,0.0,52.7,-0.01,-0.01,-1.03,-10.45,[b'Waypoint'],1.6,-22.4,60925.0,181923.0,31.009,44348.41,28.46,14.76,10.212,50.58,3.21,0.0,0.0,1
20250609,181924,25.913094,-80.138016,-0.7,0.1,151.3,0.0,52.7,-0.03,-0.05,-0.99,-9.44,[b'Waypoint'],8.1,-21.6,60925.0,181924.0,31.009,44429.86,28.52,14.77,10.212,49.92,3.17,0.0,0.0,1
20250609,181925,25.91309,-80.13801,-0.8,0.2,150.6,0.0,52.7,-0.06,0.08,-1.01,-5.84,[b'Waypoint'],12.8,-12.8,60925.0,181925.0,31.008,44477.55,28.56,14.76,10.211,49.51,3.15,0.0,0.0,1
20250609,181926,25.913086,-80.13801,-0.7,0.1,150.0,0.0,52.7,0.03,0.01,-0.98,-4.3,[b'Waypoint'],15.9,-16.8,60925.0,181926.0,31.008,44493.44,28.57,14.76,10.211,49.02,3.12,0.0,0.0,1
20250609,181927,25.91308,-80.13801,-0.7,0.2,149.6,0.0,52.7,-0.02,-0.03,-0.95,-4.92,[b'Waypoint'],18.0,-13.5,60925.0,181927.0,31.007,44493.74,28.57,14.76,10.211,48.7,3.1,0.0,0.0,1
20250609,181928,25.913076,-80.138,-0.7,0.2,140.6,0.0,52.7,0.05,-0.02,-1.02,-4.73,[b'Waypoint'],18.5,-18.5,60925.0,181928.0,31.006,44469.76,28.55,14.76,10.211,48.3,3.07,0.0,0.0,1
20250609,181929,25.91307,-80.138,-1.0,0.1,134.0,0.0,52.7,-0.11,-0.05,-1.01,-2.71,[b'Waypoint'],19.7,-19.7,60925.0,181929.0,31.005,44456.58,28.54,14.76,10.211,48.04,3.05,0.0,0.0,1
20250609,181931,25.91306,-80.13799,-0.5,-0.0,144.0,0.0,52.7,-0.02,-0.03,-0.99,-1.27,[b'Waypoint'],22.1,-10.3,60925.0,181931.0,31.004,44446.94,28.53,14.76,10.211,47.72,3.03,0.0,0.0,1
20250609,181932,25.913054,-80.137985,-0.7,0.0,148.7,0.0,52.8,-0.01,-0.07,-0.97,-1.34,[b'Waypoint'],22.0,-0.7,60925.0,181932.0,31.001,44430.24,28.52,14.76,10.211,44.43,2.82,0.0,0.0,1
20250609,181933,25.913048,-80.13798,-1.4,-0.1,144.6,0.0,52.8,-0.06,0.06,-0.99,-0.62,[b'Waypoint'],24.0,-8.8,60925.0,181933.0,30.996,44422.33,28.52,14.76,10.211,43.99,2.8,0.0,0.0,1
20250609,181934,25.913042,-80.13798,-1.3,-0.2,159.6,0.0,52.8,0.03,-0.05,-1.05,-0.6,[b'Waypoint'],30.4,-1.6,60925.0,181934.0,30.992,44415.74,28.51,14.76,10.211,43.7,2.78,0.0,0.0,1
20250609,181935,25.913036,-80.13797,-0.8,-0.2,155.5,0.0,52.8,-0.04,0.05,-0.99,0.25,[b'Waypoint'],20.9,7.3,60925.0,181935.0,30.984,44401.82,28.5,14.76,10.211,43.62,2.78,0.0,0.0,1
20250609,181936,25.91303,-80.13796,-0.1,-0.1,147.0,0.0,52.8,-0.04,-0.0,-0.93,-0.45,[b'Waypoint'],24.8,-3.9,60925.0,181936.0,30.979,44377.35,28.48,14.76,10.211,43.47,2.77,0.0,0.0,1
20250609,181937,25.913025,-80.13796,-0.3,-0.1,151.2,0.0,52.8,0.05,0.03,-0.94,-0.18,[b'Waypoint'],20.0,5.4,60925.0,181938.0,30.968,44356.73,28.47,14.76,10.211,43.36,2.76,0.0,0.0,1
20250609,181939,25.913015,-80.13795,-0.3,-0.1,154.2,0.0,52.8,-0.0,-0.0,-0.96,0.15,[b'Waypoint'],19.0,10.8,60925.0,181939.0,30.961,44324.32,28.45,14.76,10.211,43.33,2.76,0.0,0.0,1
20250609,181940,25.91301,-80.13795,-0.0,-0.1,152.6,0.0,52.8,-0.06,0.04,-0.96,0.07,[b'Waypoint'],26.7,-2.8,60925.0,181940.0,30.95,44316.69,28.44,14.76,10.212,43.32,2.76,0.0,0.0,1
20250609,181941,25.913004,-80.13794,-0.5,-0.1,148.5,0.0,52.8,-0.02,-0.01,-0.96,0.0,[b'Waypoint'],22.0,-1.1,60925.0,181941.0,30.942,44321.25,28.45,14.76,10.211,43.33,2.76,0.0,0.0,1
20250609,181942,25.912998,-80.13793,-1.4,-0.2,148.6,0.0,52.8,-0.0,-0.02,-1.05,0.77,[b'Waypoint'],22.0,-4.1,60925.0,181942.0,30.93,44301.17,28.43,14.76,10.211,43.36,2.76,0.0,0.0,1
20250609,181943,25.912992,-80.13793,-1.7,-0.2,152.1,0.0,52.8,-0.03,0.03,-1.02,0.56,[b'Waypoint'],21.0,4.3,60925.0,181943.0,30.923,44275.94,28.41,14.76,10.212,43.38,2.76,0.0,0.0,1
20250609,181944,25.912987,-80.137924,-1.6,-0.2,148.9,0.0,52.7,-0.02,0.03,-1.06,-0.14,[b'Waypoint'],23.2,-0.0,60925.0,181944.0,30.913,44264.61,28.41,14.76,10.211,43.42,2.77,0.0,0.0,1
20250609,181945,25.912981,-80.13792,-1.6,-0.3,145.0,0.0,52.7,-0.0,-0.0,-1.1,0.18,[b'Waypoint'],23.0,-2.0,60925.0,181945.0,30.905,44255.94,28.4,14.76,10.212,43.44,2.77,0.0,0.0,1
20250609,181946,25.912975,-80.13792,-0.8,-0.1,146.0,0.0,52.7,-0.04,-0.04,-0.97,0.34,[b'Station Ke'],5.6,5.6,60925.0,181947.0,30.895,44234.63,28.39,14.76,10.212,43.49,2.77,0.0,0.0,1
20250609,181948,25.912971,-80.13791,-1.1,-0.1,146.0,0.0,52.8,-0.03,0.01,-0.98,0.11,[b'Station Ke'],2.9,-2.9,60925.0,181948.0,30.887,44239.41,28.39,14.76,10.212,43.54,2.78,0.0,0.0,1
20250609,181949,25.912962,-80.1379,-0.9,0.0,146.3,0.0,52.8,-0.02,0.02,-0.99,-4.11,[b'Station Ke'],0.0,0.0,60925.0,181949.0,30.88,44269.73,28.41,14.76,10.212,43.63,2.78,0.0,0.0,1
20250609,181950,25.912958,-80.13789,-1.1,-0.0,121.3,0.0,52.8,-0.02,-0.01,-1.02,-2.6,[b'Waypoint'],7.5,-24.9,60925.0,181950.0,30.872,44301.74,28.43,14.76,10.211,43.8,2.79,0.0,0.0,1
20250609,181951,25.912956,-80.13789,-0.7,0.2,120.0,0.0,52.8,0.02,-0.07,-1.06,-4.79,[b'Waypoint'],14.8,-18.2,60925.0,181951.0,30.868,44318.34,28.45,14.76,10.211,43.94,2.8,0.0,0.0,1
20250609,181952,25.912952,-80.137886,-0.7,0.3,118.7,0.0,52.8,0.01,-0.01,-0.99,-5.51,[b'Waypoint'],17.0,-10.9,60925.0,181952.0,30.864,44340.58,28.46,14.76,10.211,44.19,2.82,0.0,0.0,1
20250609,181953,25.91295,-80.137886,-0.9,0.3,117.6,0.0,52.8,-0.03,0.03,-1.04,-3.58,[b'Waypoint'],19.0,-10.6,60925.0,181953.0,30.862,44344.8,28.47,14.76,10.211,44.39,2.83,0.0,0.0,1
20250609,181954,25.912949,-80.13788,-0.8,0.0,116.9,0.0,52.8,-0.01,-0.06,-0.99,-4.17,[b'Waypoint'],20.0,-5.4,60925.0,181955.0,30.86,44354.36,28.47,14.76,10.211,44.69,2.85,0.0,0.0,1
20250609,181955,25.912945,-80.13787,-0.7,-0.0,114.4,0.0,52.8,0.03,-0.08,-1.06,-4.12,[b'Waypoint'],21.0,-6.0,60925.0,181956.0,30.86,44347.83,28.47,14.76,10.21,45.0,2.87,0.0,0.0,1
20250609,181957,25.912941,-80.137856,-1.1,0.4,115.9,0.0,52.8,-0.01,-0.01,-1.03,0.4,[b'Station Ke'],16.3,1.2,60925.0,181957.0,30.861,44378.08,28.49,14.76,10.211,48.88,3.12,0.0,0.0,1
20250609,181958,25.91294,-80.13785,-1.4,0.4,0.0,0.0,52.8,-0.02,-0.01,-1.02,1.01,[b'Waypoint'],5.1,-5.1,60925.0,181958.0,30.863,44396.0,28.5,14.76,10.211,49.7,3.17,0.0,0.0,1
20250609,181959,25.912937,-80.13785,-1.1,-0.0,116.1,0.0,52.8,-0.03,0.0,-1.01,-1.05,[b'Station Ke'],-0.4,-5.2,60925.0,181959.0,30.867,44408.77,28.51,14.76,10.21,50.29,3.21,0.0,0.0,1
20250609,182000,25.912935,-80.13784,-0.6,-0.4,0.0,0.0,52.8,-0.05,0.05,-0.94,-0.68,[b'Waypoint'],-0.7,-27.3,60925.0,182000.0,30.871,44411.33,28.51,14.76,10.21,50.87,3.24,0.0,0.0,1
20250609,182001,25.912935,-80.13783,-0.9,-0.3,167.0,0.0,52.8,-0.02,0.01,-0.97,-2.09,[b'Waypoint'],0.0,0.0,60925.0,182001.0,30.874,44411.54,28.51,14.76,10.21,51.38,3.27,0.0,0.0,1
20250609,182002,25.912933,-80.13783,-1.1,-0.3,168.1,0.0,52.8,-0.0,0.02,-0.99,-1.01,[b'Waypoint'],-0.3,32.3,60925.0,182003.0,30.879,44427.59,28.52,14.76,10.21,52.01,3.31,0.0,0.0,1
20250609,182003,25.912933,-80.137825,-1.1,-0.4,169.0,0.0,52.8,0.02,0.05,-1.13,5.99,[b'Waypoint'],-4.3,74.3,60925.0,182004.0,30.883,44442.02,28.53,14.76,10.209,52.55,3.35,0.0,0.0,1
20250609,182004,25.912931,-80.137825,-1.7,-0.9,170.0,0.0,52.8,0.07,-0.23,-1.07,15.61,[b'Waypoint'],-7.9,49.3,60925.0,182005.0,30.888,44460.39,28.55,14.76,10.209,53.08,3.38,0.0,0.0,1
20250609,182006,25.912928,-80.13782,-1.2,-0.7,171.3,0.0,52.8,-0.03,0.02,-1.02,7.34,[b'Waypoint'],11.0,4.2,60925.0,182006.0,30.891,44478.39,28.56,14.76,10.209,53.48,3.41,0.0,0.0,1
20250609,182007,25.912926,-80.13782,-1.1,-0.2,171.5,0.0,52.8,-0.02,-0.01,-1.02,6.54,[b'Waypoint'],15.0,3.1,60925.0,182007.0,30.896,44498.19,28.57,14.76,10.209,53.84,3.43,0.0,0.0,1
20250609,182008,25.912922,-80.13782,-0.8,-0.2,171.8,0.0,52.8,-0.01,-0.0,-1.02,6.54,[b'Waypoint'],18.0,0.4,60925.0,182008.0,30.899,44507.99,28.58,14.76,10.209,54.11,3.45,0.0,0.0,1
20250609,182009,25.91292,-80.13782,-1.0,-0.2,177.0,0.0,52.8,-0.02,0.01,-0.98,3.34,[b'Waypoint'],18.0,8.2,60925.0,182009.0,30.904,44569.74,28.63,14.76,10.208,54.4,3.46,0.0,0.0,1
20250609,182010,25.912916,-80.13781,-1.2,-0.2,171.1,0.0,52.8,-0.02,0.0,-1.04,2.74,[b'Waypoint'],23.0,-1.7,60925.0,182010.0,30.906,44576.88,28.63,14.76,10.208,54.68,3.48,0.0,0.0,1
20250609,182011,25.912912,-80.13781,-1.3,-0.3,174.5,0.0,52.8,-0.02,0.05,-1.05,1.02,[b'Waypoint'],22.0,7.1,60925.0,182012.0,30.91,44579.77,28.63,14.76,10.208,54.98,3.5,0.0,0.0,1
20250609,182012,25.912907,-80.13781,-1.2,-0.4,173.0,0.0,52.8,-0.03,0.02,-1.01,0.46,[b'Waypoint'],24.0,4.2,60925.0,182013.0,30.911,44601.36,28.65,14.76,10.207,55.19,3.51,0.0,0.0,1
20250609,182013,25.9129,-80.13781,-1.0,-0.3,174.7,0.0,52.8,0.03,0.0,-1.03,0.04,[b'Waypoint'],23.0,7.2,60925.0,182014.0,30.914,44596.54,28.64,14.76,10.208,55.89,3.56,0.0,0.0,1
20250609,182014,25.912895,-80.13781,-0.5,-0.2,170.3,0.0,52.8,0.01,-0.01,-0.96,-0.28,[b'Waypoint'],23.5,-3.1,60925.0,182015.0,30.917,44591.49,28.64,14.76,10.208,56.31,3.58,0.0,0.0,1
20250609,182016,25.912882,-80.1378,-0.7,-0.4,169.0,0.0,52.8,-0.15,0.02,-0.97,0.0,[b'Waypoint'],22.0,-5.8,60925.0,182016.0,30.92,44574.8,28.63,14.76,10.208,56.83,3.62,0.0,0.0,1
20250609,182017,25.912876,-80.1378,-0.5,-0.4,170.5,0.0,52.8,-0.01,0.02,-0.97,-0.52,[b'Waypoint'],23.0,0.2,60925.0,182017.0,30.922,44554.3,28.61,14.76,10.208,57.16,3.64,0.0,0.0,1
20250609,182018,25.91287,-80.1378,-1.5,-0.5,166.9,0.0,52.8,0.07,-0.05,-1.07,0.9,[b'Waypoint'],21.0,-11.7,60925.0,182018.0,30.923,44523.63,28.59,14.76,10.208,57.59,3.67,0.0,0.0,1
20250609,182019,25.912863,-80.137794,-1.8,-0.3,176.3,0.0,52.8,-0.07,0.02,-1.06,-0.64,[b'Waypoint'],21.3,8.5,60925.0,182020.0,30.923,44509.98,28.58,14.76,10.208,57.87,3.68,0.0,0.0,1
20250609,182020,25.912857,-80.137794,-1.9,-0.6,177.5,0.0,52.8,-0.06,0.04,-1.09,1.01,[b'Waypoint'],22.0,12.9,60925.0,182021.0,30.922,44487.77,28.57,14.76,10.208,58.18,3.7,0.0,0.0,1
20250609,182021,25.91285,-80.137794,-0.7,-0.3,170.3,0.0,52.8,0.0,-0.04,-0.97,-1.57,[b'Waypoint'],23.0,4.5,60925.0,182022.0,30.919,44470.52,28.55,14.76,10.209,58.37,3.72,0.0,0.0,1
20250609,182022,25.912844,-80.137794,-0.8,-0.4,172.4,0.0,52.8,-0.02,-0.04,-0.97,0.01,[b'Waypoint'],24.0,2.8,60925.0,182023.0,30.916,44444.36,28.53,14.76,10.209,58.45,3.72,0.0,0.0,1
20250609,182023,25.912836,-80.13779,-1.0,-0.3,174.2,0.0,52.8,-0.01,-0.01,-1.01,-0.09,[b'Waypoint'],24.0,6.2,60925.0,182024.0,30.912,44437.54,28.53,14.76,10.209,58.44,3.72,0.0,0.0,1
20250609,182025,25.91282,-80.13779,-0.9,-0.2,171.4,0.0,52.8,0.01,0.02,-1.03,-0.75,[b'Waypoint'],24.0,3.7,60925.0,182025.0,30.908,44428.88,28.52,14.76,10.209,58.33,3.72,0.0,0.0,1
20250609,182026,25.912815,-80.13779,-0.9,-0.3,167.5,0.0,52.8,-0.01,0.03,-1.01,0.74,[b'Waypoint'],22.0,-9.5,60925.0,182026.0,30.903,44425.09,28.52,14.76,10.209,58.18,3.71,0.0,0.0,1
20250609,182027,25.912807,-80.13778,-0.6,-0.2,172.5,0.0,52.8,0.01,-0.02,-0.96,-0.52,[b'Waypoint'],24.1,2.7,60925.0,182027.0,30.895,44421.8,28.52,14.76,10.209,57.94,3.69,0.0,0.0,1
20250609,182028,25.9128,-80.13778,-0.5,-0.5,177.5,0.0,52.8,-0.01,0.01,-0.98,2.11,[b'Waypoint'],23.8,8.3,60925.0,182029.0,30.883,44419.64,28.52,14.76,10.209,57.63,3.67,0.0,0.0,1
20250609,182029,25.912794,-80.13778,-0.2,-0.1,171.4,0.0,52.8,-0.12,-0.03,-0.96,-0.53,[b'Waypoint'],23.0,0.1,60925.0,182030.0,30.873,44415.72,28.52,14.76,10.209,57.3,3.65,0.0,0.0,1
20250609,182030,25.912786,-80.13777,-0.9,-0.4,175.6,0.0,52.8,-0.02,0.03,-0.99,0.74,[b'Waypoint'],24.0,4.3,60925.0,182031.0,30.857,44413.39,28.51,14.76,10.209,56.88,3.63,0.0,0.0,1
20250609,182031,25.912779,-80.13777,-1.4,-0.5,174.0,0.0,52.8,-0.04,0.01,-1.0,-0.31,[b'Station Ke'],1.7,1.7,60925.0,182032.0,30.847,44421.98,28.52,14.76,10.209,56.46,3.6,0.0,0.0,1
20250609,182033,25.912773,-80.13777,-1.5,-0.5,174.0,0.0,52.8,-0.03,0.01,-1.02,-0.16,[b'Station Ke'],-0.2,2.6,60925.0,182033.0,30.83,44436.17,28.53,14.76,10.209,55.98,3.57,0.0,0.0,1
20250609,182034,25.912764,-80.13777,-1.1,-0.0,174.2,0.0,52.8,-0.04,-0.05,-0.99,-5.33,[b'Station Ke'],-0.7,-21.6,60925.0,182034.0,30.818,44443.77,28.54,14.76,10.209,55.57,3.54,0.0,0.0,1
20250609,182035,25.912758,-80.137764,-1.6,-0.2,0.0,0.0,52.8,-0.02,0.01,-1.03,-3.59,[b'Waypoint'],-0.9,-27.0,60925.0,182035.0,30.801,44468.69,28.56,14.76,10.209,55.16,3.52,0.0,0.0,1
20250609,182036,25.912754,-80.137764,-1.4,-0.1,239.1,0.0,52.8,-0.02,-0.04,-1.05,-3.95,[b'Waypoint'],0.0,0.0,60925.0,182037.0,30.782,44499.56,28.58,14.76,10.208,54.81,3.5,0.0,0.0,1
20250609,182037,25.91275,-80.137764,-0.8,-0.3,241.7,0.0,52.8,-0.01,-0.01,-0.99,-2.61,[b'Waypoint'],-0.2,32.4,60925.0,182038.0,30.768,44512.76,28.59,14.76,10.208,54.54,3.48,0.0,0.0,1
20250609,182038,25.912746,-80.13776,-0.2,-0.5,243.7,0.0,52.8,0.12,0.02,-1.0,4.16,[b'Waypoint'],-4.3,74.3,60925.0,182039.0,30.749,44531.45,28.6,14.76,10.208,54.27,3.46,0.0,0.0,1
